{
"type": "FeatureCollection",
"name": "secoes_madeira_linha",
"crs": { "type": "name", "properties": { "name": "urn:ogc:def:crs:OGC:1.3:CRS84" } },
"features": [
{ "type": "Feature", "properties": { "sword_node_id": 62265300070161, "sword_reach_id": 62265300071, "sword_width": 582.0, "sword_dist_out": 2527133.9241236309, "file": "62265300070161_2527133.txt" }, "geometry": { "type": "MultiLineString", "coordinates": [ [ [ -63.933182107912359, -8.742350322887363 ], [ -63.925343482921313, -8.741551236680264 ], [ -63.920772089271331, -8.740940213675399 ], [ -63.914324888895649, -8.740429381902539 ], [ -63.909459321252172, -8.737521717101256 ], [ -63.907718217836525, -8.73364934269383 ] ] ] } },
{ "type": "Feature", "properties": { "sword_node_id": 62265300060481, "sword_reach_id": 62265300061, "sword_width": 764.0, "sword_dist_out": 2522369.7494633151, "file": "62265300060481_2522369.txt" }, "geometry": { "type": "MultiLineString", "coordinates": [ [ [ -63.938567670673365, -8.696184312879112 ], [ -63.935716527212257, -8.696268008488536 ], [ -63.916074798903267, -8.698525003073547 ], [ -63.914196869759799, -8.697668061866461 ] ] ] } },
{ "type": "Feature", "properties": { "sword_node_id": 62265300060241, "sword_reach_id": 62265300061, "sword_width": 811.0, "sword_dist_out": 2517598.9900142513, "file": "62265300060241_2517598.txt" }, "geometry": { "type": "MultiLineString", "coordinates": [ [ [ -63.933875064121089, -8.654231304713422 ], [ -63.92100571249744, -8.653494207939323 ], [ -63.895297901150158, -8.665079681310274 ] ] ] } },
{ "type": "Feature", "properties": { "sword_node_id": 62265300050431, "sword_reach_id": 62265300051, "sword_width": 728.0, "sword_dist_out": 2512427.324019786, "file": "62265300050431_2512427.txt" }, "geometry": { "type": "MultiLineString", "coordinates": [ [ [ -63.872322369815819, -8.623954254771748 ], [ -63.879112287250734, -8.627958942439662 ], [ -63.880632444311999, -8.630252698743369 ], [ -63.880422360737022, -8.632981155488476 ], [ -63.879878559454106, -8.647340160482784 ], [ -63.878308976644327, -8.654881585472401 ] ] ] } },
{ "type": "Feature", "properties": { "sword_node_id": 62265300050361, "sword_reach_id": 62265300051, "sword_width": 1110.0, "sword_dist_out": 2511023.4851753181, "file": "62265300050361_2511023.txt" }, "geometry": { "type": "MultiLineString", "coordinates": [ [ [ -63.868060352001223, -8.625041226492357 ], [ -63.867294529518766, -8.658185550408987 ] ] ] } },
{ "type": "Feature", "properties": { "sword_node_id": 62265300050341, "sword_reach_id": 62265300051, "sword_width": 1218.0, "sword_dist_out": 2510626.3068067553, "file": "62265300050341_2510626.txt" }, "geometry": { "type": "MultiLineString", "coordinates": [ [ [ -63.863629283016238, -8.629507537698959 ], [ -63.86140407023349, -8.655536093677584 ] ] ] } },
{ "type": "Feature", "properties": { "sword_node_id": 62265300050281, "sword_reach_id": 62265300051, "sword_width": 1230.0, "sword_dist_out": 2509438.9295424782, "file": "62265300050281_2509438.txt" }, "geometry": { "type": "MultiLineString", "coordinates": [ [ [ -63.854486318097379, -8.626955559101846 ], [ -63.852448089628204, -8.656214222467236 ] ] ] } },
{ "type": "Feature", "properties": { "sword_node_id": 62265300050221, "sword_reach_id": 62265300051, "sword_width": 1605.0, "sword_dist_out": 2508267.1930679791, "file": "62265300050221_2508267.txt" }, "geometry": { "type": "MultiLineString", "coordinates": [ [ [ -63.847797256530413, -8.624296355238535 ], [ -63.836375199931133, -8.646498292195226 ] ] ] } },
{ "type": "Feature", "properties": { "sword_node_id": 62265300050131, "sword_reach_id": 62265300051, "sword_width": 1342.0, "sword_dist_out": 2506457.3282246352, "file": "62265300050131_2506457.txt" }, "geometry": { "type": "MultiLineString", "coordinates": [ [ [ -63.835373013799725, -8.616570308727397 ], [ -63.820964226598946, -8.636720363954556 ] ] ] } },
{ "type": "Feature", "properties": { "sword_node_id": 62265300050081, "sword_reach_id": 62265300051, "sword_width": 1574.5, "sword_dist_out": 2505465.6170320841, "file": "62265300050081_2505465.txt" }, "geometry": { "type": "MultiLineString", "coordinates": [ [ [ -63.827160196561934, -8.610982370130492 ], [ -63.823864468004309, -8.615775439434669 ], [ -63.819682711253321, -8.627869019846106 ], [ -63.817700513630349, -8.628591147535543 ], [ -63.816442499932627, -8.63062787514688 ], [ -63.816931258275012, -8.634276156434463 ], [ -63.817594062906174, -8.634992643378968 ] ] ] } },
{ "type": "Feature", "properties": { "sword_node_id": 62265300050071, "sword_reach_id": 62265300051, "sword_width": 1585.0, "sword_dist_out": 2505263.6665061335, "file": "62265300050071_2505263.txt" }, "geometry": { "type": "MultiLineString", "coordinates": [ [ [ -63.825260753315362, -8.610346442970926 ], [ -63.821734774449858, -8.614302440774116 ], [ -63.818006368690014, -8.624791728852999 ], [ -63.815201704946809, -8.628817934315071 ], [ -63.815792978580028, -8.635421353048285 ] ] ] } },
{ "type": "Feature", "properties": { "sword_node_id": 62265300050051, "sword_reach_id": 62265300051, "sword_width": 1603.0, "sword_dist_out": 2504894.7614267389, "file": "62265300050051_2504894.txt" }, "geometry": { "type": "MultiLineString", "coordinates": [ [ [ -63.820060183999523, -8.607767031202771 ], [ -63.817666692123602, -8.612857252204815 ], [ -63.81540336722697, -8.622613537546977 ], [ -63.812895396204162, -8.630455932616094 ] ] ] } },
{ "type": "Feature", "properties": { "sword_node_id": 62265300050031, "sword_reach_id": 62265300051, "sword_width": 1623.0, "sword_dist_out": 2504490.8598373267, "file": "62265300050031_2504490.txt" }, "geometry": { "type": "MultiLineString", "coordinates": [ [ [ -63.816810256166001, -8.605919370972073 ], [ -63.816093677469119, -8.608134418335778 ], [ -63.809456034803105, -8.624420873597003 ] ] ] } },
{ "type": "Feature", "properties": { "sword_node_id": 62265300040441, "sword_reach_id": 62265300041, "sword_width": 1652.0, "sword_dist_out": 2503723.403033284, "file": "62265300040441_2503723.txt" }, "geometry": { "type": "MultiLineString", "coordinates": [ [ [ -63.820136048834904, -8.590448124024372 ], [ -63.810679240411844, -8.605352153694525 ], [ -63.806803122165647, -8.614334075825116 ], [ -63.804433330275032, -8.619364357513799 ], [ -63.804073719502647, -8.619867641766941 ] ] ] } },
{ "type": "Feature", "properties": { "sword_node_id": 62265300040381, "sword_reach_id": 62265300041, "sword_width": 1445.0, "sword_dist_out": 2502539.278553714, "file": "62265300040381_2502539.txt" }, "geometry": { "type": "MultiLineString", "coordinates": [ [ [ -63.81134281049912, -8.582210863861828 ], [ -63.800715216228511, -8.600706650340932 ], [ -63.795117141814806, -8.614214848406668 ] ] ] } },
{ "type": "Feature", "properties": { "sword_node_id": 62265300040331, "sword_reach_id": 62265300041, "sword_width": 1171.0, "sword_dist_out": 2501552.4421719611, "file": "62265300040331_2501552.txt" }, "geometry": { "type": "MultiLineString", "coordinates": [ [ [ -63.801243433265377, -8.581514071490435 ], [ -63.786366186295425, -8.611660735755319 ] ] ] } },
{ "type": "Feature", "properties": { "sword_node_id": 62265300040231, "sword_reach_id": 62265300041, "sword_width": 1044.0, "sword_dist_out": 2499566.0258461698, "file": "62265300040231_2499566.txt" }, "geometry": { "type": "MultiLineString", "coordinates": [ [ [ -63.784157979539373, -8.574130809597007 ], [ -63.778182240614996, -8.587040834609875 ], [ -63.776890197974666, -8.590130443583078 ], [ -63.770511917205127, -8.604578059584592 ] ] ] } },
{ "type": "Feature", "properties": { "sword_node_id": 62265300040181, "sword_reach_id": 62265300041, "sword_width": 966.0, "sword_dist_out": 2498579.3824983709, "file": "62265300040181_2498579.txt" }, "geometry": { "type": "MultiLineString", "coordinates": [ [ [ -63.774538917733729, -8.573073364237946 ], [ -63.767153547440323, -8.590580694116523 ], [ -63.762338051990582, -8.59920516773734 ] ] ] } },
{ "type": "Feature", "properties": { "sword_node_id": 62265300040131, "sword_reach_id": 62265300041, "sword_width": 938.5, "sword_dist_out": 2497584.3661365686, "file": "62265300040131_2497584.txt" }, "geometry": { "type": "MultiLineString", "coordinates": [ [ [ -63.765599128638137, -8.57034584434999 ], [ -63.759316409431513, -8.585792734768827 ], [ -63.754462770933529, -8.595944930582988 ], [ -63.752145979313482, -8.600690057599083 ] ] ] } },
{ "type": "Feature", "properties": { "sword_node_id": 62265300030331, "sword_reach_id": 62265300031, "sword_width": 1264.0, "sword_dist_out": 2492645.6309939181, "file": "62265300030331_2492645.txt" }, "geometry": { "type": "MultiLineString", "coordinates": [ [ [ -63.718772786400095, -8.562244446627963 ], [ -63.71347783857528, -8.575757817670313 ], [ -63.711243668842329, -8.585949681358478 ] ] ] } },
{ "type": "Feature", "properties": { "sword_node_id": 62265300030281, "sword_reach_id": 62265300031, "sword_width": 1414.5, "sword_dist_out": 2491654.582259662, "file": "62265300030281_2491654.txt" }, "geometry": { "type": "MultiLineString", "coordinates": [ [ [ -63.710829798985259, -8.5573054910928 ], [ -63.706954681594276, -8.567937802104707 ], [ -63.705231183210387, -8.572033093099492 ], [ -63.704369751803604, -8.574260215871936 ], [ -63.703963829814903, -8.588834717373397 ] ] ] } },
{ "type": "Feature", "properties": { "sword_node_id": 62265300030221, "sword_reach_id": 62265300031, "sword_width": 1768.0, "sword_dist_out": 2490466.3146431581, "file": "62265300030221_2490466.txt" }, "geometry": { "type": "MultiLineString", "coordinates": [ [ [ -63.702327664984367, -8.552157976257222 ], [ -63.698391873320055, -8.555994010776185 ], [ -63.69717622451968, -8.574949314294388 ], [ -63.697762193566767, -8.594398381550254 ] ] ] } },
{ "type": "Feature", "properties": { "sword_node_id": 62265300030161, "sword_reach_id": 62265300031, "sword_width": 2035.0, "sword_dist_out": 2489275.8774475632, "file": "62265300030161_2489275.txt" }, "geometry": { "type": "MultiLineString", "coordinates": [ [ [ -63.691740547149465, -8.547209020715409 ], [ -63.689058531047458, -8.553100767471321 ], [ -63.687606732879374, -8.56131159807472 ], [ -63.689066904781605, -8.571120599208848 ], [ -63.688624630503021, -8.59393621169551 ] ] ] } },
{ "type": "Feature", "properties": { "sword_node_id": 62265300030101, "sword_reach_id": 62265300031, "sword_width": 1634.0, "sword_dist_out": 2488098.0540942121, "file": "62265300030101_2488098.txt" }, "geometry": { "type": "MultiLineString", "coordinates": [ [ [ -63.685158260168734, -8.537944429906974 ], [ -63.678572797437447, -8.551037315878713 ], [ -63.677622142554959, -8.557260989735607 ], [ -63.674521802406773, -8.571505237979526 ], [ -63.674673625917883, -8.590849896919201 ] ] ] } },
{ "type": "Feature", "properties": { "sword_node_id": 62265300030051, "sword_reach_id": 62265300031, "sword_width": 1952.0, "sword_dist_out": 2487081.8370858999, "file": "62265300030051_2487081.txt" }, "geometry": { "type": "MultiLineString", "coordinates": [ [ [ -63.668805216068009, -8.533345478576306 ], [ -63.669528506978992, -8.534540773789933 ], [ -63.667260891804254, -8.543877721782165 ], [ -63.667279622838485, -8.554646575938825 ], [ -63.668036146450874, -8.574866826580916 ], [ -63.666380800678887, -8.592180521794257 ] ] ] } },
{ "type": "Feature", "properties": { "sword_node_id": 62265300020911, "sword_reach_id": 62265300021, "sword_width": 1938.0, "sword_dist_out": 2485286.8716210332, "file": "62265300020911_2485286.txt" }, "geometry": { "type": "MultiLineString", "coordinates": [ [ [ -63.647544910619018, -8.543991820923269 ], [ -63.652642858560561, -8.550439596014568 ], [ -63.653553077065105, -8.555523380312327 ], [ -63.652820890094517, -8.566742230367883 ], [ -63.65342629098032, -8.569283865607112 ], [ -63.65704397641008, -8.57585872046398 ], [ -63.655426182510283, -8.596352276616738 ] ] ] } },
{ "type": "Feature", "properties": { "sword_node_id": 62265300020851, "sword_reach_id": 62265300021, "sword_width": 1365.0, "sword_dist_out": 2484094.1778504192, "file": "62265300020851_2484094.txt" }, "geometry": { "type": "MultiLineString", "coordinates": [ [ [ -63.640698985842363, -8.552773810600954 ], [ -63.644761891479206, -8.566982046665448 ], [ -63.647514879201154, -8.574156720297182 ], [ -63.648401614804513, -8.586647165252588 ], [ -63.651743672312946, -8.60071288602416 ] ] ] } },
{ "type": "Feature", "properties": { "sword_node_id": 62265300020821, "sword_reach_id": 62265300021, "sword_width": 1260.0, "sword_dist_out": 2483506.7434859406, "file": "62265300020821_2483506.txt" }, "geometry": { "type": "MultiLineString", "coordinates": [ [ [ -63.641228576991438, -8.528925365489126 ], [ -63.628279086688934, -8.548617867641113 ], [ -63.635875919433616, -8.563868093579963 ], [ -63.63809639033537, -8.567664237918901 ], [ -63.640816958001167, -8.577082546946897 ], [ -63.642935072275883, -8.585604419396352 ], [ -63.644144822355678, -8.590089447026424 ], [ -63.644496463954482, -8.62030161417646 ] ] ] } },
{ "type": "Feature", "properties": { "sword_node_id": 62265300020771, "sword_reach_id": 62265300021, "sword_width": 1171.0, "sword_dist_out": 2482482.2471870161, "file": "62265300020771_2482482.txt" }, "geometry": { "type": "MultiLineString", "coordinates": [ [ [ -63.641019975893698, -8.526542181353172 ], [ -63.615332518790822, -8.560396670641136 ], [ -63.623875907922567, -8.568267587437546 ], [ -63.632420397870433, -8.576593166766605 ], [ -63.633418303700928, -8.627083151942646 ] ] ] } },
{ "type": "Feature", "properties": { "sword_node_id": 62265300020721, "sword_reach_id": 62265300021, "sword_width": 1198.0, "sword_dist_out": 2481477.2858330584, "file": "62265300020721_2481477.txt" }, "geometry": { "type": "MultiLineString", "coordinates": [ [ [ -63.640569551048586, -8.525554191951406 ], [ -63.610011143198719, -8.561690775945085 ], [ -63.612158578830083, -8.57093665095106 ], [ -63.620392068950913, -8.575472325651013 ], [ -63.625123442323343, -8.580923261387705 ], [ -63.62756634724218, -8.584255084607923 ], [ -63.628351010338065, -8.598203464797528 ] ] ] } },
{ "type": "Feature", "properties": { "sword_node_id": 62265300020511, "sword_reach_id": 62265300021, "sword_width": 1215.0, "sword_dist_out": 2477274.9979491164, "file": "62265300020511_2477274.txt" }, "geometry": { "type": "MultiLineString", "coordinates": [ [ [ -63.640551385441221, -8.51463708291401 ], [ -63.594317873409253, -8.559744055405028 ], [ -63.589182736544672, -8.58840958712811 ], [ -63.589045137415233, -8.597962346328414 ], [ -63.598815106721233, -8.610532352439762 ] ] ] } },
{ "type": "Feature", "properties": { "sword_node_id": 62265300020471, "sword_reach_id": 62265300021, "sword_width": 1533.0, "sword_dist_out": 2476470.7021762794, "file": "62265300020471_2476470.txt" }, "geometry": { "type": "MultiLineString", "coordinates": [ [ [ -63.639788564975703, -8.513880204904744 ], [ -63.593097577315135, -8.558684533728197 ], [ -63.578823391760949, -8.588425282004177 ], [ -63.581886906671507, -8.599337881399373 ], [ -63.594708713323598, -8.615087549379318 ] ] ] } },
{ "type": "Feature", "properties": { "sword_node_id": 62265300020421, "sword_reach_id": 62265300021, "sword_width": 1520.5, "sword_dist_out": 2475460.754907175, "file": "62265300020421_2475460.txt" }, "geometry": { "type": "MultiLineString", "coordinates": [ [ [ -63.639481927084155, -8.512667693140644 ], [ -63.592486376455753, -8.557472446666296 ], [ -63.573794688795509, -8.58752303117693 ], [ -63.576256455325037, -8.603591935542568 ], [ -63.581987372049987, -8.620397722865523 ] ] ] } },
{ "type": "Feature", "properties": { "sword_node_id": 62265300020331, "sword_reach_id": 62265300021, "sword_width": 1187.0, "sword_dist_out": 2473661.9329068577, "file": "62265300020331_2473661.txt" }, "geometry": { "type": "MultiLineString", "coordinates": [ [ [ -63.639174536923711, -8.511000301080802 ], [ -63.591722616521459, -8.55610896399973 ], [ -63.566175049772923, -8.585866385253416 ], [ -63.564374522346611, -8.604519315243314 ], [ -63.563483531511075, -8.620138332173994 ] ] ] } },
{ "type": "Feature", "properties": { "sword_node_id": 62265300020251, "sword_reach_id": 62265300021, "sword_width": 826.0, "sword_dist_out": 2472060.3019427974, "file": "62265300020251_2472060.txt" }, "geometry": { "type": "MultiLineString", "coordinates": [ [ [ -63.638715342419324, -8.509636412171995 ], [ -63.586089408859749, -8.558088704053985 ], [ -63.55916239633406, -8.582540789011984 ], [ -63.554616156988885, -8.599074876449263 ], [ -63.545344819385619, -8.614402625157034 ] ] ] } },
{ "type": "Feature", "properties": { "sword_node_id": 62265300020171, "sword_reach_id": 62265300021, "sword_width": 784.5, "sword_dist_out": 2470468.2182412618, "file": "62265300020171_2470468.txt" }, "geometry": { "type": "MultiLineString", "coordinates": [ [ [ -63.638035983706011, -8.509242148061528 ], [ -63.53352838026219, -8.603258164655896 ] ] ] } },
{ "type": "Feature", "properties": { "sword_node_id": 62265300010891, "sword_reach_id": 62265300011, "sword_width": 1044.0, "sword_dist_out": 2465850.1254383009, "file": "62265300010891_2465850.txt" }, "geometry": { "type": "MultiLineString", "coordinates": [ [ [ -63.629719239535696, -8.508668663982954 ], [ -63.564113771310964, -8.566090784453614 ], [ -63.548022108809292, -8.569061802286713 ], [ -63.535211626469795, -8.558920597782837 ] ] ] } },
{ "type": "Feature", "properties": { "sword_node_id": 62265300010801, "sword_reach_id": 62265300011, "sword_width": 1260.0, "sword_dist_out": 2464057.539290335, "file": "62265300010801_2464057.txt" }, "geometry": { "type": "MultiLineString", "coordinates": [ [ [ -63.627344037855551, -8.505974223675167 ], [ -63.56813996240956, -8.557326040748098 ], [ -63.559483088763756, -8.556189955833961 ], [ -63.551650459836189, -8.549799759212274 ], [ -63.546161440782718, -8.546168440812464 ], [ -63.542045813368219, -8.544203040748473 ] ] ] } },
{ "type": "Feature", "properties": { "sword_node_id": 62265300010731, "sword_reach_id": 62265300011, "sword_width": 1729.0, "sword_dist_out": 2462626.6039927667, "file": "62265300010731_2462626.txt" }, "geometry": { "type": "MultiLineString", "coordinates": [ [ [ -63.626909006612848, -8.504539059302926 ], [ -63.578942466341573, -8.546397378201346 ], [ -63.564741571240667, -8.543564105965347 ], [ -63.548736706062243, -8.536157274783095 ] ] ] } },
{ "type": "Feature", "properties": { "sword_node_id": 62265300010671, "sword_reach_id": 62265300011, "sword_width": 2041.5, "sword_dist_out": 2461447.013846172, "file": "62265300010671_2461447.txt" }, "geometry": { "type": "MultiLineString", "coordinates": [ [ [ -63.626330214246337, -8.503391298104166 ], [ -63.594353069385846, -8.530866622557443 ], [ -63.578789558412247, -8.540654105966761 ], [ -63.564495410977301, -8.531341975883455 ], [ -63.559377612399309, -8.530332114058114 ], [ -63.550440486450519, -8.534508955709008 ], [ -63.54871036569542, -8.535085760287348 ] ] ] } },
{ "type": "Feature", "properties": { "sword_node_id": 62265300010631, "sword_reach_id": 62265300011, "sword_width": 1885.5, "sword_dist_out": 2460639.1688879817, "file": "62265300010631_2460639.txt" }, "geometry": { "type": "MultiLineString", "coordinates": [ [ [ -63.625030037509838, -8.502101108378096 ], [ -63.594061479139206, -8.528856847331006 ], [ -63.583536610280447, -8.53203174066055 ], [ -63.575877093604589, -8.522279223195955 ], [ -63.557563183958436, -8.525464886967372 ], [ -63.54603078638555, -8.530363283080199 ] ] ] } },
{ "type": "Feature", "properties": { "sword_node_id": 62265300010611, "sword_reach_id": 62265300011, "sword_width": 1812.0, "sword_dist_out": 2460253.0180339389, "file": "62265300010611_2460253.txt" }, "geometry": { "type": "MultiLineString", "coordinates": [ [ [ -63.624160407530333, -8.500192226862602 ], [ -63.594195562466361, -8.52601591216227 ], [ -63.590081806086459, -8.525264045407242 ], [ -63.585199095629179, -8.519661185128582 ], [ -63.578800682099192, -8.518912627460187 ], [ -63.557787429921433, -8.52334060858843 ], [ -63.545760521573875, -8.527754949956575 ] ] ] } },
{ "type": "Feature", "properties": { "sword_node_id": 62265300010591, "sword_reach_id": 62265300011, "sword_width": 1857.5, "sword_dist_out": 2459837.9798576264, "file": "62265300010591_2459837.txt" }, "geometry": { "type": "MultiLineString", "coordinates": [ [ [ -63.618892783764494, -8.500953030950408 ], [ -63.59972581413215, -8.516297469667956 ], [ -63.590585325612615, -8.515250069529175 ], [ -63.58068261672183, -8.513748704610189 ], [ -63.557236124344755, -8.520606332377234 ], [ -63.552363498771491, -8.521674696184425 ], [ -63.545968736419169, -8.523503290630631 ] ] ] } },
{ "type": "Feature", "properties": { "sword_node_id": 62265300010561, "sword_reach_id": 62265300011, "sword_width": 2083.0, "sword_dist_out": 2459250.8263228685, "file": "62265300010561_2459250.txt" }, "geometry": { "type": "MultiLineString", "coordinates": [ [ [ -63.619193993103686, -8.498829764296733 ], [ -63.607631084785403, -8.50673263258185 ], [ -63.598189724599642, -8.50796028934313 ], [ -63.58965868089345, -8.506911915863085 ], [ -63.584023867147067, -8.507375301058675 ], [ -63.579458178137571, -8.509808186740385 ], [ -63.556925130616136, -8.516209532519914 ], [ -63.549768252924643, -8.517584386618712 ], [ -63.545507267769686, -8.520319721563252 ] ] ] } },
{ "type": "Feature", "properties": { "sword_node_id": 62265300010531, "sword_reach_id": 62265300011, "sword_width": 1925.0, "sword_dist_out": 2458649.3186263489, "file": "62265300010531_2458649.txt" }, "geometry": { "type": "MultiLineString", "coordinates": [ [ [ -63.599730978869637, -8.497231263297561 ], [ -63.593451987463652, -8.49750519022756 ], [ -63.587514320337164, -8.499030477532747 ], [ -63.581578886044149, -8.502071961203219 ], [ -63.576557669715712, -8.505415263487164 ], [ -63.557679463472297, -8.511204688050098 ], [ -63.549913858002412, -8.512883670905588 ], [ -63.545653569205044, -8.516073892202494 ], [ -63.543826852517611, -8.516834599455017 ] ] ] } },
{ "type": "Feature", "properties": { "sword_node_id": 62265300010481, "sword_reach_id": 62265300011, "sword_width": 2015.5, "sword_dist_out": 2457640.9814016311, "file": "62265300010481_2457640.txt" }, "geometry": { "type": "MultiLineString", "coordinates": [ [ [ -63.597839989305932, -8.486895877327315 ], [ -63.582782021717513, -8.49191104051584 ], [ -63.571217143465198, -8.498903096505412 ], [ -63.56254132108986, -8.50285808461283 ], [ -63.550969003862598, -8.505149078843292 ], [ -63.543663838059629, -8.509253351991214 ], [ -63.54107643397078, -8.510621626489169 ] ] ] } },
{ "type": "Feature", "properties": { "sword_node_id": 62265300010461, "sword_reach_id": 62265300011, "sword_width": 2039.0, "sword_dist_out": 2457251.8103160206, "file": "62265300010461_2457251.txt" }, "geometry": { "type": "MultiLineString", "coordinates": [ [ [ -63.589853226424637, -8.475378630121689 ], [ -63.585301713109857, -8.486909262155482 ], [ -63.576476049383672, -8.492229420974429 ], [ -63.568411448490082, -8.497396655601044 ], [ -63.558056932872681, -8.499079551225833 ], [ -63.551207376312398, -8.502121896244176 ], [ -63.544355565417725, -8.503647833806419 ], [ -63.540246998390856, -8.506382892633356 ] ] ] } },
{ "type": "Feature", "properties": { "sword_node_id": 62265300010441, "sword_reach_id": 62265300011, "sword_width": 1866.0, "sword_dist_out": 2456838.2082465421, "file": "62265300010441_2456838.txt" }, "geometry": { "type": "MultiLineString", "coordinates": [ [ [ -63.580866478975203, -8.474633958108878 ], [ -63.575705485307637, -8.486165404017704 ], [ -63.57327358576967, -8.489504823868373 ], [ -63.565818441306511, -8.49482273617244 ], [ -63.55119957977292, -8.496663247268867 ], [ -63.54145697991536, -8.50031602490311 ] ] ] } },
{ "type": "Feature", "properties": { "sword_node_id": 62265300010421, "sword_reach_id": 62265300011, "sword_width": 1699.0, "sword_dist_out": 2456417.8035423118, "file": "62265300010421_2456417.txt" }, "geometry": { "type": "MultiLineString", "coordinates": [ [ [ -63.569592153737815, -8.471769612090728 ], [ -63.569757175307004, -8.480412233620905 ], [ -63.563070730204728, -8.490581098854603 ], [ -63.556221583720813, -8.493775149837848 ], [ -63.549520741738746, -8.494239546545337 ], [ -63.540082375190558, -8.497588599196066 ] ] ] } },
{ "type": "Feature", "properties": { "sword_node_id": 62265300010391, "sword_reach_id": 62265300011, "sword_width": 1954.0, "sword_dist_out": 2455828.1418259386, "file": "62265300010391_2455828.txt" }, "geometry": { "type": "MultiLineString", "coordinates": [ [ [ -63.561673998328573, -8.472690854350672 ], [ -63.561078438245985, -8.482092731570329 ], [ -63.55743303400412, -8.488921279860271 ], [ -63.549212462124203, -8.491662279597902 ], [ -63.541752236027691, -8.493643907387597 ] ] ] } },
{ "type": "Feature", "properties": { "sword_node_id": 62265300010331, "sword_reach_id": 62265300011, "sword_width": 1463.0, "sword_dist_out": 2454573.6827802835, "file": "62265300010331_2454573.txt" }, "geometry": { "type": "MultiLineString", "coordinates": [ [ [ -63.555426730233378, -8.470576974312554 ], [ -63.548591831050409, -8.483626784655732 ], [ -63.545400105863536, -8.488331780283689 ], [ -63.539770127298134, -8.492130360819598 ] ] ] } },
{ "type": "Feature", "properties": { "sword_node_id": 62265300010281, "sword_reach_id": 62265300011, "sword_width": 1410.0, "sword_dist_out": 2453614.9202471473, "file": "62265300010281_2453614.txt" }, "geometry": { "type": "MultiLineString", "coordinates": [ [ [ -63.546239555544396, -8.46806716823076 ], [ -63.53607264454034, -8.485886283090922 ] ] ] } },
{ "type": "Feature", "properties": { "sword_node_id": 62265300010251, "sword_reach_id": 62265300011, "sword_width": 1441.0, "sword_dist_out": 2453025.0880532288, "file": "62265300010251_2453025.txt" }, "geometry": { "type": "MultiLineString", "coordinates": [ [ [ -63.544364965617071, -8.460297721277698 ], [ -63.531432555915593, -8.484057922774003 ] ] ] } },
{ "type": "Feature", "properties": { "sword_node_id": 62265300010181, "sword_reach_id": 62265300011, "sword_width": 1363.0, "sword_dist_out": 2451638.97916506, "file": "62265300010181_2451638.txt" }, "geometry": { "type": "MultiLineString", "coordinates": [ [ [ -63.536482843156392, -8.452701818330175 ], [ -63.518687759148513, -8.476237763428744 ] ] ] } },
{ "type": "Feature", "properties": { "sword_node_id": 62265300010101, "sword_reach_id": 62265300011, "sword_width": 1403.0, "sword_dist_out": 2449999.0326219858, "file": "62265300010101_2449999.txt" }, "geometry": { "type": "MultiLineString", "coordinates": [ [ [ -63.526284063587497, -8.443725797031233 ], [ -63.508256885140717, -8.467031093208288 ] ] ] } },
{ "type": "Feature", "properties": { "sword_node_id": 62265100060871, "sword_reach_id": 62265100061, "sword_width": 956.0, "sword_dist_out": 2447611.3243189845, "file": "62265100060871_2447611.txt" }, "geometry": { "type": "MultiLineString", "coordinates": [ [ [ -63.50447764725449, -8.435794392449061 ], [ -63.493526721349944, -8.449183407837877 ] ] ] } },
{ "type": "Feature", "properties": { "sword_node_id": 62265100060611, "sword_reach_id": 62265100061, "sword_width": 1089.0, "sword_dist_out": 2442424.5502393073, "file": "62265100060611_2442424.txt" }, "geometry": { "type": "MultiLineString", "coordinates": [ [ [ -63.466085191118118, -8.410202204949703 ], [ -63.456186446135021, -8.423077177771534 ] ] ] } },
{ "type": "Feature", "properties": { "sword_node_id": 62265100060361, "sword_reach_id": 62265100061, "sword_width": 1281.0, "sword_dist_out": 2437464.5438652458, "file": "62265100060361_2437464.txt" }, "geometry": { "type": "MultiLineString", "coordinates": [ [ [ -63.434658499953812, -8.380622401981933 ], [ -63.418601995151668, -8.394400656513815 ] ] ] } },
{ "type": "Feature", "properties": { "sword_node_id": 62265100060111, "sword_reach_id": 62265100061, "sword_width": 1292.0, "sword_dist_out": 2432492.3227210427, "file": "62265100060111_2432492.txt" }, "geometry": { "type": "MultiLineString", "coordinates": [ [ [ -63.420348949081244, -8.342645804702652 ], [ -63.401733139548284, -8.349545582495068 ] ] ] } },
{ "type": "Feature", "properties": { "sword_node_id": 62265100050971, "sword_reach_id": 62265100051, "sword_width": 1506.0, "sword_dist_out": 2429697.1878297301, "file": "62265100050971_2429697.txt" }, "geometry": { "type": "MultiLineString", "coordinates": [ [ [ -63.413147662242665, -8.317011485524535 ], [ -63.388648129528548, -8.326130406759313 ] ] ] } },
{ "type": "Feature", "properties": { "sword_node_id": 62265100050911, "sword_reach_id": 62265100051, "sword_width": 1535.0, "sword_dist_out": 2428499.3151213056, "file": "62265100050911_2428499.txt" }, "geometry": { "type": "MultiLineString", "coordinates": [ [ [ -63.409798269673296, -8.306309968049804 ], [ -63.385931087242376, -8.316504995356535 ] ] ] } },
{ "type": "Feature", "properties": { "sword_node_id": 62265100050871, "sword_reach_id": 62265100051, "sword_width": 1674.0, "sword_dist_out": 2427683.9683372146, "file": "62265100050871_2427683.txt" }, "geometry": { "type": "MultiLineString", "coordinates": [ [ [ -63.405883675407026, -8.299803110474084 ], [ -63.381385465219729, -8.309400193719979 ] ] ] } },
{ "type": "Feature", "properties": { "sword_node_id": 62265100050811, "sword_reach_id": 62265100051, "sword_width": 1583.0, "sword_dist_out": 2426506.890205136, "file": "62265100050811_2426506.txt" }, "geometry": { "type": "MultiLineString", "coordinates": [ [ [ -63.398519654002911, -8.290615931878028 ], [ -63.376304936610332, -8.300808704089608 ] ] ] } },
{ "type": "Feature", "properties": { "sword_node_id": 62265100050761, "sword_reach_id": 62265100051, "sword_width": 1659.0, "sword_dist_out": 2425504.8172570015, "file": "62265100050761_2425504.txt" }, "geometry": { "type": "MultiLineString", "coordinates": [ [ [ -63.393107933814989, -8.284787828919093 ], [ -63.371343181925177, -8.29423199325594 ] ] ] } },
{ "type": "Feature", "properties": { "sword_node_id": 62265100050701, "sword_reach_id": 62265100051, "sword_width": 1936.5, "sword_dist_out": 2424306.6113392292, "file": "62265100050701_2424306.txt" }, "geometry": { "type": "MultiLineString", "coordinates": [ [ [ -63.387091643220707, -8.274772091303998 ], [ -63.363976631425025, -8.285114607610302 ] ] ] } },
{ "type": "Feature", "properties": { "sword_node_id": 62265100050661, "sword_reach_id": 62265100051, "sword_width": 1960.0, "sword_dist_out": 2423498.8563341657, "file": "62265100050661_2423498.txt" }, "geometry": { "type": "MultiLineString", "coordinates": [ [ [ -63.384466745849323, -8.265840592477067 ], [ -63.371982775707927, -8.27542530380147 ], [ -63.356851440964846, -8.280704207601017 ] ] ] } },
{ "type": "Feature", "properties": { "sword_node_id": 62265100050611, "sword_reach_id": 62265100051, "sword_width": 1610.0, "sword_dist_out": 2422509.2372859218, "file": "62265100050611_2422509.txt" }, "geometry": { "type": "MultiLineString", "coordinates": [ [ [ -63.378369592885406, -8.261318548435431 ], [ -63.36936536371833, -8.266711722913421 ], [ -63.355555952425725, -8.272258583363737 ] ] ] } },
{ "type": "Feature", "properties": { "sword_node_id": 62265100050571, "sword_reach_id": 62265100051, "sword_width": 1526.5, "sword_dist_out": 2421721.5934020476, "file": "62265100050571_2421721.txt" }, "geometry": { "type": "MultiLineString", "coordinates": [ [ [ -63.376767887083062, -8.254360427049232 ], [ -63.365001953510962, -8.260833042016159 ], [ -63.350830582169458, -8.264435562967172 ] ] ] } },
{ "type": "Feature", "properties": { "sword_node_id": 62265100050511, "sword_reach_id": 62265100051, "sword_width": 1157.0, "sword_dist_out": 2420520.8005676414, "file": "62265100050511_2420520.txt" }, "geometry": { "type": "MultiLineString", "coordinates": [ [ [ -63.373248071288806, -8.243972446895834 ], [ -63.363043226238759, -8.249665740176988 ], [ -63.350883859889407, -8.252817689248515 ] ] ] } },
{ "type": "Feature", "properties": { "sword_node_id": 62265100050441, "sword_reach_id": 62265100051, "sword_width": 936.0, "sword_dist_out": 2419134.4904159065, "file": "62265100050441_2419134.txt" }, "geometry": { "type": "MultiLineString", "coordinates": [ [ [ -63.373238960378316, -8.234249956581687 ], [ -63.360685249057575, -8.236836889301195 ], [ -63.353479668910474, -8.238398901846953 ] ] ] } },
{ "type": "Feature", "properties": { "sword_node_id": 62265100050411, "sword_reach_id": 62265100051, "sword_width": 997.0, "sword_dist_out": 2418535.8055763994, "file": "62265100050411_2418535.txt" }, "geometry": { "type": "MultiLineString", "coordinates": [ [ [ -63.37068290022566, -8.23036332193942 ], [ -63.352218147768461, -8.233521057692698 ] ] ] } },
{ "type": "Feature", "properties": { "sword_node_id": 62265100050371, "sword_reach_id": 62265100051, "sword_width": 1026.0, "sword_dist_out": 2417741.2441910552, "file": "62265100050371_2417741.txt" }, "geometry": { "type": "MultiLineString", "coordinates": [ [ [ -63.369925945880382, -8.223633052337748 ], [ -63.349209113980564, -8.226493549533744 ] ] ] } },
{ "type": "Feature", "properties": { "sword_node_id": 62265100050121, "sword_reach_id": 62265100051, "sword_width": 1406.0, "sword_dist_out": 2412761.6146273497, "file": "62265100050121_2412761.txt" }, "geometry": { "type": "MultiLineString", "coordinates": [ [ [ -63.349220512929563, -8.175340743309876 ], [ -63.336264106656671, -8.192224112204748 ] ] ] } },
{ "type": "Feature", "properties": { "sword_node_id": 62265100040561, "sword_reach_id": 62265100041, "sword_width": 997.0, "sword_dist_out": 2409167.0847215834, "file": "62265100040561_2409167.txt" }, "geometry": { "type": "MultiLineString", "coordinates": [ [ [ -63.312076774607675, -8.165735535826816 ], [ -63.314490862509189, -8.181289809109956 ] ] ] } },
{ "type": "Feature", "properties": { "sword_node_id": 62265100040511, "sword_reach_id": 62265100041, "sword_width": 878.0, "sword_dist_out": 2408178.9943880909, "file": "62265100040511_2408178.txt" }, "geometry": { "type": "MultiLineString", "coordinates": [ [ [ -63.299798035405246, -8.167091022361678 ], [ -63.307454320967715, -8.178030845464869 ], [ -63.311792129399002, -8.195725462132852 ] ] ] } },
{ "type": "Feature", "properties": { "sword_node_id": 62265100040461, "sword_reach_id": 62265100041, "sword_width": 635.5, "sword_dist_out": 2407172.0914261742, "file": "62265100040461_2407172.txt" }, "geometry": { "type": "MultiLineString", "coordinates": [ [ [ -63.294099509596414, -8.175322024169695 ], [ -63.30203589302441, -8.186579783064719 ], [ -63.307989911008825, -8.199216019358763 ] ] ] } },
{ "type": "Feature", "properties": { "sword_node_id": 62265100040411, "sword_reach_id": 62265100041, "sword_width": 621.5, "sword_dist_out": 2406173.81699182, "file": "62265100040411_2406173.txt" }, "geometry": { "type": "MultiLineString", "coordinates": [ [ [ -63.286149822289865, -8.184900758276271 ], [ -63.29686498109939, -8.190293342959217 ], [ -63.304642836221056, -8.200886562850769 ] ] ] } },
{ "type": "Feature", "properties": { "sword_node_id": 62265100040361, "sword_reach_id": 62265100041, "sword_width": 900.0, "sword_dist_out": 2405153.3531608246, "file": "62265100040361_2405153.txt" }, "geometry": { "type": "MultiLineString", "coordinates": [ [ [ -63.282106620778983, -8.193155701181283 ], [ -63.295322085091335, -8.198650730113593 ], [ -63.299408886518265, -8.202955571559711 ] ] ] } },
{ "type": "Feature", "properties": { "sword_node_id": 62265100040311, "sword_reach_id": 62265100041, "sword_width": 1213.0, "sword_dist_out": 2404172.5117260907, "file": "62265100040311_2404172.txt" }, "geometry": { "type": "MultiLineString", "coordinates": [ [ [ -63.27655059862326, -8.197771208488255 ], [ -63.294727626505136, -8.212865744029878 ] ] ] } },
{ "type": "Feature", "properties": { "sword_node_id": 62265100040261, "sword_reach_id": 62265100041, "sword_width": 1484.0, "sword_dist_out": 2403128.5602198099, "file": "62265100040261_2403128.txt" }, "geometry": { "type": "MultiLineString", "coordinates": [ [ [ -63.269949048996317, -8.204057984359119 ], [ -63.28767463580887, -8.217657352958557 ] ] ] } },
{ "type": "Feature", "properties": { "sword_node_id": 62265100040201, "sword_reach_id": 62265100041, "sword_width": 1559.5, "sword_dist_out": 2401947.1574317729, "file": "62265100040201_2401947.txt" }, "geometry": { "type": "MultiLineString", "coordinates": [ [ [ -63.264541628161496, -8.205388505243461 ], [ -63.265988173926594, -8.213285304649546 ], [ -63.279208797845669, -8.225481950121386 ] ] ] } },
{ "type": "Feature", "properties": { "sword_node_id": 62265100040161, "sword_reach_id": 62265100041, "sword_width": 1386.5, "sword_dist_out": 2401139.282420482, "file": "62265100040161_2401139.txt" }, "geometry": { "type": "MultiLineString", "coordinates": [ [ [ -63.257790797349685, -8.208104571828851 ], [ -63.260798779975637, -8.216179883834574 ], [ -63.262752353147683, -8.218871028621315 ], [ -63.270565186055748, -8.227092666308817 ] ] ] } },
{ "type": "Feature", "properties": { "sword_node_id": 62265100040121, "sword_reach_id": 62265100041, "sword_width": 1126.0, "sword_dist_out": 2400344.785821198, "file": "62265100040121_2400344.txt" }, "geometry": { "type": "MultiLineString", "coordinates": [ [ [ -63.25153081489735, -8.209263236126452 ], [ -63.255495242475646, -8.220481872165626 ], [ -63.263571688355228, -8.234882150457311 ] ] ] } },
{ "type": "Feature", "properties": { "sword_node_id": 62265100040081, "sword_reach_id": 62265100041, "sword_width": 1102.5, "sword_dist_out": 2399553.1611316293, "file": "62265100040081_2399553.txt" }, "geometry": { "type": "MultiLineString", "coordinates": [ [ [ -63.244881236088283, -8.211552940884008 ], [ -63.246987871359551, -8.21918017373703 ], [ -63.248041266705783, -8.223068572529455 ], [ -63.25721011381841, -8.238918141527114 ] ] ] } },
{ "type": "Feature", "properties": { "sword_node_id": 62265100040031, "sword_reach_id": 62265100041, "sword_width": 1368.0, "sword_dist_out": 2398562.337972499, "file": "62265100040031_2398562.txt" }, "geometry": { "type": "MultiLineString", "coordinates": [ [ [ -63.237834975364912, -8.213214121737188 ], [ -63.239820543924466, -8.22473736107632 ], [ -63.239374119041216, -8.241720966301711 ] ] ] } },
{ "type": "Feature", "properties": { "sword_node_id": 62265100030991, "sword_reach_id": 62265100031, "sword_width": 1389.5, "sword_dist_out": 2397740.1336539667, "file": "62265100030991_2397740.txt" }, "geometry": { "type": "MultiLineString", "coordinates": [ [ [ -63.230770419446706, -8.215151171461345 ], [ -63.232578356226604, -8.225919813336784 ], [ -63.232579838881584, -8.228462652830212 ], [ -63.229732887928868, -8.238486074503445 ] ] ] } },
{ "type": "Feature", "properties": { "sword_node_id": 62265100030941, "sword_reach_id": 62265100031, "sword_width": 1243.0, "sword_dist_out": 2396767.8700146442, "file": "62265100030941_2396767.txt" }, "geometry": { "type": "MultiLineString", "coordinates": [ [ [ -63.224290376496128, -8.215951366585077 ], [ -63.221257380850403, -8.235969156873661 ] ] ] } },
{ "type": "Feature", "properties": { "sword_node_id": 62265100030911, "sword_reach_id": 62265100031, "sword_width": 1186.0, "sword_dist_out": 2396162.2851761873, "file": "62265100030911_2396162.txt" }, "geometry": { "type": "MultiLineString", "coordinates": [ [ [ -63.220712455450233, -8.217550078297123 ], [ -63.214114179649947, -8.232212392118353 ] ] ] } },
{ "type": "Feature", "properties": { "sword_node_id": 62265100030851, "sword_reach_id": 62265100031, "sword_width": 853.0, "sword_dist_out": 2394949.3318049535, "file": "62265100030851_2394949.txt" }, "geometry": { "type": "MultiLineString", "coordinates": [ [ [ -63.209902953369863, -8.218602916356287 ], [ -63.205704736611551, -8.229673942610686 ] ] ] } },
{ "type": "Feature", "properties": { "sword_node_id": 62265100030801, "sword_reach_id": 62265100031, "sword_width": 724.0, "sword_dist_out": 2393937.7619084935, "file": "62265100030801_2393937.txt" }, "geometry": { "type": "MultiLineString", "coordinates": [ [ [ -63.201129116651131, -8.214280242431602 ], [ -63.195611641685161, -8.229839204475359 ] ] ] } },
{ "type": "Feature", "properties": { "sword_node_id": 62265100030551, "sword_reach_id": 62265100031, "sword_width": 878.0, "sword_dist_out": 2388959.6152366223, "file": "62265100030551_2388959.txt" }, "geometry": { "type": "MultiLineString", "coordinates": [ [ [ -63.159013678813984, -8.201285116971491 ], [ -63.153538450170501, -8.213871743963299 ] ] ] } },
{ "type": "Feature", "properties": { "sword_node_id": 62265100030301, "sword_reach_id": 62265100031, "sword_width": 1045.5, "sword_dist_out": 2383941.7631299323, "file": "62265100030301_2383941.txt" }, "geometry": { "type": "MultiLineString", "coordinates": [ [ [ -63.115334911608713, -8.185404475519951 ], [ -63.111501065322827, -8.197498566414245 ] ] ] } },
{ "type": "Feature", "properties": { "sword_node_id": 62265100030041, "sword_reach_id": 62265100031, "sword_width": 1485.0, "sword_dist_out": 2378765.8347919928, "file": "62265100030041_2378765.txt" }, "geometry": { "type": "MultiLineString", "coordinates": [ [ [ -63.069479639490034, -8.170527409111589 ], [ -63.067209841264678, -8.189319903633299 ] ] ] } },
{ "type": "Feature", "properties": { "sword_node_id": 62265100020891, "sword_reach_id": 62265100021, "sword_width": 2046.0, "sword_dist_out": 2376152.5572579703, "file": "62265100020891_2376152.txt" }, "geometry": { "type": "MultiLineString", "coordinates": [ [ [ -63.050263220443554, -8.165105468603739 ], [ -63.042758604390905, -8.178568569375019 ], [ -63.039509755585932, -8.1847744083679 ] ] ] } },
{ "type": "Feature", "properties": { "sword_node_id": 62265100020601, "sword_reach_id": 62265100021, "sword_width": 1458.0, "sword_dist_out": 2370325.5956582534, "file": "62265100020601_2370325.txt" }, "geometry": { "type": "MultiLineString", "coordinates": [ [ [ -63.020330521581535, -8.129882584171057 ], [ -63.01372619717489, -8.134443655739174 ], [ -62.998354916769713, -8.148564302021006 ], [ -62.987786351363191, -8.164359831081351 ] ] ] } },
{ "type": "Feature", "properties": { "sword_node_id": 62265100020411, "sword_reach_id": 62265100021, "sword_width": 1176.0, "sword_dist_out": 2366483.2245487249, "file": "62265100020411_2366483.txt" }, "geometry": { "type": "MultiLineString", "coordinates": [ [ [ -62.991390429426701, -8.109074886413737 ], [ -62.96929439465783, -8.126066205199651 ], [ -62.955844096802885, -8.133005513865708 ] ] ] } },
{ "type": "Feature", "properties": { "sword_node_id": 62265100020231, "sword_reach_id": 62265100021, "sword_width": 1281.0, "sword_dist_out": 2362877.2847237103, "file": "62265100020231_2362877.txt" }, "geometry": { "type": "MultiLineString", "coordinates": [ [ [ -62.964493842702701, -8.093517010757566 ], [ -62.954407016394242, -8.097823941070436 ], [ -62.947682439762886, -8.09997710035516 ] ] ] } },
{ "type": "Feature", "properties": { "sword_node_id": 62265100020081, "sword_reach_id": 62265100021, "sword_width": 1010.5, "sword_dist_out": 2359885.4623707258, "file": "62265100020081_2359885.txt" }, "geometry": { "type": "MultiLineString", "coordinates": [ [ [ -62.949426016594252, -8.070247212778023 ], [ -62.942426580519182, -8.073733994251938 ], [ -62.938622476868119, -8.075704752587066 ], [ -62.936187649094698, -8.078130608871913 ] ] ] } },
{ "type": "Feature", "properties": { "sword_node_id": 62265100010131, "sword_reach_id": 62265100011, "sword_width": 1054.0, "sword_dist_out": 2355656.5908057336, "file": "62265100010131_2355656.txt" }, "geometry": { "type": "MultiLineString", "coordinates": [ [ [ -62.921283198603327, -8.043857511436348 ], [ -62.913064611321623, -8.057806682089442 ], [ -62.908803466544391, -8.062506576897263 ] ] ] } },
{ "type": "Feature", "properties": { "sword_node_id": 62265100010081, "sword_reach_id": 62265100011, "sword_width": 912.0, "sword_dist_out": 2354745.2123507946, "file": "62265100010081_2354745.txt" }, "geometry": { "type": "MultiLineString", "coordinates": [ [ [ -62.912764146032401, -8.039913164542341 ], [ -62.90652326616619, -8.053710980457485 ], [ -62.902109906682568, -8.058562410590991 ] ] ] } },
{ "type": "Feature", "properties": { "sword_node_id": 62263900250771, "sword_reach_id": 62263900251, "sword_width": 1115.586181640625, "sword_dist_out": 2353109.1539649782, "file": "62263900250771_2353109.txt" }, "geometry": { "type": "MultiLineString", "coordinates": [ [ [ -62.89724817148192, -8.030962849149462 ], [ -62.889637310710484, -8.045973180239011 ], [ -62.881585677060222, -8.060151343765861 ] ] ] } },
{ "type": "Feature", "properties": { "sword_node_id": 62263900250621, "sword_reach_id": 62263900251, "sword_width": 751.1856689453125, "sword_dist_out": 2350099.6912641479, "file": "62263900250621_2350099.txt" }, "geometry": { "type": "MultiLineString", "coordinates": [ [ [ -62.887873608647219, -8.015811430994694 ], [ -62.868964402839282, -8.01879747886195 ] ] ] } },
{ "type": "Feature", "properties": { "sword_node_id": 62263900250371, "sword_reach_id": 62263900251, "sword_width": 1085.0, "sword_dist_out": 2345086.8739029048, "file": "62263900250371_2345086.txt" }, "geometry": { "type": "MultiLineString", "coordinates": [ [ [ -62.878822265513527, -7.973068465135714 ], [ -62.863697007512577, -7.973781757397131 ] ] ] } },
{ "type": "Feature", "properties": { "sword_node_id": 62263900250121, "sword_reach_id": 62263900251, "sword_width": 1430.0, "sword_dist_out": 2340042.7867120067, "file": "62263900250121_2340042.txt" }, "geometry": { "type": "MultiLineString", "coordinates": [ [ [ -62.878412976299785, -7.930572178757838 ], [ -62.861683979625582, -7.924956277208607 ] ] ] } },
{ "type": "Feature", "properties": { "sword_node_id": 62263900240391, "sword_reach_id": 62263900241, "sword_width": 1475.0, "sword_dist_out": 2335029.9702150002, "file": "62263900240391_2335029.txt" }, "geometry": { "type": "MultiLineString", "coordinates": [ [ [ -62.895458176090493, -7.890392104915658 ], [ -62.878275188905249, -7.88174395418022 ] ] ] } },
{ "type": "Feature", "properties": { "sword_node_id": 62263900240141, "sword_reach_id": 62263900241, "sword_width": 1331.0, "sword_dist_out": 2330082.6158488304, "file": "62263900240141_2330082.txt" }, "geometry": { "type": "MultiLineString", "coordinates": [ [ [ -62.915997706470982, -7.849908648860704 ], [ -62.90003239698833, -7.841564909801655 ] ] ] } },
{ "type": "Feature", "properties": { "sword_node_id": 62263900230391, "sword_reach_id": 62263900231, "sword_width": 1499.0, "sword_dist_out": 2324869.725755767, "file": "62263900230391_2324869.txt" }, "geometry": { "type": "MultiLineString", "coordinates": [ [ [ -62.936077182008759, -7.808665794223439 ], [ -62.922849621579282, -7.802143014492055 ], [ -62.917096898307022, -7.800679437246779 ], [ -62.901595213173515, -7.796931002032673 ] ] ] } },
{ "type": "Feature", "properties": { "sword_node_id": 62263900230151, "sword_reach_id": 62263900231, "sword_width": 1300.0, "sword_dist_out": 2320001.2631395007, "file": "62263900230151_2320001.txt" }, "geometry": { "type": "MultiLineString", "coordinates": [ [ [ -62.947790894772005, -7.764236456637609 ], [ -62.935628399233671, -7.760292108526698 ], [ -62.929547413614145, -7.757258312647434 ] ] ] } },
{ "type": "Feature", "properties": { "sword_node_id": 62263900220411, "sword_reach_id": 62263900221, "sword_width": 1010.0, "sword_dist_out": 2314809.8990959013, "file": "62263900220411_2314809.txt" }, "geometry": { "type": "MultiLineString", "coordinates": [ [ [ -62.971239014941851, -7.707044941684703 ], [ -62.941258842489553, -7.716616109135922 ], [ -62.928800902395402, -7.726328462821445 ] ] ] } },
{ "type": "Feature", "properties": { "sword_node_id": 62263900220211, "sword_reach_id": 62263900221, "sword_width": 1485.0, "sword_dist_out": 2310835.3554749847, "file": "62263900220211_2310835.txt" }, "geometry": { "type": "MultiLineString", "coordinates": [ [ [ -62.964090841630053, -7.687131799659662 ], [ -62.934205500541843, -7.686273134836352 ], [ -62.923049379272612, -7.687555376473836 ], [ -62.915612057058965, -7.687075311652771 ] ] ] } },
{ "type": "Feature", "properties": { "sword_node_id": 62263900220101, "sword_reach_id": 62263900221, "sword_width": 2177.5, "sword_dist_out": 2308635.5656397603, "file": "62263900220101_2308635.txt" }, "geometry": { "type": "MultiLineString", "coordinates": [ [ [ -62.945363928713633, -7.6696087238882 ], [ -62.931689743317577, -7.666495423155459 ], [ -62.925691954241302, -7.667451767540563 ], [ -62.908177681725661, -7.672953074584038 ] ] ] } },
{ "type": "Feature", "properties": { "sword_node_id": 62263900220061, "sword_reach_id": 62263900221, "sword_width": 2024.5, "sword_dist_out": 2307847.527550641, "file": "62263900220061_2307847.txt" }, "geometry": { "type": "MultiLineString", "coordinates": [ [ [ -62.94680399299736, -7.664582881281201 ], [ -62.930011464055433, -7.660033124932323 ], [ -62.922814339489051, -7.660510564775605 ], [ -62.905540800918999, -7.663379134873933 ] ] ] } },
{ "type": "Feature", "properties": { "sword_node_id": 62263900220021, "sword_reach_id": 62263900221, "sword_width": 1832.5, "sword_dist_out": 2307057.1120266202, "file": "62263900220021_2307057.txt" }, "geometry": { "type": "MultiLineString", "coordinates": [ [ [ -62.946565103005057, -7.656445477856819 ], [ -62.938408869022275, -7.65405104487094 ], [ -62.931691878215531, -7.653092694519382 ], [ -62.927853318255274, -7.654288741626428 ], [ -62.916820094107706, -7.643516702932192 ], [ -62.905785326149605, -7.642317763018667 ], [ -62.89306960391076, -7.648298161265423 ] ] ] } },
{ "type": "Feature", "properties": { "sword_node_id": 62263900210401, "sword_reach_id": 62263900211, "sword_width": 1626.0, "sword_dist_out": 2304293.8612855165, "file": "62263900210401_2304293.txt" }, "geometry": { "type": "MultiLineString", "coordinates": [ [ [ -62.948246215630753, -7.641367600848702 ], [ -62.938650817995203, -7.639691001585616 ], [ -62.927617410258229, -7.630594574802207 ], [ -62.917302730929691, -7.628678047728705 ], [ -62.900510542009123, -7.630110519123916 ], [ -62.886836001374306, -7.634415178253999 ] ] ] } },
{ "type": "Feature", "properties": { "sword_node_id": 62263900210361, "sword_reach_id": 62263900211, "sword_width": 1228.0, "sword_dist_out": 2303495.438771693, "file": "62263900210361_2303495.txt" }, "geometry": { "type": "MultiLineString", "coordinates": [ [ [ -62.950645894532123, -7.634666508293575 ], [ -62.93721353746065, -7.625570043131908 ], [ -62.930977217150257, -7.621739735677592 ], [ -62.9060296069567, -7.6222137095882 ], [ -62.896914052612246, -7.62269030466086 ], [ -62.889956853895448, -7.625321272096547 ] ] ] } },
{ "type": "Feature", "properties": { "sword_node_id": 62263900210261, "sword_reach_id": 62263900211, "sword_width": 1457.0, "sword_dist_out": 2301499.9188443935, "file": "62263900210261_2301499.txt" }, "geometry": { "type": "MultiLineString", "coordinates": [ [ [ -62.951847764286136, -7.612887164560981 ], [ -62.940094516889225, -7.608338334322095 ], [ -62.902195107242562, -7.606416764796502 ], [ -62.89284066531426, -7.604260541486575 ] ] ] } },
{ "type": "Feature", "properties": { "sword_node_id": 62263900210141, "sword_reach_id": 62263900211, "sword_width": 1632.0, "sword_dist_out": 2299117.8167811828, "file": "62263900210141_2299117.txt" }, "geometry": { "type": "MultiLineString", "coordinates": [ [ [ -62.957366214974222, -7.599484974683464 ], [ -62.943934154369543, -7.595414749489406 ], [ -62.941535856206485, -7.592781746380662 ], [ -62.940097600384547, -7.586080163222284 ] ] ] } },
{ "type": "Feature", "properties": { "sword_node_id": 62263900210061, "sword_reach_id": 62263900211, "sword_width": 995.0, "sword_dist_out": 2297530.0394340097, "file": "62263900210061_2297530.txt" }, "geometry": { "type": "MultiLineString", "coordinates": [ [ [ -62.961205149694024, -7.587757905526775 ], [ -62.947054189488526, -7.580815687734775 ] ] ] } },
{ "type": "Feature", "properties": { "sword_node_id": 62263900200371, "sword_reach_id": 62263900201, "sword_width": 1590.0, "sword_dist_out": 2293507.1561940988, "file": "62263900200371_2293507.txt" }, "geometry": { "type": "MultiLineString", "coordinates": [ [ [ -62.98087505537039, -7.558560276682549 ], [ -62.967204464102558, -7.550900720690669 ], [ -62.963367413576449, -7.546113700206391 ] ] ] } },
{ "type": "Feature", "properties": { "sword_node_id": 62263900200171, "sword_reach_id": 62263900201, "sword_width": 1410.0, "sword_dist_out": 2289457.3206914472, "file": "62263900200171_2289457.txt" }, "geometry": { "type": "MultiLineString", "coordinates": [ [ [ -63.007497535121111, -7.539653100647923 ], [ -63.001741473966995, -7.532473082009268 ], [ -62.995745771662584, -7.52577165550198 ] ] ] } },
{ "type": "Feature", "properties": { "sword_node_id": 62263900190451, "sword_reach_id": 62263900191, "sword_width": 1173.0, "sword_dist_out": 2284667.0713605057, "file": "62263900190451_2284667.txt" }, "geometry": { "type": "MultiLineString", "coordinates": [ [ [ -63.043803689985189, -7.491640145278341 ], [ -63.028456071524488, -7.493364626129314 ], [ -63.00639359599726, -7.491833746804459 ] ] ] } },
{ "type": "Feature", "properties": { "sword_node_id": 62263900190201, "sword_reach_id": 62263900191, "sword_width": 1106.0, "sword_dist_out": 2279689.5229664179, "file": "62263900190201_2279689.txt" }, "geometry": { "type": "MultiLineString", "coordinates": [ [ [ -63.025192022252099, -7.447220715995382 ], [ -63.009845869217258, -7.448561609277188 ], [ -62.985867200349723, -7.454305578776935 ] ] ] } },
{ "type": "Feature", "properties": { "sword_node_id": 62263900180471, "sword_reach_id": 62263900181, "sword_width": 1270.0, "sword_dist_out": 2274749.0937434426, "file": "62263900180471_2274749.txt" }, "geometry": { "type": "MultiLineString", "coordinates": [ [ [ -63.007734965960175, -7.402991854631233 ], [ -62.994500119875269, -7.409884804091385 ], [ -62.986252170987065, -7.412182263965215 ], [ -62.976853258878336, -7.414479512142111 ] ] ] } },
{ "type": "Feature", "properties": { "sword_node_id": 62263900180161, "sword_reach_id": 62263900181, "sword_width": 1646.0, "sword_dist_out": 2268592.3940741913, "file": "62263900180161_2268592.txt" }, "geometry": { "type": "MultiLineString", "coordinates": [ [ [ -62.985698831715645, -7.357254075068181 ], [ -62.973712006574601, -7.358091215267917 ], [ -62.962922964228703, -7.369219659043099 ] ] ] } },
{ "type": "Feature", "properties": { "sword_node_id": 62263900180021, "sword_reach_id": 62263900181, "sword_width": 1772.0, "sword_dist_out": 2265809.2812320348, "file": "62263900180021_2265809.txt" }, "geometry": { "type": "MultiLineString", "coordinates": [ [ [ -62.981864082629947, -7.332123443113011 ], [ -62.970597035968147, -7.333798215341022 ], [ -62.956452965010129, -7.338105152471312 ], [ -62.945903899805394, -7.347677524825672 ] ] ] } },
{ "type": "Feature", "properties": { "sword_node_id": 62263900170401, "sword_reach_id": 62263900171, "sword_width": 1509.0, "sword_dist_out": 2263202.1455059224, "file": "62263900170401_2263202.txt" }, "geometry": { "type": "MultiLineString", "coordinates": [ [ [ -62.977550485022867, -7.304120667892551 ], [ -62.96796196299676, -7.30747082687023 ], [ -62.950582136628185, -7.315965767512468 ], [ -62.933082477209012, -7.319912587749386 ] ] ] } },
{ "type": "Feature", "properties": { "sword_node_id": 62263900170261, "sword_reach_id": 62263900171, "sword_width": 1741.5, "sword_dist_out": 2260355.2141044089, "file": "62263900170261_2260355.txt" }, "geometry": { "type": "MultiLineString", "coordinates": [ [ [ -62.959454677502094, -7.281023236492773 ], [ -62.953581466790318, -7.28772415313006 ], [ -62.941835926259145, -7.290235850103958 ], [ -62.930449826257963, -7.292627625968795 ] ] ] } },
{ "type": "Feature", "properties": { "sword_node_id": 62263900170101, "sword_reach_id": 62263900171, "sword_width": 1491.5, "sword_dist_out": 2257115.1802775282, "file": "62263900170101_2257115.txt" }, "geometry": { "type": "MultiLineString", "coordinates": [ [ [ -62.9387237428502, -7.261395133164334 ], [ -62.923862352769412, -7.267137012544442 ] ] ] } },
{ "type": "Feature", "properties": { "sword_node_id": 62263900160381, "sword_reach_id": 62263900161, "sword_width": 1395.0, "sword_dist_out": 2252485.9730208833, "file": "62263900160381_2252485.txt" }, "geometry": { "type": "MultiLineString", "coordinates": [ [ [ -62.921712890475114, -7.222380277052239 ], [ -62.909968262788084, -7.228002577222795 ], [ -62.906373068392007, -7.228959209546771 ] ] ] } },
{ "type": "Feature", "properties": { "sword_node_id": 62263900160131, "sword_reach_id": 62263900161, "sword_width": 1718.0, "sword_dist_out": 2247476.4614410852, "file": "62263900160131_2247476.txt" }, "geometry": { "type": "MultiLineString", "coordinates": [ [ [ -62.915848766273193, -7.180973534945209 ], [ -62.910576763254227, -7.180374189865209 ], [ -62.895957303386929, -7.186234922190293 ] ] ] } },
{ "type": "Feature", "properties": { "sword_node_id": 62263900150371, "sword_reach_id": 62263900151, "sword_width": 1154.0, "sword_dist_out": 2242048.7976529375, "file": "62263900150371_2242048.txt" }, "geometry": { "type": "MultiLineString", "coordinates": [ [ [ -62.892740665477142, -7.134630516390835 ], [ -62.874647303912546, -7.142883177341844 ] ] ] } },
{ "type": "Feature", "properties": { "sword_node_id": 62263900150211, "sword_reach_id": 62263900151, "sword_width": 1992.0, "sword_dist_out": 2238814.8219420961, "file": "62263900150211_2238814.txt" }, "geometry": { "type": "MultiLineString", "coordinates": [ [ [ -62.881209684912164, -7.108610493011021 ], [ -62.871340575057559, -7.113157231335876 ], [ -62.860408332138782, -7.118461663326627 ] ] ] } },
{ "type": "Feature", "properties": { "sword_node_id": 62263900150151, "sword_reach_id": 62263900151, "sword_width": 1502.0, "sword_dist_out": 2237599.1513009556, "file": "62263900150151_2237599.txt" }, "geometry": { "type": "MultiLineString", "coordinates": [ [ [ -62.878478922523279, -7.101482430520575 ], [ -62.867851832067984, -7.102692692001952 ], [ -62.857375005503386, -7.108755417038034 ] ] ] } },
{ "type": "Feature", "properties": { "sword_node_id": 62263900150111, "sword_reach_id": 62263900151, "sword_width": 1345.0, "sword_dist_out": 2236801.3608485963, "file": "62263900150111_2236801.txt" }, "geometry": { "type": "MultiLineString", "coordinates": [ [ [ -62.877265563180281, -7.097236027175946 ], [ -62.864817692460143, -7.095564465046443 ], [ -62.861325866644137, -7.096321664619412 ], [ -62.852823078192245, -7.101020064226097 ] ] ] } },
{ "type": "Feature", "properties": { "sword_node_id": 62263900150071, "sword_reach_id": 62263900151, "sword_width": 1484.0, "sword_dist_out": 2236007.0055811037, "file": "62263900150071_2236007.txt" }, "geometry": { "type": "MultiLineString", "coordinates": [ [ [ -62.874838948477645, -7.08859156238074 ], [ -62.86481946141938, -7.089498631425283 ], [ -62.857380563523151, -7.090709574811823 ], [ -62.850700030275412, -7.09389203699922 ] ] ] } },
{ "type": "Feature", "properties": { "sword_node_id": 62263900150031, "sword_reach_id": 62263900151, "sword_width": 1519.0, "sword_dist_out": 2235207.9384251735, "file": "62263900150031_2235207.txt" }, "geometry": { "type": "MultiLineString", "coordinates": [ [ [ -62.874840789098577, -7.081767495352165 ], [ -62.863910800934441, -7.082067718568541 ], [ -62.855409340675507, -7.083429966486535 ], [ -62.848121876825438, -7.086005622526624 ] ] ] } },
{ "type": "Feature", "properties": { "sword_node_id": 62263900140991, "sword_reach_id": 62263900141, "sword_width": 1957.5, "sword_dist_out": 2234389.8900737176, "file": "62263900140991_2234389.txt" }, "geometry": { "type": "MultiLineString", "coordinates": [ [ [ -62.876208926362686, -7.074640500107128 ], [ -62.863154014343884, -7.074485200222935 ], [ -62.85434922942185, -7.075392404980136 ], [ -62.847214387791887, -7.075845056035302 ] ] ] } },
{ "type": "Feature", "properties": { "sword_node_id": 62263900140961, "sword_reach_id": 62263900141, "sword_width": 2327.5, "sword_dist_out": 2233786.6799689964, "file": "62263900140961_2233786.txt" }, "geometry": { "type": "MultiLineString", "coordinates": [ [ [ -62.876665860676738, -7.068878071435245 ], [ -62.8627003556647, -7.068570874180511 ], [ -62.854047672365141, -7.068871537042454 ], [ -62.847520479140385, -7.068262863113185 ] ] ] } },
{ "type": "Feature", "properties": { "sword_node_id": 62263900140921, "sword_reach_id": 62263900141, "sword_width": 2517.0, "sword_dist_out": 2232995.6717510726, "file": "62263900140921_2232995.txt" }, "geometry": { "type": "MultiLineString", "coordinates": [ [ [ -62.878033730053161, -7.062509295661041 ], [ -62.862246661298066, -7.062808192123028 ], [ -62.854809179426418, -7.060834538987915 ], [ -62.849041130976104, -7.060074478380394 ] ] ] } },
{ "type": "Feature", "properties": { "sword_node_id": 62263900140891, "sword_reach_id": 62263900141, "sword_width": 2254.0, "sword_dist_out": 2232407.2823596317, "file": "62263900140891_2232407.txt" }, "geometry": { "type": "MultiLineString", "coordinates": [ [ [ -62.878793904058767, -7.057960109936089 ], [ -62.873178014548763, -7.055835571877546 ], [ -62.863007569288143, -7.056287636737096 ], [ -62.854962392925508, -7.056285206740225 ], [ -62.848739211777435, -7.054918418202071 ] ] ] } },
{ "type": "Feature", "properties": { "sword_node_id": 62263900140841, "sword_reach_id": 62263900141, "sword_width": 1656.0, "sword_dist_out": 2231400.3125998867, "file": "62263900140841_2231400.txt" }, "geometry": { "type": "MultiLineString", "coordinates": [ [ [ -62.878190640113395, -7.042946979283792 ], [ -62.873940066901532, -7.044462315712439 ], [ -62.867867571327764, -7.047341916060145 ], [ -62.859974067125854, -7.04824949477563 ], [ -62.847375089777984, -7.048700488462702 ] ] ] } },
{ "type": "Feature", "properties": { "sword_node_id": 62263900140791, "sword_reach_id": 62263900141, "sword_width": 1508.0, "sword_dist_out": 2230403.7363663944, "file": "62263900140791_2230403.txt" }, "geometry": { "type": "MultiLineString", "coordinates": [ [ [ -62.873790856825266, -7.034908562725442 ], [ -62.87014741751895, -7.036727321395662 ], [ -62.864834215556677, -7.038697217690641 ], [ -62.857396224867891, -7.039604887260299 ], [ -62.847074533756825, -7.039449982233578 ] ] ] } },
{ "type": "Feature", "properties": { "sword_node_id": 62263900140741, "sword_reach_id": 62263900141, "sword_width": 1301.0, "sword_dist_out": 2229395.1373543218, "file": "62263900140741_2229395.txt" }, "geometry": { "type": "MultiLineString", "coordinates": [ [ [ -62.86741825970779, -7.025959672329057 ], [ -62.862863569770603, -7.029749518043698 ], [ -62.859979431489037, -7.030355250569165 ], [ -62.846469914011827, -7.031715833765862 ] ] ] } },
{ "type": "Feature", "properties": { "sword_node_id": 62263900140671, "sword_reach_id": 62263900141, "sword_width": 976.5, "sword_dist_out": 2228002.7000038298, "file": "62263900140671_2228002.txt" }, "geometry": { "type": "MultiLineString", "coordinates": [ [ [ -62.858162026733112, -7.017009833973059 ], [ -62.84571342575267, -7.024284924171068 ] ] ] } },
{ "type": "Feature", "properties": { "sword_node_id": 62263900140411, "sword_reach_id": 62263900141, "sword_width": 1307.0, "sword_dist_out": 2222795.747752557, "file": "62263900140411_2222795.txt" }, "geometry": { "type": "MultiLineString", "coordinates": [ [ [ -62.812484721857885, -6.993640323258976 ], [ -62.813236056821715, -7.012596376465545 ] ] ] } },
{ "type": "Feature", "properties": { "sword_node_id": 62263900140171, "sword_reach_id": 62263900141, "sword_width": 1449.0, "sword_dist_out": 2217987.3921719035, "file": "62263900140171_2217987.txt" }, "geometry": { "type": "MultiLineString", "coordinates": [ [ [ -62.766033069654419, -7.010755489910596 ], [ -62.77604273540409, -7.02713809307619 ] ] ] } },
{ "type": "Feature", "properties": { "sword_node_id": 62263900140101, "sword_reach_id": 62263900141, "sword_width": 2459.0, "sword_dist_out": 2216595.2536893287, "file": "62263900140101_2216595.txt" }, "geometry": { "type": "MultiLineString", "coordinates": [ [ [ -62.760417901575522, -7.009387850743818 ], [ -62.758288059919884, -7.018940423686218 ], [ -62.766629231754251, -7.032744381683262 ] ] ] } },
{ "type": "Feature", "properties": { "sword_node_id": 62263900140051, "sword_reach_id": 62263900141, "sword_width": 2235.0, "sword_dist_out": 2215594.7624330954, "file": "62263900140051_2215594.txt" }, "geometry": { "type": "MultiLineString", "coordinates": [ [ [ -62.756016922337423, -7.008172423398775 ], [ -62.751153869755484, -7.019694921052482 ], [ -62.751607127046171, -7.02363793976292 ], [ -62.760404088262867, -7.036380726712105 ] ] ] } },
{ "type": "Feature", "properties": { "sword_node_id": 62263900140011, "sword_reach_id": 62263900141, "sword_width": 2116.0, "sword_dist_out": 2214811.4859955129, "file": "62263900140011_2214811.txt" }, "geometry": { "type": "MultiLineString", "coordinates": [ [ [ -62.748277729293946, -7.005287079473574 ], [ -62.744175335228299, -7.013322067217937 ], [ -62.744169869890811, -7.023330651052275 ], [ -62.744926723187717, -7.027122194357315 ], [ -62.752659989079845, -7.041835927199238 ] ] ] } },
{ "type": "Feature", "properties": { "sword_node_id": 62263900130921, "sword_reach_id": 62263900131, "sword_width": 1947.5, "sword_dist_out": 2213605.0746027716, "file": "62263900130921_2213605.txt" }, "geometry": { "type": "MultiLineString", "coordinates": [ [ [ -62.740702975068061, -6.999931739498044 ], [ -62.735828061714457, -7.010531666103091 ], [ -62.733448507786328, -7.023627689733874 ], [ -62.736553887922575, -7.051819951007788 ] ] ] } },
{ "type": "Feature", "properties": { "sword_node_id": 62263900130891, "sword_reach_id": 62263900131, "sword_width": 1630.0, "sword_dist_out": 2212990.0641694455, "file": "62263900130891_2212990.txt" }, "geometry": { "type": "MultiLineString", "coordinates": [ [ [ -62.737304628159187, -6.998178612944614 ], [ -62.733070125650741, -7.008738382407814 ], [ -62.726930668965558, -7.022465638955248 ], [ -62.723966208709271, -7.029857397631855 ], [ -62.720364415255005, -7.042107328746373 ], [ -62.713170502088808, -7.049918938535875 ] ] ] } },
{ "type": "Feature", "properties": { "sword_node_id": 62263900130851, "sword_reach_id": 62263900131, "sword_width": 1895.0, "sword_dist_out": 2212161.2521648328, "file": "62263900130851_2212161.txt" }, "geometry": { "type": "MultiLineString", "coordinates": [ [ [ -62.732345779696331, -6.996937793190374 ], [ -62.726874017873811, -7.010431068261195 ], [ -62.71988545081571, -7.021648682383479 ], [ -62.705460333173079, -7.030738530729743 ] ] ] } },
{ "type": "Feature", "properties": { "sword_node_id": 62263900130821, "sword_reach_id": 62263900131, "sword_width": 1829.0, "sword_dist_out": 2211587.0978148039, "file": "62263900130821_2211587.txt" }, "geometry": { "type": "MultiLineString", "coordinates": [ [ [ -62.728856785448741, -6.993751246880916 ], [ -62.723536118385667, -7.008306084896168 ], [ -62.714729164774411, -7.01451826475321 ], [ -62.700759820298515, -7.023153319088848 ] ] ] } },
{ "type": "Feature", "properties": { "sword_node_id": 62263900130781, "sword_reach_id": 62263900131, "sword_width": 2058.0, "sword_dist_out": 2210778.3325240291, "file": "62263900130781_2210778.txt" }, "geometry": { "type": "MultiLineString", "coordinates": [ [ [ -62.72263538437992, -6.991472946532238 ], [ -62.717012371714461, -7.003752852084933 ], [ -62.697274388484367, -7.01450733675436 ] ] ] } },
{ "type": "Feature", "properties": { "sword_node_id": 62263900130751, "sword_reach_id": 62263900131, "sword_width": 1760.0, "sword_dist_out": 2210181.7818222777, "file": "62263900130751_2210181.txt" }, "geometry": { "type": "MultiLineString", "coordinates": [ [ [ -62.718083818196973, -6.988740632652549 ], [ -62.714438332717833, -6.993591080292958 ], [ -62.713372400566975, -6.999352942865826 ], [ -62.704565682981041, -7.005261646148698 ], [ -62.695152714229174, -7.009501689915453 ] ] ] } },
{ "type": "Feature", "properties": { "sword_node_id": 62263900130671, "sword_reach_id": 62263900131, "sword_width": 2015.0, "sword_dist_out": 2208567.5438633296, "file": "62263900130671_2208567.txt" }, "geometry": { "type": "MultiLineString", "coordinates": [ [ [ -62.711256942180967, -6.984035502158973 ], [ -62.706853037057222, -6.988127200220699 ], [ -62.700628354087435, -6.9913078303575 ], [ -62.688937217818811, -6.998275912923052 ] ] ] } },
{ "type": "Feature", "properties": { "sword_node_id": 62263900130571, "sword_reach_id": 62263900131, "sword_width": 1597.0, "sword_dist_out": 2206552.4374962701, "file": "62263900130571_2206552.txt" }, "geometry": { "type": "MultiLineString", "coordinates": [ [ [ -62.697301822428336, -6.971895158207094 ], [ -62.679841136114291, -6.98295370875055 ] ] ] } },
{ "type": "Feature", "properties": { "sword_node_id": 62263900130311, "sword_reach_id": 62263900131, "sword_width": 1297.5, "sword_dist_out": 2201353.8525595111, "file": "62263900130311_2201353.txt" }, "geometry": { "type": "MultiLineString", "coordinates": [ [ [ -62.668642489726871, -6.936846006848683 ], [ -62.658317516483208, -6.942713311550795 ], [ -62.654371545515474, -6.945024636229779 ] ] ] } },
{ "type": "Feature", "properties": { "sword_node_id": 62263900130071, "sword_reach_id": 62263900131, "sword_width": 1380.0, "sword_dist_out": 2196532.8931483286, "file": "62263900130071_2196532.txt" }, "geometry": { "type": "MultiLineString", "coordinates": [ [ [ -62.660171310236201, -6.898928826311735 ], [ -62.650005433303939, -6.897708322844484 ], [ -62.643025516561607, -6.897399864887447 ] ] ] } },
{ "type": "Feature", "properties": { "sword_node_id": 62263900120781, "sword_reach_id": 62263900121, "sword_width": 1190.0, "sword_dist_out": 2191310.8067770475, "file": "62263900120781_2191310.txt" }, "geometry": { "type": "MultiLineString", "coordinates": [ [ [ -62.664453726563771, -6.851012002984146 ], [ -62.661418531038365, -6.851919745378407 ], [ -62.654439591748066, -6.851156552234401 ], [ -62.649430809118726, -6.853579244321128 ] ] ] } },
{ "type": "Feature", "properties": { "sword_node_id": 62263900120551, "sword_reach_id": 62263900121, "sword_width": 1013.0, "sword_dist_out": 2186695.87558938, "file": "62263900120551_2186695.txt" }, "geometry": { "type": "MultiLineString", "coordinates": [ [ [ -62.64521382526295, -6.810963883230603 ], [ -62.636107283057811, -6.81580975459907 ], [ -62.628518323923593, -6.81989838944705 ] ] ] } },
{ "type": "Feature", "properties": { "sword_node_id": 62263900120291, "sword_reach_id": 62263900121, "sword_width": 1071.0, "sword_dist_out": 2181495.6316242511, "file": "62263900120291_2181495.txt" }, "geometry": { "type": "MultiLineString", "coordinates": [ [ [ -62.602756438663022, -6.783331541800586 ], [ -62.599411397853295, -6.792427465959502 ], [ -62.595459379997379, -6.80152284942199 ] ] ] } },
{ "type": "Feature", "properties": { "sword_node_id": 62263900120041, "sword_reach_id": 62263900121, "sword_width": 1617.0, "sword_dist_out": 2176455.4889100669, "file": "62263900120041_2176455.txt" }, "geometry": { "type": "MultiLineString", "coordinates": [ [ [ -62.568495467617304, -6.755854704032041 ], [ -62.56241903127848, -6.765402858527903 ], [ -62.556187179944921, -6.778741872159214 ] ] ] } },
{ "type": "Feature", "properties": { "sword_node_id": 62263900110341, "sword_reach_id": 62263900111, "sword_width": 1200.0, "sword_dist_out": 2171508.5075104171, "file": "62263900110341_2171508.txt" }, "geometry": { "type": "MultiLineString", "coordinates": [ [ [ -62.522393057517128, -6.742467083221044 ], [ -62.519956594477563, -6.752018217130995 ], [ -62.519494778396243, -6.758841704997597 ] ] ] } },
{ "type": "Feature", "properties": { "sword_node_id": 62263900110041, "sword_reach_id": 62263900111, "sword_width": 1008.0, "sword_dist_out": 2165553.6827824973, "file": "62263900110041_2165553.txt" }, "geometry": { "type": "MultiLineString", "coordinates": [ [ [ -62.465788434314454, -6.764396502901345 ], [ -62.473666310969953, -6.773958536812268 ], [ -62.477151974660259, -6.777146783736083 ] ] ] } },
{ "type": "Feature", "properties": { "sword_node_id": 62263900100451, "sword_reach_id": 62263900101, "sword_width": 2023.0, "sword_dist_out": 2162975.1455687364, "file": "62263900100451_2162975.txt" }, "geometry": { "type": "MultiLineString", "coordinates": [ [ [ -62.450462647611253, -6.768322115417591 ], [ -62.448630915770899, -6.778328375264782 ], [ -62.454229665921567, -6.790920942995426 ] ] ] } },
{ "type": "Feature", "properties": { "sword_node_id": 62263900100391, "sword_reach_id": 62263900101, "sword_width": 2072.0, "sword_dist_out": 2161769.530573443, "file": "62263900100391_2161769.txt" }, "geometry": { "type": "MultiLineString", "coordinates": [ [ [ -62.439239677594365, -6.766034685858425 ], [ -62.437252690332009, -6.778921887159321 ], [ -62.444059724795608, -6.795913544453882 ] ] ] } },
{ "type": "Feature", "properties": { "sword_node_id": 62263900100281, "sword_reach_id": 62263900101, "sword_width": 1342.0, "sword_dist_out": 2159550.7852919162, "file": "62263900100281_2159550.txt" }, "geometry": { "type": "MultiLineString", "coordinates": [ [ [ -62.418769404206721, -6.758731905063771 ], [ -62.418449328394459, -6.772682466281278 ], [ -62.421304077164201, -6.795735252321421 ], [ -62.426143888011786, -6.808175544191528 ] ] ] } },
{ "type": "Feature", "properties": { "sword_node_id": 62263900100221, "sword_reach_id": 62263900101, "sword_width": 1601.5, "sword_dist_out": 2158329.2265338781, "file": "62263900100221_2158329.txt" }, "geometry": { "type": "MultiLineString", "coordinates": [ [ [ -62.413166766923027, -6.756794786262318 ], [ -62.409281815235147, -6.787083497056851 ], [ -62.408768247127419, -6.813689745246468 ] ] ] } },
{ "type": "Feature", "properties": { "sword_node_id": 62263900100161, "sword_reach_id": 62263900101, "sword_width": 1364.0, "sword_dist_out": 2157108.8944902648, "file": "62263900100161_2157108.txt" }, "geometry": { "type": "MultiLineString", "coordinates": [ [ [ -62.403145736241427, -6.758106445640856 ], [ -62.400709308334363, -6.765685465811394 ], [ -62.400700517821583, -6.772812544192772 ], [ -62.399333177666414, -6.774478897848009 ], [ -62.39037233841853, -6.782959568436237 ] ] ] } },
{ "type": "Feature", "properties": { "sword_node_id": 62263900100101, "sword_reach_id": 62263900101, "sword_width": 1182.5, "sword_dist_out": 2155911.056410539, "file": "62263900100101_2155911.txt" }, "geometry": { "type": "MultiLineString", "coordinates": [ [ [ -62.399508287513711, -6.755524091077251 ], [ -62.394479995260454, -6.762261059381648 ], [ -62.387041830775786, -6.777496342234129 ] ] ] } },
{ "type": "Feature", "properties": { "sword_node_id": 62263900090811, "sword_reach_id": 62263900091, "sword_width": 1131.5, "sword_dist_out": 2150109.8832335351, "file": "62263900090811_2150109.txt" }, "geometry": { "type": "MultiLineString", "coordinates": [ [ [ -62.367237117910925, -6.725307000604682 ], [ -62.357978370732283, -6.729995757545803 ], [ -62.351603066080685, -6.733475044310636 ] ] ] } },
{ "type": "Feature", "properties": { "sword_node_id": 62263900090561, "sword_reach_id": 62263900091, "sword_width": 1218.0, "sword_dist_out": 2145106.0994351222, "file": "62263900090561_2145106.txt" }, "geometry": { "type": "MultiLineString", "coordinates": [ [ [ -62.351512569682626, -6.687224979485568 ], [ -62.346507279014418, -6.687369996941642 ], [ -62.331941687894556, -6.691293045045835 ] ] ] } },
{ "type": "Feature", "properties": { "sword_node_id": 62263900090321, "sword_reach_id": 62263900091, "sword_width": 1485.0, "sword_dist_out": 2140316.7979654814, "file": "62263900090321_2140316.txt" }, "geometry": { "type": "MultiLineString", "coordinates": [ [ [ -62.344589764069518, -6.646576495928403 ], [ -62.33958630803842, -6.645660011302745 ], [ -62.322597925013703, -6.647760001867359 ] ] ] } },
{ "type": "Feature", "properties": { "sword_node_id": 62263900090271, "sword_reach_id": 62263900091, "sword_width": 1562.5, "sword_dist_out": 2139323.4963445361, "file": "62263900090271_2139323.txt" }, "geometry": { "type": "MultiLineString", "coordinates": [ [ [ -62.345967490077129, -6.636873395770465 ], [ -62.328073194422387, -6.636242909762208 ], [ -62.31866883802185, -6.637594823270143 ] ] ] } },
{ "type": "Feature", "properties": { "sword_node_id": 62263900090221, "sword_reach_id": 62263900091, "sword_width": 1506.0, "sword_dist_out": 2138341.4484674549, "file": "62263900090221_2138341.txt" }, "geometry": { "type": "MultiLineString", "coordinates": [ [ [ -62.34704104392096, -6.627776439798103 ], [ -62.329752853011833, -6.627753399621199 ], [ -62.316102026579884, -6.629402806429085 ] ] ] } },
{ "type": "Feature", "properties": { "sword_node_id": 62263900090171, "sword_reach_id": 62263900091, "sword_width": 1341.0, "sword_dist_out": 2137341.5003979448, "file": "62263900090171_2137341.txt" }, "geometry": { "type": "MultiLineString", "coordinates": [ [ [ -62.348870797545139, -6.620196863347162 ], [ -62.332799918171965, -6.617294403773797 ], [ -62.316123734647512, -6.613632418262811 ] ] ] } },
{ "type": "Feature", "properties": { "sword_node_id": 62263900090121, "sword_reach_id": 62263900091, "sword_width": 1291.0, "sword_dist_out": 2136352.4508636296, "file": "62263900090121_2136352.txt" }, "geometry": { "type": "MultiLineString", "coordinates": [ [ [ -62.349488700854778, -6.611554211080475 ], [ -62.334176516516813, -6.608501173758863 ], [ -62.319929588180614, -6.602871279312862 ] ] ] } },
{ "type": "Feature", "properties": { "sword_node_id": 62263900090071, "sword_reach_id": 62263900091, "sword_width": 1395.0, "sword_dist_out": 2135347.2615393088, "file": "62263900090071_2135347.txt" }, "geometry": { "type": "MultiLineString", "coordinates": [ [ [ -62.351167677061532, -6.60321621484281 ], [ -62.332065485556619, -6.599551631433428 ], [ -62.324336064829026, -6.596356795753366 ] ] ] } },
{ "type": "Feature", "properties": { "sword_node_id": 62263900090021, "sword_reach_id": 62263900091, "sword_width": 1253.0, "sword_dist_out": 2134354.2476610527, "file": "62263900090021_2134354.txt" }, "geometry": { "type": "MultiLineString", "coordinates": [ [ [ -62.352237657180133, -6.596697093790897 ], [ -62.332838903758521, -6.588179718890513 ] ] ] } },
{ "type": "Feature", "properties": { "sword_node_id": 62263900080561, "sword_reach_id": 62263900081, "sword_width": 1172.0, "sword_dist_out": 2133331.0129555943, "file": "62263900080561_2133331.txt" }, "geometry": { "type": "MultiLineString", "coordinates": [ [ [ -62.357249456015019, -6.590789616721616 ], [ -62.352857004468135, -6.58684130288669 ], [ -62.33755095922394, -6.579694179196784 ] ] ] } },
{ "type": "Feature", "properties": { "sword_node_id": 62263900080521, "sword_reach_id": 62263900081, "sword_width": 1050.0, "sword_dist_out": 2132530.305000396, "file": "62263900080521_2132530.txt" }, "geometry": { "type": "MultiLineString", "coordinates": [ [ [ -62.364532432287618, -6.587462854843155 ], [ -62.355743812156305, -6.58244747331975 ], [ -62.346203342776079, -6.572730136806025 ] ] ] } },
{ "type": "Feature", "properties": { "sword_node_id": 62263900080301, "sword_reach_id": 62263900081, "sword_width": 1044.0, "sword_dist_out": 2128160.9566060514, "file": "62263900080301_2128160.txt" }, "geometry": { "type": "MultiLineString", "coordinates": [ [ [ -62.395064748902449, -6.543828085601263 ], [ -62.377632928451874, -6.539560859410251 ], [ -62.372471240200213, -6.544710233582791 ], [ -62.364886466053555, -6.547430236411055 ], [ -62.355632936338814, -6.550754538934576 ] ] ] } },
{ "type": "Feature", "properties": { "sword_node_id": 62263900080061, "sword_reach_id": 62263900081, "sword_width": 1231.0, "sword_dist_out": 2123388.4711367651, "file": "62263900080061_2123388.txt" }, "geometry": { "type": "MultiLineString", "coordinates": [ [ [ -62.335345463528725, -6.517663070106265 ], [ -62.325163971593149, -6.534936458791472 ] ] ] } },
{ "type": "Feature", "properties": { "sword_node_id": 62263900070501, "sword_reach_id": 62263900071, "sword_width": 1839.0, "sword_dist_out": 2120455.5533268899, "file": "62263900070501_2120455.txt" }, "geometry": { "type": "MultiLineString", "coordinates": [ [ [ -62.31868802527525, -6.50247691998353 ], [ -62.311251388854998, -6.508077497782389 ], [ -62.301991439481007, -6.516404930473651 ] ] ] } },
{ "type": "Feature", "properties": { "sword_node_id": 62263900070441, "sword_reach_id": 62263900071, "sword_width": 2156.5, "sword_dist_out": 2119271.6560607394, "file": "62263900070441_2119271.txt" }, "geometry": { "type": "MultiLineString", "coordinates": [ [ [ -62.315210583854849, -6.495345175195776 ], [ -62.308386066939732, -6.496852291174198 ], [ -62.304743674204893, -6.499576804252328 ], [ -62.295484223577397, -6.507600848611824 ] ] ] } },
{ "type": "Feature", "properties": { "sword_node_id": 62263900070351, "sword_reach_id": 62263900071, "sword_width": 1601.0, "sword_dist_out": 2117486.3737290977, "file": "62263900070351_2117486.txt" }, "geometry": { "type": "MultiLineString", "coordinates": [ [ [ -62.310531290648697, -6.480174899625721 ], [ -62.302948739118904, -6.481832572281021 ], [ -62.293086146361283, -6.487732837742587 ], [ -62.28579811737923, -6.495456183329285 ] ] ] } },
{ "type": "Feature", "properties": { "sword_node_id": 62263900070251, "sword_reach_id": 62263900071, "sword_width": 1934.5, "sword_dist_out": 2115469.3213243331, "file": "62263900070251_2115469.txt" }, "geometry": { "type": "MultiLineString", "coordinates": [ [ [ -62.305853266714387, -6.464246407366974 ], [ -62.298726171502217, -6.465601384546165 ], [ -62.288262982616416, -6.467558154968208 ], [ -62.274770527212915, -6.467539091142271 ] ] ] } },
{ "type": "Feature", "properties": { "sword_node_id": 62263900070151, "sword_reach_id": 62263900071, "sword_width": 1574.0, "sword_dist_out": 2113481.6749386596, "file": "62263900070151_2113481.txt" }, "geometry": { "type": "MultiLineString", "coordinates": [ [ [ -62.294205662582968, -6.44573043265557 ], [ -62.288439787051182, -6.449513394034638 ], [ -62.284193625257288, -6.450568921095526 ], [ -62.274490003620606, -6.451616672484107 ] ] ] } },
{ "type": "Feature", "properties": { "sword_node_id": 62263900070021, "sword_reach_id": 62263900071, "sword_width": 1431.5, "sword_dist_out": 2110915.4771209056, "file": "62263900070021_2110915.txt" }, "geometry": { "type": "MultiLineString", "coordinates": [ [ [ -62.282707896952424, -6.429034144444747 ], [ -62.273306144407272, -6.431295449658732 ], [ -62.26617578318875, -6.43522785825743 ] ] ] } },
{ "type": "Feature", "properties": { "sword_node_id": 62263900060321, "sword_reach_id": 62263900061, "sword_width": 2091.0, "sword_dist_out": 2106349.9158396511, "file": "62263900060321_2106349.txt" }, "geometry": { "type": "MultiLineString", "coordinates": [ [ [ -62.268364635848641, -6.388526388297592 ], [ -62.256537065155435, -6.391693838847508 ], [ -62.247285536988336, -6.395319691036901 ] ] ] } },
{ "type": "Feature", "properties": { "sword_node_id": 62263900060161, "sword_reach_id": 62263900061, "sword_width": 1679.0, "sword_dist_out": 2103169.2241193866, "file": "62263900060161_2103169.txt" }, "geometry": { "type": "MultiLineString", "coordinates": [ [ [ -62.259460119732665, -6.361673682488393 ], [ -62.246418611157686, -6.366203967513509 ], [ -62.241866412012627, -6.369684971662472 ], [ -62.236856975298053, -6.374833265439619 ] ] ] } },
{ "type": "Feature", "properties": { "sword_node_id": 62263900050491, "sword_reach_id": 62263900051, "sword_width": 1192.0, "sword_dist_out": 2099189.1503811395, "file": "62263900050491_2099189.txt" }, "geometry": { "type": "MultiLineString", "coordinates": [ [ [ -62.248242378897856, -6.329458414751 ], [ -62.233287651187545, -6.332547806426911 ] ] ] } },
{ "type": "Feature", "properties": { "sword_node_id": 62263900050291, "sword_reach_id": 62263900051, "sword_width": 1985.0, "sword_dist_out": 2095218.0829454344, "file": "62263900050291_2095218.txt" }, "geometry": { "type": "MultiLineString", "coordinates": [ [ [ -62.252427981559222, -6.297975481498642 ], [ -62.241822808380491, -6.295685613202703 ], [ -62.23212748533529, -6.293093602734637 ] ] ] } },
{ "type": "Feature", "properties": { "sword_node_id": 62263900050041, "sword_reach_id": 62263900051, "sword_width": 1260.0, "sword_dist_out": 2090233.2704737722, "file": "62263900050041_2090233.txt" }, "geometry": { "type": "MultiLineString", "coordinates": [ [ [ -62.254993155506241, -6.251690102201529 ], [ -62.250449657832881, -6.251204986842752 ], [ -62.246025070178177, -6.251198660861672 ], [ -62.23861004277456, -6.251786296300317 ] ] ] } },
{ "type": "Feature", "properties": { "sword_node_id": 62263900040711, "sword_reach_id": 62263900041, "sword_width": 789.0, "sword_dist_out": 2085464.4601512968, "file": "62263900040711_2085464.txt" }, "geometry": { "type": "MultiLineString", "coordinates": [ [ [ -62.224244853687821, -6.213281446849156 ], [ -62.217438326656264, -6.223227430591581 ] ] ] } },
{ "type": "Feature", "properties": { "sword_node_id": 62263900040561, "sword_reach_id": 62263900041, "sword_width": 1047.0, "sword_dist_out": 2082473.9381515016, "file": "62263900040561_2082473.txt" }, "geometry": { "type": "MultiLineString", "coordinates": [ [ [ -62.200831026757001, -6.198216896252171 ], [ -62.198144703987381, -6.203478017634555 ], [ -62.194881903363672, -6.210365657403841 ] ] ] } },
{ "type": "Feature", "properties": { "sword_node_id": 62263900040511, "sword_reach_id": 62263900041, "sword_width": 1145.0, "sword_dist_out": 2081466.8580859182, "file": "62263900040511_2081466.txt" }, "geometry": { "type": "MultiLineString", "coordinates": [ [ [ -62.192706669007435, -6.193992451883923 ], [ -62.188484240052958, -6.202888926584198 ], [ -62.186661626903103, -6.206236689228743 ] ] ] } },
{ "type": "Feature", "properties": { "sword_node_id": 62263900040461, "sword_reach_id": 62263900041, "sword_width": 1203.0, "sword_dist_out": 2080481.184204808, "file": "62263900040461_2080481.txt" }, "geometry": { "type": "MultiLineString", "coordinates": [ [ [ -62.184294314562564, -6.190533297970098 ], [ -62.178249586467039, -6.202490231897776 ] ] ] } },
{ "type": "Feature", "properties": { "sword_node_id": 62263900040401, "sword_reach_id": 62263900041, "sword_width": 1239.0, "sword_dist_out": 2079248.4089401786, "file": "62263900040401_2079248.txt" }, "geometry": { "type": "MultiLineString", "coordinates": [ [ [ -62.17339628425259, -6.18630432266784 ], [ -62.169357154128853, -6.20017884982912 ] ] ] } },
{ "type": "Feature", "properties": { "sword_node_id": 62263900040361, "sword_reach_id": 62263900041, "sword_width": 1287.5, "sword_dist_out": 2078454.1342457191, "file": "62263900040361_2078454.txt" }, "geometry": { "type": "MultiLineString", "coordinates": [ [ [ -62.166226643435081, -6.18351695467778 ], [ -62.162568625723324, -6.198253575760855 ] ] ] } },
{ "type": "Feature", "properties": { "sword_node_id": 62263900040311, "sword_reach_id": 62263900041, "sword_width": 1331.0, "sword_dist_out": 2077467.9651946547, "file": "62263900040311_2077467.txt" }, "geometry": { "type": "MultiLineString", "coordinates": [ [ [ -62.156258722596455, -6.180347159410997 ], [ -62.155084897275607, -6.19671504303214 ] ] ] } },
{ "type": "Feature", "properties": { "sword_node_id": 62263900040261, "sword_reach_id": 62263900041, "sword_width": 1360.0, "sword_dist_out": 2076466.3848531607, "file": "62263900040261_2076466.txt" }, "geometry": { "type": "MultiLineString", "coordinates": [ [ [ -62.146527012881293, -6.180518074833548 ], [ -62.146216088420296, -6.195451347171512 ] ] ] } },
{ "type": "Feature", "properties": { "sword_node_id": 62263900040211, "sword_reach_id": 62263900041, "sword_width": 1331.0, "sword_dist_out": 2075440.1467663881, "file": "62263900040211_2075440.txt" }, "geometry": { "type": "MultiLineString", "coordinates": [ [ [ -62.137058293193007, -6.180024146184049 ], [ -62.137338421965765, -6.184236681421246 ], [ -62.137802405672829, -6.193044511081909 ], [ -62.138083931892375, -6.196395486188783 ] ] ] } },
{ "type": "Feature", "properties": { "sword_node_id": 62263900040161, "sword_reach_id": 62263900041, "sword_width": 1135.0, "sword_dist_out": 2074442.1934515743, "file": "62263900040161_2074442.txt" }, "geometry": { "type": "MultiLineString", "coordinates": [ [ [ -62.126337356143267, -6.184888810598054 ], [ -62.131293113693964, -6.196001491396293 ] ] ] } },
{ "type": "Feature", "properties": { "sword_node_id": 62263900030371, "sword_reach_id": 62263900031, "sword_width": 1116.5, "sword_dist_out": 2069458.5832281292, "file": "62263900030371_2069458.txt" }, "geometry": { "type": "MultiLineString", "coordinates": [ [ [ -62.087743239187624, -6.211962778230326 ], [ -62.096239940896702, -6.22174161058398 ] ] ] } },
{ "type": "Feature", "properties": { "sword_node_id": 62263900030121, "sword_reach_id": 62263900031, "sword_width": 1776.0, "sword_dist_out": 2064464.9960052646, "file": "62263900030121_2064464.txt" }, "geometry": { "type": "MultiLineString", "coordinates": [ [ [ -62.045778267303696, -6.223088766010803 ], [ -62.050401275394819, -6.232191133339155 ], [ -62.052450973400326, -6.236071752714809 ], [ -62.060992019302489, -6.247574269699518 ], [ -62.064814145334033, -6.250022116978989 ] ] ] } },
{ "type": "Feature", "properties": { "sword_node_id": 62263900030061, "sword_reach_id": 62263900031, "sword_width": 1515.0, "sword_dist_out": 2063265.6022206284, "file": "62263900030061_2063265.txt" }, "geometry": { "type": "MultiLineString", "coordinates": [ [ [ -62.038572869483765, -6.230544486391815 ], [ -62.040162226123662, -6.234439555718652 ], [ -62.040874742158167, -6.235718253387138 ], [ -62.043144128978312, -6.240416328002047 ], [ -62.05074356275729, -6.256174582829466 ], [ -62.052326486569356, -6.256177440489625 ], [ -62.053045029806299, -6.256544685908972 ], [ -62.053856235218483, -6.257355409829152 ], [ -62.057478769145774, -6.261523996570459 ] ] ] } },
{ "type": "Feature", "properties": { "sword_node_id": 62263900020451, "sword_reach_id": 62263900021, "sword_width": 1203.0, "sword_dist_out": 2061944.0546811393, "file": "62263900020451_2061944.txt" }, "geometry": { "type": "MultiLineString", "coordinates": [ [ [ -62.029448519901678, -6.226473629179143 ], [ -62.032744285709832, -6.236562447984542 ], [ -62.032360216524737, -6.237328531603869 ], [ -62.032425864937565, -6.238066180667042 ], [ -62.032625331055485, -6.238904647544587 ], [ -62.032889831716993, -6.240816002617608 ], [ -62.033345674291652, -6.242082146097331 ], [ -62.035887212492433, -6.264495204871408 ], [ -62.037718722028472, -6.269931930898188 ], [ -62.038502158374854, -6.271257774943332 ], [ -62.038542306420801, -6.271920051864024 ], [ -62.044659350162057, -6.282936713984222 ] ] ] } },
{ "type": "Feature", "properties": { "sword_node_id": 62263900020281, "sword_reach_id": 62263900021, "sword_width": 1098.0, "sword_dist_out": 2058569.2507635509, "file": "62263900020281_2058569.txt" }, "geometry": { "type": "MultiLineString", "coordinates": [ [ [ -62.005547110857911, -6.21382990966373 ], [ -62.00320810789448, -6.236799597833678 ], [ -62.005184940332313, -6.253746723577783 ] ] ] } },
{ "type": "Feature", "properties": { "sword_node_id": 62263900020041, "sword_reach_id": 62263900021, "sword_width": 1915.0, "sword_dist_out": 2053820.3081308117, "file": "62263900020041_2053820.txt" }, "geometry": { "type": "MultiLineString", "coordinates": [ [ [ -61.963219231568523, -6.202807119676317 ], [ -61.963285882058813, -6.2420063199915 ], [ -61.962098073878678, -6.262249624448724 ], [ -61.963524777965141, -6.266416441313487 ] ] ] } },
{ "type": "Feature", "properties": { "sword_node_id": 62263900010391, "sword_reach_id": 62263900011, "sword_width": 2241.0, "sword_dist_out": 2051650.7173293622, "file": "62263900010391_2051650.txt" }, "geometry": { "type": "MultiLineString", "coordinates": [ [ [ -61.950602756403661, -6.198043945943864 ], [ -61.946073586756327, -6.238956854847892 ], [ -61.943596333537094, -6.257905154718409 ], [ -61.946288072298579, -6.275140802900951 ] ] ] } },
{ "type": "Feature", "properties": { "sword_node_id": 62263900010301, "sword_reach_id": 62263900011, "sword_width": 1233.0, "sword_dist_out": 2049865.4547395376, "file": "62263900010301_2049865.txt" }, "geometry": { "type": "MultiLineString", "coordinates": [ [ [ -61.934691300609316, -6.190976541424023 ], [ -61.925700861215788, -6.237910610596733 ], [ -61.927105296093629, -6.252846268384806 ], [ -61.927516728144283, -6.262180102045094 ], [ -61.931065086279901, -6.281284094931973 ] ] ] } },
{ "type": "Feature", "properties": { "sword_node_id": 62263900010251, "sword_reach_id": 62263900011, "sword_width": 1267.0, "sword_dist_out": 2048863.346495532, "file": "62263900010251_2048863.txt" }, "geometry": { "type": "MultiLineString", "coordinates": [ [ [ -61.921219300452904, -6.183913686572541 ], [ -61.917088323862309, -6.239615988318172 ], [ -61.918053774513631, -6.258571078665756 ], [ -61.918904076404196, -6.263741858416898 ], [ -61.921309763093056, -6.280115404396465 ] ] ] } },
{ "type": "Feature", "properties": { "sword_node_id": 62263900010191, "sword_reach_id": 62263900011, "sword_width": 1515.5, "sword_dist_out": 2047678.2301807792, "file": "62263900010191_2047678.txt" }, "geometry": { "type": "MultiLineString", "coordinates": [ [ [ -61.913337908875413, -6.179302931896459 ], [ -61.908048870626317, -6.239597326550268 ], [ -61.908582335842318, -6.259125815388313 ], [ -61.909854368838531, -6.268461396194637 ], [ -61.913127589322116, -6.281534314568319 ] ] ] } },
{ "type": "Feature", "properties": { "sword_node_id": 62263900010151, "sword_reach_id": 62263900011, "sword_width": 1588.0, "sword_dist_out": 2046889.1453351988, "file": "62263900010151_2046889.txt" }, "geometry": { "type": "MultiLineString", "coordinates": [ [ [ -61.896762848091868, -6.169965787909585 ], [ -61.891752746770699, -6.207645980439279 ], [ -61.897513708413626, -6.240113818551941 ], [ -61.901658385789297, -6.259416492984016 ], [ -61.90208271653735, -6.270933957681872 ], [ -61.899817441299071, -6.281997075045909 ] ] ] } },
{ "type": "Feature", "properties": { "sword_node_id": 62263900010111, "sword_reach_id": 62263900011, "sword_width": 1575.0, "sword_dist_out": 2046103.0335575538, "file": "62263900010111_2046103.txt" }, "geometry": { "type": "MultiLineString", "coordinates": [ [ [ -61.8957306819538, -6.163233171453545 ], [ -61.883250064233316, -6.200000279760069 ], [ -61.888985605293243, -6.244283730345781 ], [ -61.892983962024381, -6.26194089028308 ], [ -61.893264301437718, -6.270765846122559 ], [ -61.889952856131231, -6.281677109596159 ] ] ] } },
{ "type": "Feature", "properties": { "sword_node_id": 62263900010061, "sword_reach_id": 62263900011, "sword_width": 1630.0, "sword_dist_out": 2045112.821282821, "file": "62263900010061_2045112.txt" }, "geometry": { "type": "MultiLineString", "coordinates": [ [ [ -61.89258966256623, -6.164572750548467 ], [ -61.88011194766802, -6.199844093455191 ], [ -61.879206409949795, -6.204030004077246 ], [ -61.879419417789649, -6.244562580047829 ], [ -61.884162233961142, -6.263417861964062 ], [ -61.877703809462659, -6.278061429362831 ] ] ] } },
{ "type": "Feature", "properties": { "sword_node_id": 62263700020531, "sword_reach_id": 62263700021, "sword_width": 1678.0, "sword_dist_out": 2043936.6229418414, "file": "62263700020531_2043936.txt" }, "geometry": { "type": "MultiLineString", "coordinates": [ [ [ -61.891397560763004, -6.162925047003726 ], [ -61.874566478108122, -6.207310593797499 ], [ -61.871047018084631, -6.245741204518806 ], [ -61.874007134393459, -6.259357926573371 ], [ -61.8741399361571, -6.267135568107431 ], [ -61.870685122617871, -6.275055050967305 ], [ -61.866340475386565, -6.279682152405646 ] ] ] } },
{ "type": "Feature", "properties": { "sword_node_id": 62263700020471, "sword_reach_id": 62263700021, "sword_width": 1615.5, "sword_dist_out": 2042707.4432593416, "file": "62263700020471_2042707.txt" }, "geometry": { "type": "MultiLineString", "coordinates": [ [ [ -61.890352108360823, -6.162623741158887 ], [ -61.873378813672645, -6.203568946671466 ], [ -61.863165521765545, -6.227178281004255 ], [ -61.861776543199127, -6.247516002320905 ], [ -61.865183194146383, -6.261881520305565 ], [ -61.864578543804143, -6.26502105903751 ], [ -61.860086757357095, -6.268600850440927 ] ] ] } },
{ "type": "Feature", "properties": { "sword_node_id": 62263700020421, "sword_reach_id": 62263700021, "sword_width": 1366.0, "sword_dist_out": 2041715.7024598105, "file": "62263700020421_2041715.txt" }, "geometry": { "type": "MultiLineString", "coordinates": [ [ [ -61.889581027716119, -6.162610169916442 ], [ -61.858076270689487, -6.230756828353613 ], [ -61.857744327639629, -6.246011624581471 ], [ -61.855634324234096, -6.254083479143794 ], [ -61.853525540979021, -6.261557060355678 ] ] ] } },
{ "type": "Feature", "properties": { "sword_node_id": 62263700020381, "sword_reach_id": 62263700021, "sword_width": 1279.0, "sword_dist_out": 2040916.819554263, "file": "62263700020381_2040916.txt" }, "geometry": { "type": "MultiLineString", "coordinates": [ [ [ -61.88886396903424, -6.162489023400525 ], [ -61.853823095546595, -6.23287938532156 ], [ -61.853562125449507, -6.242929495303637 ], [ -61.849195434973616, -6.249524686453083 ], [ -61.843876164175569, -6.25425117849284 ] ] ] } },
{ "type": "Feature", "properties": { "sword_node_id": 62263700020261, "sword_reach_id": 62263700021, "sword_width": 892.0, "sword_dist_out": 2038499.73112085, "file": "62263700020261_2038499.txt" }, "geometry": { "type": "MultiLineString", "coordinates": [ [ [ -61.888410334831242, -6.162170998919255 ], [ -61.849709646383126, -6.229392577534149 ], [ -61.826680596993775, -6.235174793573011 ] ] ] } },
{ "type": "Feature", "properties": { "sword_node_id": 62263700020181, "sword_reach_id": 62263700021, "sword_width": 635.0, "sword_dist_out": 2036917.8907481693, "file": "62263700020181_2036917.txt" }, "geometry": { "type": "MultiLineString", "coordinates": [ [ [ -61.887515258882928, -6.161421303006834 ], [ -61.853322530359151, -6.217435344957591 ], [ -61.837328195633681, -6.218746471371182 ], [ -61.827463050802059, -6.219322924914231 ] ] ] } },
{ "type": "Feature", "properties": { "sword_node_id": 62263700010511, "sword_reach_id": 62263700011, "sword_width": 1035.0, "sword_dist_out": 2032959.2665042316, "file": "62263700010511_2032959.txt" }, "geometry": { "type": "MultiLineString", "coordinates": [ [ [ -61.865250901879143, -6.160477007165414 ], [ -61.841442081938162, -6.18271076832158 ], [ -61.824256947426178, -6.182373905194397 ] ] ] } },
{ "type": "Feature", "properties": { "sword_node_id": 62263700010281, "sword_reach_id": 62263700011, "sword_width": 1763.0, "sword_dist_out": 2028367.61686103, "file": "62263700010281_2028367.txt" }, "geometry": { "type": "MultiLineString", "coordinates": [ [ [ -61.842302656179001, -6.141766214715823 ], [ -61.828704818681238, -6.141587053387271 ], [ -61.824220938325809, -6.142025905978607 ], [ -61.817334295367338, -6.147843653302795 ] ] ] } },
{ "type": "Feature", "properties": { "sword_node_id": 62263700010221, "sword_reach_id": 62263700011, "sword_width": 1874.0, "sword_dist_out": 2027168.8078828133, "file": "62263700010221_2027168.txt" }, "geometry": { "type": "MultiLineString", "coordinates": [ [ [ -61.846213913143849, -6.129659994481675 ], [ -61.828884607374789, -6.127678094618789 ], [ -61.817658236402551, -6.136477635932225 ], [ -61.811661229519345, -6.145438078983167 ] ] ] } },
{ "type": "Feature", "properties": { "sword_node_id": 62263700010191, "sword_reach_id": 62263700011, "sword_width": 2040.5, "sword_dist_out": 2026571.6619373851, "file": "62263700010191_2026571.txt" }, "geometry": { "type": "MultiLineString", "coordinates": [ [ [ -61.843252398395052, -6.117090257443687 ], [ -61.826655299420864, -6.122139394768685 ], [ -61.812568935872932, -6.134740212237242 ], [ -61.808099002427298, -6.145067994187661 ] ] ] } },
{ "type": "Feature", "properties": { "sword_node_id": 62263700010161, "sword_reach_id": 62263700011, "sword_width": 1780.0, "sword_dist_out": 2025951.1126616597, "file": "62263700010161_2025951.txt" }, "geometry": { "type": "MultiLineString", "coordinates": [ [ [ -61.835201635545381, -6.108697309654113 ], [ -61.82248222262578, -6.117194686748534 ], [ -61.809294931443112, -6.13436523620551 ], [ -61.805387840390232, -6.14422760536787 ] ] ] } },
{ "type": "Feature", "properties": { "sword_node_id": 62263700010121, "sword_reach_id": 62263700011, "sword_width": 1690.0, "sword_dist_out": 2025176.8223239889, "file": "62263700010121_2025176.txt" }, "geometry": { "type": "MultiLineString", "coordinates": [ [ [ -61.825802774990152, -6.101946540794879 ], [ -61.81696114339573, -6.113742618860448 ], [ -61.803768141771862, -6.133455551212083 ], [ -61.801053720131854, -6.144517028799705 ] ] ] } },
{ "type": "Feature", "properties": { "sword_node_id": 62263700010091, "sword_reach_id": 62263700011, "sword_width": 1684.0, "sword_dist_out": 2024557.957232493, "file": "62263700010091_2024557.txt" }, "geometry": { "type": "MultiLineString", "coordinates": [ [ [ -61.816256137456861, -6.095805301617035 ], [ -61.810765011437091, -6.113077904851264 ], [ -61.797993838264439, -6.134124578166661 ], [ -61.793896582159171, -6.145323304138365 ] ] ] } },
{ "type": "Feature", "properties": { "sword_node_id": 62263700010051, "sword_reach_id": 62263700011, "sword_width": 1519.0, "sword_dist_out": 2023769.4944838155, "file": "62263700010051_2023769.txt" }, "geometry": { "type": "MultiLineString", "coordinates": [ [ [ -61.807168804113921, -6.095330405851914 ], [ -61.802291746358286, -6.108813740226788 ], [ -61.792545255742105, -6.131989657671742 ], [ -61.789161049392753, -6.146030492803227 ] ] ] } },
{ "type": "Feature", "properties": { "sword_node_id": 62263500050891, "sword_reach_id": 62263500051, "sword_width": 1533.0, "sword_dist_out": 2022562.7410282178, "file": "62263500050891_2022562.txt" }, "geometry": { "type": "MultiLineString", "coordinates": [ [ [ -61.798389180358683, -6.09273337273865 ], [ -61.791168002645968, -6.105326502330649 ], [ -61.784741710343241, -6.133816325138831 ], [ -61.777247355934136, -6.149162085854776 ] ] ] } },
{ "type": "Feature", "properties": { "sword_node_id": 62263500050731, "sword_reach_id": 62263500051, "sword_width": 2024.5, "sword_dist_out": 2019363.6780988516, "file": "62263500050731_2019363.txt" }, "geometry": { "type": "MultiLineString", "coordinates": [ [ [ -61.782659826266574, -6.082236404036825 ], [ -61.769899716196598, -6.098430613808383 ], [ -61.758532811677448, -6.101285266113077 ] ] ] } },
{ "type": "Feature", "properties": { "sword_node_id": 62263500050651, "sword_reach_id": 62263500051, "sword_width": 1525.0, "sword_dist_out": 2017751.5245149555, "file": "62263500050651_2017751.txt" }, "geometry": { "type": "MultiLineString", "coordinates": [ [ [ -61.77318718783868, -6.071004031716493 ], [ -61.757088278406968, -6.090071068141478 ] ] ] } },
{ "type": "Feature", "properties": { "sword_node_id": 62263500050401, "sword_reach_id": 62263500051, "sword_width": 1387.0, "sword_dist_out": 2012730.9905821166, "file": "62263500050401_2012730.txt" }, "geometry": { "type": "MultiLineString", "coordinates": [ [ [ -61.733557150469316, -6.048170325369393 ], [ -61.72444357597707, -6.059368548056665 ], [ -61.715796191658221, -6.065412733162123 ] ] ] } },
{ "type": "Feature", "properties": { "sword_node_id": 62263500050141, "sword_reach_id": 62263500051, "sword_width": 979.0, "sword_dist_out": 2007507.0618236244, "file": "62263500050141_2007507.txt" }, "geometry": { "type": "MultiLineString", "coordinates": [ [ [ -61.697419520672426, -6.023068539512632 ], [ -61.687704446071777, -6.032445286204052 ], [ -61.684211283713658, -6.036530414544284 ] ] ] } },
{ "type": "Feature", "properties": { "sword_node_id": 62263500040761, "sword_reach_id": 62263500041, "sword_width": 1440.0, "sword_dist_out": 2002482.6595473527, "file": "62263500040761_2002482.txt" }, "geometry": { "type": "MultiLineString", "coordinates": [ [ [ -61.678724416597014, -5.988152553445163 ], [ -61.669482150086083, -5.990101174682978 ], [ -61.657197445171363, -5.997651819277222 ] ] ] } },
{ "type": "Feature", "properties": { "sword_node_id": 62263500040521, "sword_reach_id": 62263500041, "sword_width": 1098.0, "sword_dist_out": 1997674.3543701642, "file": "62263500040521_1997674.txt" }, "geometry": { "type": "MultiLineString", "coordinates": [ [ [ -61.691626582806869, -5.954996600098683 ], [ -61.686171334069272, -5.951134199877478 ], [ -61.68280832191558, -5.949024657934662 ], [ -61.680468629071946, -5.947650636595924 ], [ -61.677646852988225, -5.946158569077746 ] ] ] } },
{ "type": "Feature", "properties": { "sword_node_id": 62263500040301, "sword_reach_id": 62263500041, "sword_width": 1837.0, "sword_dist_out": 1993253.8655262636, "file": "62263500040301_1993253.txt" }, "geometry": { "type": "MultiLineString", "coordinates": [ [ [ -61.726554323592865, -5.904641110383958 ], [ -61.71487470224389, -5.91227160418556 ], [ -61.693461074700288, -5.912795941319903 ], [ -61.678743113677932, -5.916577782424558 ] ] ] } },
{ "type": "Feature", "properties": { "sword_node_id": 62263500040181, "sword_reach_id": 62263500041, "sword_width": 1794.5, "sword_dist_out": 1990796.5295634635, "file": "62263500040181_1990796.txt" }, "geometry": { "type": "MultiLineString", "coordinates": [ [ [ -61.708642732864583, -5.878947695804881 ], [ -61.704234749276146, -5.88372332246528 ], [ -61.698875279711537, -5.886582347143426 ], [ -61.680693232036077, -5.895345491817938 ], [ -61.668167908119081, -5.904288990378459 ] ] ] } },
{ "type": "Feature", "properties": { "sword_node_id": 62263500040081, "sword_reach_id": 62263500041, "sword_width": 1061.5, "sword_dist_out": 1988808.6001678596, "file": "62263500040081_1988808.txt" }, "geometry": { "type": "MultiLineString", "coordinates": [ [ [ -61.681920461327273, -5.861273546057091 ], [ -61.67710982501184, -5.874662407337562 ], [ -61.67090435596981, -5.884105569066399 ], [ -61.661455155867721, -5.900833116232601 ] ] ] } },
{ "type": "Feature", "properties": { "sword_node_id": 62263500030531, "sword_reach_id": 62263500031, "sword_width": 2209.0, "sword_dist_out": 1987017.0650505943, "file": "62263500030531_1987017.txt" }, "geometry": { "type": "MultiLineString", "coordinates": [ [ [ -61.666212915794581, -5.847154245116542 ], [ -61.662751423271075, -5.858362639569179 ], [ -61.662290572628521, -5.863745518785334 ], [ -61.661677501640682, -5.870324469354047 ], [ -61.655528828505467, -5.880928092048967 ], [ -61.651755075466895, -5.897519507805916 ] ] ] } },
{ "type": "Feature", "properties": { "sword_node_id": 62263500030291, "sword_reach_id": 62263500031, "sword_width": 2325.0, "sword_dist_out": 1982242.0914438616, "file": "62263500030291_1982242.txt" }, "geometry": { "type": "MultiLineString", "coordinates": [ [ [ -61.622936689296097, -5.833889144370167 ], [ -61.618699221108784, -5.856760274746865 ], [ -61.615389778203763, -5.866472997499817 ], [ -61.612510804649389, -5.883215675001813 ], [ -61.617541607714529, -5.902221273076112 ] ] ] } },
{ "type": "Feature", "properties": { "sword_node_id": 62263500030061, "sword_reach_id": 62263500031, "sword_width": 2209.0, "sword_dist_out": 1977640.5499192968, "file": "62263500030061_1977640.txt" }, "geometry": { "type": "MultiLineString", "coordinates": [ [ [ -61.588888702485157, -5.833804799264602 ], [ -61.580467321520935, -5.857113417262108 ], [ -61.577872481249656, -5.879240195824844 ], [ -61.572316627633164, -5.891040411874809 ], [ -61.558987010056562, -5.905661846349814 ] ] ] } },
{ "type": "Feature", "properties": { "sword_node_id": 62263500020881, "sword_reach_id": 62263500021, "sword_width": 3312.0, "sword_dist_out": 1976263.0461072912, "file": "62263500020881_1976263.txt" }, "geometry": { "type": "MultiLineString", "coordinates": [ [ [ -61.57992954199046, -5.833483163715877 ], [ -61.573314672307966, -5.850963729085058 ], [ -61.569230428543008, -5.871441568806616 ], [ -61.55487253734114, -5.879629798274091 ], [ -61.545017922255788, -5.878856471114744 ] ] ] } },
{ "type": "Feature", "properties": { "sword_node_id": 62263500020771, "sword_reach_id": 62263500021, "sword_width": 1092.0, "sword_dist_out": 1974063.7593002322, "file": "62263500020771_1974063.txt" }, "geometry": { "type": "MultiLineString", "coordinates": [ [ [ -61.55977598184343, -5.831039170084705 ], [ -61.555699267493239, -5.848525891714099 ] ] ] } },
{ "type": "Feature", "properties": { "sword_node_id": 62263500020521, "sword_reach_id": 62263500021, "sword_width": 1344.0, "sword_dist_out": 1969033.8023774226, "file": "62263500020521_1969033.txt" }, "geometry": { "type": "MultiLineString", "coordinates": [ [ [ -61.511060245149444, -5.839063565525127 ], [ -61.512050225605833, -5.840577265863833 ], [ -61.514316325613201, -5.844818606582919 ], [ -61.515194598709861, -5.846396008813124 ], [ -61.522290478253559, -5.858936547236041 ] ] ] } },
{ "type": "Feature", "properties": { "sword_node_id": 62263500020471, "sword_reach_id": 62263500021, "sword_width": 984.0, "sword_dist_out": 1968040.3910209031, "file": "62263500020471_1968040.txt" }, "geometry": { "type": "MultiLineString", "coordinates": [ [ [ -61.501501674251919, -5.844645212163176 ], [ -61.517876716848022, -5.864129619265812 ] ] ] } },
{ "type": "Feature", "properties": { "sword_node_id": 62263500020421, "sword_reach_id": 62263500021, "sword_width": 1718.0, "sword_dist_out": 1967028.2532871643, "file": "62263500020421_1967028.txt" }, "geometry": { "type": "MultiLineString", "coordinates": [ [ [ -61.496564058731082, -5.849111921501741 ], [ -61.498357579999357, -5.851454936345061 ], [ -61.499757486374747, -5.855151009391681 ], [ -61.500727829802379, -5.857271264246643 ], [ -61.510006072554638, -5.868582624794032 ] ] ] } },
{ "type": "Feature", "properties": { "sword_node_id": 62263500020371, "sword_reach_id": 62263500021, "sword_width": 2089.0, "sword_dist_out": 1966009.8269339257, "file": "62263500020371_1966009.txt" }, "geometry": { "type": "MultiLineString", "coordinates": [ [ [ -61.490024497634927, -5.854547524023345 ], [ -61.491728365009799, -5.856944242040012 ], [ -61.493260177530161, -5.860590071729752 ], [ -61.494281429534432, -5.863007430601793 ], [ -61.502560588748814, -5.876041084441869 ] ] ] } },
{ "type": "Feature", "properties": { "sword_node_id": 62263500020301, "sword_reach_id": 62263500021, "sword_width": 1950.0, "sword_dist_out": 1964635.0491846551, "file": "62263500020301_1964635.txt" }, "geometry": { "type": "MultiLineString", "coordinates": [ [ [ -61.484189329789139, -5.859775033568322 ], [ -61.485039458579315, -5.861931615401599 ], [ -61.485357317854259, -5.870728842645542 ], [ -61.489839025945962, -5.882716668063285 ] ] ] } },
{ "type": "Feature", "properties": { "sword_node_id": 62263500020251, "sword_reach_id": 62263500021, "sword_width": 1849.0, "sword_dist_out": 1963598.6106867346, "file": "62263500020251_1963598.txt" }, "geometry": { "type": "MultiLineString", "coordinates": [ [ [ -61.477907044778227, -5.862633547761044 ], [ -61.477611775729727, -5.864690964624642 ], [ -61.476982679991046, -5.867065591010068 ], [ -61.477098916381067, -5.868634526579894 ], [ -61.477273761526057, -5.87080693686245 ], [ -61.477329421559958, -5.872496370623386 ], [ -61.4774841179308, -5.874389750553376 ], [ -61.478621764647123, -5.884989243344165 ] ] ] } },
{ "type": "Feature", "properties": { "sword_node_id": 62263500020201, "sword_reach_id": 62263500021, "sword_width": 1832.0, "sword_dist_out": 1962591.4984008099, "file": "62263500020201_1962591.txt" }, "geometry": { "type": "MultiLineString", "coordinates": [ [ [ -61.473727382364601, -5.859347159889582 ], [ -61.47129994826691, -5.865498530943462 ], [ -61.470281710504935, -5.8680197170378 ], [ -61.469765514425248, -5.868747785482542 ], [ -61.469421421920778, -5.86921886055705 ], [ -61.468686752055717, -5.87149110979213 ], [ -61.467258947824035, -5.876507729983127 ], [ -61.466657045385389, -5.878533755984598 ] ] ] } },
{ "type": "Feature", "properties": { "sword_node_id": 62263500020171, "sword_reach_id": 62263500021, "sword_width": 1745.0, "sword_dist_out": 1961994.5775633664, "file": "62263500020171_1961994.txt" }, "geometry": { "type": "MultiLineString", "coordinates": [ [ [ -61.471889247330331, -5.85348364915468 ], [ -61.464634720812057, -5.864614320643313 ], [ -61.461968487091596, -5.868082747280521 ], [ -61.459604883270863, -5.870565047206845 ], [ -61.459560971941023, -5.870951119703008 ], [ -61.458406045098521, -5.871836176949366 ] ] ] } },
{ "type": "Feature", "properties": { "sword_node_id": 62263500020121, "sword_reach_id": 62263500021, "sword_width": 1455.5, "sword_dist_out": 1961019.1714799518, "file": "62263500020121_1961019.txt" }, "geometry": { "type": "MultiLineString", "coordinates": [ [ [ -61.468931479283299, -5.850688625280651 ], [ -61.450677201794512, -5.863798153668095 ] ] ] } },
{ "type": "Feature", "properties": { "sword_node_id": 62263500010771, "sword_reach_id": 62263500011, "sword_width": 1287.0, "sword_dist_out": 1956190.8108076793, "file": "62263500010771_1956190.txt" }, "geometry": { "type": "MultiLineString", "coordinates": [ [ [ -61.449486038715669, -5.808195404413953 ], [ -61.441458031068358, -5.817145774260584 ], [ -61.432368594758273, -5.821068457888447 ], [ -61.425414914863566, -5.830141096555096 ] ] ] } },
{ "type": "Feature", "properties": { "sword_node_id": 62263500010461, "sword_reach_id": 62263500011, "sword_width": 1232.0, "sword_dist_out": 1949971.0647149591, "file": "62263500010461_1949971.txt" }, "geometry": { "type": "MultiLineString", "coordinates": [ [ [ -61.391753428209469, -5.788803528778342 ], [ -61.392025515089344, -5.790536067193031 ], [ -61.392614397488337, -5.794399559401642 ], [ -61.392951318351109, -5.796460153874888 ], [ -61.393823988377306, -5.802393453865142 ] ] ] } },
{ "type": "Feature", "properties": { "sword_node_id": 62263500010231, "sword_reach_id": 62263500011, "sword_width": 1185.5, "sword_dist_out": 1945374.9625967613, "file": "62263500010231_1945374.txt" }, "geometry": { "type": "MultiLineString", "coordinates": [ [ [ -61.353780908934844, -5.81656754719494 ], [ -61.354979924181208, -5.817558264316771 ], [ -61.358403800537566, -5.820310081188948 ], [ -61.361019623625808, -5.822480273784154 ], [ -61.367468797314345, -5.826012032373668 ] ] ] } },
{ "type": "Feature", "properties": { "sword_node_id": 62263500010181, "sword_reach_id": 62263500011, "sword_width": 1050.0, "sword_dist_out": 1944346.2393736106, "file": "62263500010181_1944346.txt" }, "geometry": { "type": "MultiLineString", "coordinates": [ [ [ -61.349242048728229, -5.81943085904012 ], [ -61.351152333958574, -5.825163135436148 ], [ -61.364125197150855, -5.833315960715711 ] ] ] } },
{ "type": "Feature", "properties": { "sword_node_id": 62263500010121, "sword_reach_id": 62263500011, "sword_width": 1399.5, "sword_dist_out": 1943164.9890806882, "file": "62263500010121_1943164.txt" }, "geometry": { "type": "MultiLineString", "coordinates": [ [ [ -61.344794340881968, -5.820853350229747 ], [ -61.345045211067742, -5.829821968143491 ], [ -61.348944503790889, -5.836760756534485 ], [ -61.349657440398872, -5.838054823754709 ], [ -61.355943014574372, -5.845466224168783 ] ] ] } },
{ "type": "Feature", "properties": { "sword_node_id": 62263500010071, "sword_reach_id": 62263500011, "sword_width": 2209.0, "sword_dist_out": 1942148.0732465682, "file": "62263500010071_1942148.txt" }, "geometry": { "type": "MultiLineString", "coordinates": [ [ [ -61.339066684460263, -5.818826780894174 ], [ -61.338130134396614, -5.834001419874812 ], [ -61.340403754951616, -5.840755078153795 ], [ -61.341962160182106, -5.847004196829653 ], [ -61.344031382206111, -5.850168453954685 ], [ -61.34803644895505, -5.853123085477086 ] ] ] } },
{ "type": "Feature", "properties": { "sword_node_id": 62263500010011, "sword_reach_id": 62263500011, "sword_width": 3929.5, "sword_dist_out": 1940951.6219328446, "file": "62263500010011_1940951.txt" }, "geometry": { "type": "MultiLineString", "coordinates": [ [ [ -61.331337015758017, -5.815215183157246 ], [ -61.328161511061353, -5.836125158593813 ], [ -61.330722751995651, -5.842520801510683 ], [ -61.332632175814631, -5.851211335269781 ], [ -61.335201782761281, -5.854807756723961 ], [ -61.337273099368154, -5.85725428242564 ] ] ] } },
{ "type": "Feature", "properties": { "sword_node_id": 62263300060661, "sword_reach_id": 62263300061, "sword_width": 2441.0, "sword_dist_out": 1940380.4907778038, "file": "62263300060661_1940380.txt" }, "geometry": { "type": "MultiLineString", "coordinates": [ [ [ -61.329923405423244, -5.814749073707753 ], [ -61.323040271276355, -5.849919306941572 ], [ -61.318032848390388, -5.858909770124087 ] ] ] } },
{ "type": "Feature", "properties": { "sword_node_id": 62263300060611, "sword_reach_id": 62263300061, "sword_width": 2305.5, "sword_dist_out": 1939409.1592103767, "file": "62263300060611_1939409.txt" }, "geometry": { "type": "MultiLineString", "coordinates": [ [ [ -61.328512724416626, -5.814306406397788 ], [ -61.322518715581467, -5.829648571390012 ], [ -61.317558526770007, -5.834658040182533 ], [ -61.30699909828239, -5.842593370704542 ] ] ] } },
{ "type": "Feature", "properties": { "sword_node_id": 62263300060571, "sword_reach_id": 62263300061, "sword_width": 2086.0, "sword_dist_out": 1938583.9139208954, "file": "62263300060571_1938583.txt" }, "geometry": { "type": "MultiLineString", "coordinates": [ [ [ -61.327151030056299, -5.814302373293356 ], [ -61.323184191222566, -5.822760110665095 ], [ -61.312419294567377, -5.827608693867434 ], [ -61.303238969388303, -5.829806132138049 ] ] ] } },
{ "type": "Feature", "properties": { "sword_node_id": 62263300060531, "sword_reach_id": 62263300061, "sword_width": 1977.0, "sword_dist_out": 1937819.3874349641, "file": "62263300060531_1937819.txt" }, "geometry": { "type": "MultiLineString", "coordinates": [ [ [ -61.32428813131083, -5.813001924644307 ], [ -61.316670438438337, -5.820013240589056 ], [ -61.299245591211474, -5.823119048947587 ] ] ] } },
{ "type": "Feature", "properties": { "sword_node_id": 62263300060481, "sword_reach_id": 62263300061, "sword_width": 1557.0, "sword_dist_out": 1936795.7709312155, "file": "62263300060481_1936795.txt" }, "geometry": { "type": "MultiLineString", "coordinates": [ [ [ -61.315933559658838, -5.809754752280373 ], [ -61.308486088135098, -5.812023255135477 ], [ -61.304970280545014, -5.81291376656716 ], [ -61.302356766152286, -5.813985172404056 ], [ -61.299940669388619, -5.814726328260486 ] ] ] } },
{ "type": "Feature", "properties": { "sword_node_id": 62263300060421, "sword_reach_id": 62263300061, "sword_width": 1140.5, "sword_dist_out": 1935591.8844663752, "file": "62263300060421_1935591.txt" }, "geometry": { "type": "MultiLineString", "coordinates": [ [ [ -61.311099440007638, -5.800841444112622 ], [ -61.305943980543667, -5.802490222125308 ], [ -61.303070739913522, -5.803425569277309 ], [ -61.300797668639397, -5.804233981187644 ], [ -61.298168550292495, -5.804871284838273 ] ] ] } },
{ "type": "Feature", "properties": { "sword_node_id": 62263300060371, "sword_reach_id": 62263300061, "sword_width": 819.0, "sword_dist_out": 1934601.4078051706, "file": "62263300060371_1934601.txt" }, "geometry": { "type": "MultiLineString", "coordinates": [ [ [ -61.30628708320193, -5.792104697171037 ], [ -61.294689507376113, -5.79601751257438 ] ] ] } },
{ "type": "Feature", "properties": { "sword_node_id": 62263300060121, "sword_reach_id": 62263300061, "sword_width": 1176.5, "sword_dist_out": 1929621.3327534322, "file": "62263300060121_1929621.txt" }, "geometry": { "type": "MultiLineString", "coordinates": [ [ [ -61.289627332316378, -5.752620948096212 ], [ -61.287907933234649, -5.753250781684632 ], [ -61.287603766146255, -5.753519955255529 ], [ -61.286322917202369, -5.753516108901949 ], [ -61.281603804811915, -5.753569434146915 ], [ -61.279479893082751, -5.75369807481175 ], [ -61.278198947642203, -5.753727970446457 ], [ -61.276321559576012, -5.754084560548046 ] ] ] } },
{ "type": "Feature", "properties": { "sword_node_id": 62263300050391, "sword_reach_id": 62263300051, "sword_width": 1321.0, "sword_dist_out": 1924613.0533789899, "file": "62263300050391_1924613.txt" }, "geometry": { "type": "MultiLineString", "coordinates": [ [ [ -61.287685024494941, -5.708039128802696 ], [ -61.28103373903631, -5.707518089064195 ], [ -61.280865220301848, -5.707517585235061 ], [ -61.280628992250364, -5.707618161113159 ], [ -61.2802922567178, -5.707515871847007 ], [ -61.280022526205336, -5.707548825779281 ], [ -61.27958437773755, -5.70754751494355 ], [ -61.27385424828649, -5.707699144149903 ], [ -61.269640286501762, -5.708024083072453 ], [ -61.262944168789012, -5.708127115174324 ] ] ] } },
{ "type": "Feature", "properties": { "sword_node_id": 62263300050131, "sword_reach_id": 62263300051, "sword_width": 1597.0, "sword_dist_out": 1919382.6796773528, "file": "62263300050131_1919382.txt" }, "geometry": { "type": "MultiLineString", "coordinates": [ [ [ -61.2780419977639, -5.657719943138819 ], [ -61.27442043209853, -5.659370152538461 ], [ -61.274007086498678, -5.659856576436396 ], [ -61.272544489164922, -5.660602456968533 ], [ -61.266992740036265, -5.663886917735343 ], [ -61.261873068930527, -5.666792639605866 ], [ -61.258873816360989, -5.669801406405292 ] ] ] } },
{ "type": "Feature", "properties": { "sword_node_id": 62263300040441, "sword_reach_id": 62263300041, "sword_width": 1113.0, "sword_dist_out": 1914778.3584889108, "file": "62263300040441_1914778.txt" }, "geometry": { "type": "MultiLineString", "coordinates": [ [ [ -61.231427728788482, -5.647619075615428 ], [ -61.224608374758624, -5.661729308282643 ], [ -61.223220775340117, -5.663248989158717 ] ] ] } },
{ "type": "Feature", "properties": { "sword_node_id": 62263300040181, "sword_reach_id": 62263300041, "sword_width": 1562.0, "sword_dist_out": 1909562.3272038496, "file": "62263300040181_1909562.txt" }, "geometry": { "type": "MultiLineString", "coordinates": [ [ [ -61.186271473881909, -5.631120728622352 ], [ -61.185684927396977, -5.632829715488056 ], [ -61.181687603360324, -5.646802144002256 ], [ -61.181185408167202, -5.648432587887632 ] ] ] } },
{ "type": "Feature", "properties": { "sword_node_id": 62263300030851, "sword_reach_id": 62263300031, "sword_width": 1675.0, "sword_dist_out": 1904556.086445332, "file": "62263300030851_1904556.txt" }, "geometry": { "type": "MultiLineString", "coordinates": [ [ [ -61.149195803744767, -5.614333216540631 ], [ -61.148003966099949, -5.615415289310569 ], [ -61.146821513916166, -5.616390533847733 ], [ -61.143577293176072, -5.61935096744898 ], [ -61.137562652741288, -5.624598096078969 ], [ -61.137347892918712, -5.625079656795577 ], [ -61.135736993061734, -5.626578461168685 ] ] ] } },
{ "type": "Feature", "properties": { "sword_node_id": 62263300030591, "sword_reach_id": 62263300031, "sword_width": 1103.0, "sword_dist_out": 1899328.8020631692, "file": "62263300030591_1899328.txt" }, "geometry": { "type": "MultiLineString", "coordinates": [ [ [ -61.119668255336293, -5.578990717694334 ], [ -61.116340908220899, -5.582023362961012 ], [ -61.115890584321924, -5.582359498018141 ], [ -61.112061431274967, -5.58564796989728 ], [ -61.109433725218892, -5.587852524013301 ], [ -61.109169617659354, -5.588489319347713 ], [ -61.10774253966791, -5.589872537284858 ], [ -61.106398289098323, -5.590938907665393 ] ] ] } },
{ "type": "Feature", "properties": { "sword_node_id": 62263300030341, "sword_reach_id": 62263300031, "sword_width": 1051.0, "sword_dist_out": 1894322.6167419418, "file": "62263300030341_1894322.txt" }, "geometry": { "type": "MultiLineString", "coordinates": [ [ [ -61.069768134346113, -5.571351373711393 ], [ -61.070248568539284, -5.572940129130198 ], [ -61.070693449440846, -5.574148685406366 ], [ -61.070691611990576, -5.574711295884685 ], [ -61.070877810479949, -5.575011968492912 ], [ -61.071506991226414, -5.577226990090364 ], [ -61.0728784434095, -5.581650702675137 ], [ -61.073342562484051, -5.582732112811987 ] ] ] } },
{ "type": "Feature", "properties": { "sword_node_id": 62263300030091, "sword_reach_id": 62263300031, "sword_width": 1694.0, "sword_dist_out": 1889308.4833784357, "file": "62263300030091_1889308.txt" }, "geometry": { "type": "MultiLineString", "coordinates": [ [ [ -61.026022010650117, -5.581020144205066 ], [ -61.026789857496823, -5.582854723163262 ], [ -61.026638610766419, -5.583304296678097 ], [ -61.027492721191173, -5.585370038948102 ], [ -61.027601513640882, -5.586420594846557 ], [ -61.02801066860291, -5.587209612070597 ], [ -61.028787404039953, -5.59002523244291 ], [ -61.030961206423932, -5.596787083469979 ], [ -61.031891543540098, -5.599149160091029 ] ] ] } },
{ "type": "Feature", "properties": { "sword_node_id": 62263300020641, "sword_reach_id": 62263300021, "sword_width": 1124.0, "sword_dist_out": 1884520.7735784533, "file": "62263300020641_1884520.txt" }, "geometry": { "type": "MultiLineString", "coordinates": [ [ [ -60.989479817504815, -5.598734773833757 ], [ -60.98992884975614, -5.601070193797904 ], [ -60.989665390203967, -5.601481854849239 ], [ -60.987668463798776, -5.60522558547379 ], [ -60.986312547724857, -5.607621296445258 ], [ -60.985595990459089, -5.609156568779017 ], [ -60.985029896006999, -5.610435992858145 ] ] ] } },
{ "type": "Feature", "properties": { "sword_node_id": 62263300020381, "sword_reach_id": 62263300021, "sword_width": 1320.0, "sword_dist_out": 1879292.9397225298, "file": "62263300020381_1879292.txt" }, "geometry": { "type": "MultiLineString", "coordinates": [ [ [ -60.952605751189445, -5.573577850695601 ], [ -60.950894111543526, -5.576519134708854 ], [ -60.950517177306544, -5.577267922842178 ], [ -60.950215238366084, -5.577979466717898 ], [ -60.949689220477623, -5.578540208688184 ], [ -60.949499579092894, -5.579252143164689 ], [ -60.948482754694538, -5.581011331734897 ], [ -60.945393888737051, -5.586551273277832 ], [ -60.943982581889863, -5.589333681409826 ] ] ] } },
{ "type": "Feature", "properties": { "sword_node_id": 62263300020131, "sword_reach_id": 62263300021, "sword_width": 1790.0, "sword_dist_out": 1874293.1166622899, "file": "62263300020131_1874293.txt" }, "geometry": { "type": "MultiLineString", "coordinates": [ [ [ -60.918002357276329, -5.546022577670784 ], [ -60.915932808022397, -5.547744228220205 ], [ -60.914945816324995, -5.549069501971434 ], [ -60.914499618644683, -5.550249041853121 ], [ -60.9141591346106, -5.550737479356255 ], [ -60.911978399161022, -5.554866161318983 ], [ -60.908913716825609, -5.560367160956071 ], [ -60.908419765544892, -5.561152815867517 ], [ -60.906971170528976, -5.563299394403632 ] ] ] } },
{ "type": "Feature", "properties": { "sword_node_id": 62263300010871, "sword_reach_id": 62263300011, "sword_width": 2013.0, "sword_dist_out": 1869462.0716141253, "file": "62263300010871_1869462.txt" }, "geometry": { "type": "MultiLineString", "coordinates": [ [ [ -60.88984164752523, -5.513281396940304 ], [ -60.88852021502457, -5.514960075964797 ], [ -60.887694205486284, -5.515674657953426 ], [ -60.88567919224969, -5.518501678205684 ], [ -60.882442797714837, -5.522848045467917 ], [ -60.873271587123995, -5.532407957567517 ], [ -60.872844983306877, -5.533164801457591 ], [ -60.871257164244852, -5.536639012118926 ], [ -60.870391830018782, -5.538322043209644 ], [ -60.870210239290998, -5.53903889699197 ], [ -60.868726731679921, -5.540894294505418 ] ] ] } },
{ "type": "Feature", "properties": { "sword_node_id": 62263300010661, "sword_reach_id": 62263300011, "sword_width": 1217.0, "sword_dist_out": 1865255.1906889444, "file": "62263300010661_1865255.txt" }, "geometry": { "type": "MultiLineString", "coordinates": [ [ [ -60.849254174532412, -5.500577709158003 ], [ -60.848217073796327, -5.50292511350268 ], [ -60.847413277507513, -5.504112674600933 ], [ -60.846367138823176, -5.505503055926709 ], [ -60.844606405870607, -5.508635839445639 ], [ -60.84443529539702, -5.509185996036492 ], [ -60.843183762675842, -5.510706023125871 ], [ -60.839543704580407, -5.517260408766452 ], [ -60.838850179110977, -5.51772837268192 ], [ -60.838079117736712, -5.519018849929969 ] ] ] } },
{ "type": "Feature", "properties": { "sword_node_id": 62263300010411, "sword_reach_id": 62263300011, "sword_width": 1231.0, "sword_dist_out": 1860245.3427130408, "file": "62263300010411_1860245.txt" }, "geometry": { "type": "MultiLineString", "coordinates": [ [ [ -60.805758358155501, -5.486044192296669 ], [ -60.804981389164524, -5.487646842526287 ], [ -60.804852848856775, -5.488112399876398 ], [ -60.801959901708592, -5.493016248535285 ], [ -60.801066452452723, -5.494538141857785 ], [ -60.800684698959373, -5.494875664833585 ], [ -60.799366274327433, -5.496989112659621 ], [ -60.799172625294688, -5.49779097416023 ], [ -60.798332461150508, -5.499281900798819 ] ] ] } },
{ "type": "Feature", "properties": { "sword_node_id": 62263300010151, "sword_reach_id": 62263300011, "sword_width": 1523.5, "sword_dist_out": 1855055.6746356599, "file": "62263300010151_1855055.txt" }, "geometry": { "type": "MultiLineString", "coordinates": [ [ [ -60.764775856617327, -5.465054742408351 ], [ -60.764155171097457, -5.466186851893783 ], [ -60.764077717875921, -5.466586319942936 ], [ -60.760478560692576, -5.472397144226975 ], [ -60.758089789845677, -5.476327613807157 ], [ -60.757039064783569, -5.47844888838382 ], [ -60.754784854106688, -5.48279563029809 ] ] ] } },
{ "type": "Feature", "properties": { "sword_node_id": 62263100050441, "sword_reach_id": 62263100051, "sword_width": 732.0, "sword_dist_out": 1849858.1761341607, "file": "62263100050441_1849858.txt" }, "geometry": { "type": "MultiLineString", "coordinates": [ [ [ -60.737161542363971, -5.445257512956438 ], [ -60.736050242246904, -5.445108454516053 ], [ -60.735423576488714, -5.445210701672655 ], [ -60.734171812764458, -5.444996786257966 ], [ -60.732085413446434, -5.444675122837573 ], [ -60.729738073142563, -5.444352469526905 ], [ -60.727122845478092, -5.444215082291088 ] ] ] } },
{ "type": "Feature", "properties": { "sword_node_id": 62263100050191, "sword_reach_id": 62263100051, "sword_width": 1600.0, "sword_dist_out": 1844811.3190898872, "file": "62263100050191_1844811.txt" }, "geometry": { "type": "MultiLineString", "coordinates": [ [ [ -60.753706736477866, -5.401887708974665 ], [ -60.752077237480144, -5.401600642485675 ], [ -60.744616929218374, -5.400945342799097 ], [ -60.736782169375779, -5.400250075974448 ], [ -60.735436394812744, -5.40017848891318 ] ] ] } },
{ "type": "Feature", "properties": { "sword_node_id": 62263100050061, "sword_reach_id": 62263100051, "sword_width": 1749.0, "sword_dist_out": 1842209.2518547585, "file": "62263100050061_1842209.txt" }, "geometry": { "type": "MultiLineString", "coordinates": [ [ [ -60.758135836006701, -5.375723090345766 ], [ -60.756664239520092, -5.37576203306585 ], [ -60.748108707502453, -5.376702791941677 ], [ -60.737100899115603, -5.37920965962366 ], [ -60.729294067899303, -5.381536636724499 ], [ -60.728011804865567, -5.382180434854176 ] ] ] } },
{ "type": "Feature", "properties": { "sword_node_id": 62263100040441, "sword_reach_id": 62263100041, "sword_width": 1940.0, "sword_dist_out": 1837389.4409543835, "file": "62263100040441_1837389.txt" }, "geometry": { "type": "MultiLineString", "coordinates": [ [ [ -60.746464828137078, -5.329627952101602 ], [ -60.744383128424403, -5.330433313809888 ], [ -60.739276278453517, -5.332576006671573 ], [ -60.735997519379438, -5.334110245205649 ], [ -60.722300139755212, -5.34016583472757 ], [ -60.721261259101638, -5.340276246399734 ], [ -60.717923301260136, -5.341252339980263 ], [ -60.71514888345358, -5.342230509404462 ], [ -60.713496062475045, -5.342706776631887 ] ] ] } },
{ "type": "Feature", "properties": { "sword_node_id": 62263100040281, "sword_reach_id": 62263100041, "sword_width": 2004.0, "sword_dist_out": 1834222.6905524775, "file": "62263100040281_1834222.txt" }, "geometry": { "type": "MultiLineString", "coordinates": [ [ [ -60.718086069741389, -5.298140510170817 ], [ -60.717357744648687, -5.301958603293314 ], [ -60.716376178936351, -5.30960563041255 ], [ -60.716220815233001, -5.309992211991732 ], [ -60.710323217431693, -5.317445054248646 ], [ -60.709999482448097, -5.317524901654967 ], [ -60.708053922515141, -5.318854992855802 ], [ -60.703832846871805, -5.322051381125946 ], [ -60.702514373570253, -5.32277895371027 ] ] ] } },
{ "type": "Feature", "properties": { "sword_node_id": 62263100040081, "sword_reach_id": 62263100041, "sword_width": 1055.0, "sword_dist_out": 1830234.9317669182, "file": "62263100040081_1830234.txt" }, "geometry": { "type": "MultiLineString", "coordinates": [ [ [ -60.680592250581277, -5.295069345394587 ], [ -60.680524799961375, -5.296301632776697 ], [ -60.679818326430805, -5.301445548070887 ], [ -60.679732778976721, -5.302701474623452 ], [ -60.679212771294488, -5.306149435571252 ], [ -60.678869386543077, -5.308169278813795 ] ] ] } },
{ "type": "Feature", "properties": { "sword_node_id": 62263100030451, "sword_reach_id": 62263100031, "sword_width": 1188.0, "sword_dist_out": 1825290.3198196194, "file": "62263100030451_1825290.txt" }, "geometry": { "type": "MultiLineString", "coordinates": [ [ [ -60.638307677628454, -5.290502549394628 ], [ -60.635177017703981, -5.306391315672955 ], [ -60.630873603818486, -5.316633312022325 ] ] ] } },
{ "type": "Feature", "properties": { "sword_node_id": 62263100030201, "sword_reach_id": 62263100031, "sword_width": 1303.0, "sword_dist_out": 1820316.2979882217, "file": "62263100030201_1820316.txt" }, "geometry": { "type": "MultiLineString", "coordinates": [ [ [ -60.599983109039343, -5.274440763878644 ], [ -60.599039918208213, -5.275905009704368 ], [ -60.598578359111009, -5.27672379216401 ], [ -60.598184053121415, -5.277083316727139 ], [ -60.59630657248502, -5.279964442634085 ], [ -60.595712893668008, -5.281078111489075 ], [ -60.595350060455878, -5.281765979923675 ], [ -60.594922246117036, -5.282322305625338 ], [ -60.59416421135947, -5.283599446312285 ], [ -60.593769517803842, -5.284057430991915 ], [ -60.593175828329969, -5.285171093437367 ], [ -60.592675849463618, -5.28640373973002 ] ] ] } },
{ "type": "Feature", "properties": { "sword_node_id": 62263100020761, "sword_reach_id": 62263100021, "sword_width": 1252.0, "sword_dist_out": 1815364.2158658148, "file": "62263100020761_1815364.txt" }, "geometry": { "type": "MultiLineString", "coordinates": [ [ [ -60.561575789166952, -5.251301604911093 ], [ -60.56058935145321, -5.253337954021963 ], [ -60.559865857776373, -5.254155668367522 ], [ -60.559173569114535, -5.2553673639034 ], [ -60.55749367205209, -5.257953700165115 ], [ -60.554627255258268, -5.262537487914011 ], [ -60.553918334515153, -5.263944146579593 ] ] ] } },
{ "type": "Feature", "properties": { "sword_node_id": 62263100020511, "sword_reach_id": 62263100021, "sword_width": 925.0, "sword_dist_out": 1810327.279555395, "file": "62263100020511_1810327.txt" }, "geometry": { "type": "MultiLineString", "coordinates": [ [ [ -60.531975883990604, -5.221838517233031 ], [ -60.530508533714098, -5.222912796312936 ], [ -60.527256177414422, -5.226002188132974 ], [ -60.524781602569163, -5.228302045516396 ], [ -60.522802349201378, -5.229930926267277 ] ] ] } },
{ "type": "Feature", "properties": { "sword_node_id": 62263100020271, "sword_reach_id": 62263100021, "sword_width": 1255.5, "sword_dist_out": 1805513.5552036692, "file": "62263100020271_1805513.txt" }, "geometry": { "type": "MultiLineString", "coordinates": [ [ [ -60.495731294952328, -5.191106077422186 ], [ -60.495456930626823, -5.192893701810553 ], [ -60.495250694839022, -5.193946371746155 ], [ -60.494712168280323, -5.19726677268222 ], [ -60.494381475497832, -5.199129321444348 ], [ -60.494132571169985, -5.20074908182713 ], [ -60.493886390159396, -5.201680033707752 ], [ -60.493884465584024, -5.202166250919238 ], [ -60.493676773037159, -5.203583580173893 ], [ -60.493160452985087, -5.206541631451032 ] ] ] } },
{ "type": "Feature", "properties": { "sword_node_id": 62263100020021, "sword_reach_id": 62263100021, "sword_width": 1101.0, "sword_dist_out": 1800516.9004635483, "file": "62263100020021_1800516.txt" }, "geometry": { "type": "MultiLineString", "coordinates": [ [ [ -60.453683565759661, -5.177683898402012 ], [ -60.452912065236823, -5.179798326419694 ], [ -60.452910766758109, -5.180122461155395 ], [ -60.45111521508904, -5.184450594141451 ], [ -60.449963094167103, -5.187682103866062 ], [ -60.449492334413172, -5.189732913950571 ] ] ] } },
{ "type": "Feature", "properties": { "sword_node_id": 62263100010381, "sword_reach_id": 62263100011, "sword_width": 825.0, "sword_dist_out": 1797101.911133867, "file": "62263100010381_1797101.txt" }, "geometry": { "type": "MultiLineString", "coordinates": [ [ [ -60.443690784658301, -5.147985128286336 ], [ -60.434175304971383, -5.158710383579606 ], [ -60.421711641880478, -5.169634396806435 ] ] ] } },
{ "type": "Feature", "properties": { "sword_node_id": 62263100010151, "sword_reach_id": 62263100011, "sword_width": 1170.5, "sword_dist_out": 1792482.7633206765, "file": "62263100010151_1792482.txt" }, "geometry": { "type": "MultiLineString", "coordinates": [ [ [ -60.419911358348067, -5.124103193333712 ], [ -60.418367382340634, -5.12467156917548 ], [ -60.417893140810712, -5.125034301981982 ], [ -60.417346750118249, -5.125250883491028 ], [ -60.416873387271266, -5.125394829912851 ], [ -60.414942687726267, -5.126189248696455 ], [ -60.411700556038845, -5.12752531808361 ], [ -60.408693258382463, -5.128832805980056 ], [ -60.40746635713856, -5.129360892265939 ] ] ] } },
{ "type": "Feature", "properties": { "sword_node_id": 62263100010101, "sword_reach_id": 62263100011, "sword_width": 1400.0, "sword_dist_out": 1791477.3520558144, "file": "62263100010101_1791477.txt" }, "geometry": { "type": "MultiLineString", "coordinates": [ [ [ -60.415306104610778, -5.115331585338033 ], [ -60.413638152025236, -5.115973857646207 ], [ -60.412945571102036, -5.116372171469797 ], [ -60.410807280437233, -5.117775434307497 ], [ -60.403296645502557, -5.123348475086536 ], [ -60.402117345352892, -5.124353370386176 ] ] ] } },
{ "type": "Feature", "properties": { "sword_node_id": 62263100010011, "sword_reach_id": 62263100011, "sword_width": 2012.5, "sword_dist_out": 1789682.4853976292, "file": "62263100010011_1789682.txt" }, "geometry": { "type": "MultiLineString", "coordinates": [ [ [ -60.402547719497221, -5.100137094803523 ], [ -60.401565372865932, -5.101168608418678 ], [ -60.399225799299877, -5.104049159857649 ], [ -60.395772496326039, -5.108203446818983 ], [ -60.394936820498366, -5.109256018676207 ], [ -60.394856894572698, -5.109645956881887 ], [ -60.391527666664558, -5.113001519767403 ], [ -60.384659912419686, -5.12181594241874 ], [ -60.383949843671886, -5.122581654832351 ] ] ] } },
{ "type": "Feature", "properties": { "sword_node_id": 62261900070531, "sword_reach_id": 62261900071, "sword_width": 1562.5, "sword_dist_out": 1786536.177112472, "file": "62261900070531_1786536.txt" }, "geometry": { "type": "MultiLineString", "coordinates": [ [ [ -60.370359852549036, -5.084622098598999 ], [ -60.370032994141404, -5.086145863796657 ], [ -60.368796944613109, -5.090253441375816 ], [ -60.368105619594402, -5.09317664876624 ], [ -60.364992445593401, -5.099959865301495 ], [ -60.361424647179412, -5.104006028100222 ], [ -60.360049207482582, -5.105737242264843 ] ] ] } },
{ "type": "Feature", "properties": { "sword_node_id": 62261900070431, "sword_reach_id": 62261900071, "sword_width": 1462.0, "sword_dist_out": 1784739.4104675404, "file": "62261900070431_1784739.txt" }, "geometry": { "type": "MultiLineString", "coordinates": [ [ [ -60.35481390143989, -5.081666240372074 ], [ -60.353639329807933, -5.083188795686153 ], [ -60.350573321816739, -5.087511065320521 ], [ -60.346115059623386, -5.093439232401464 ], [ -60.344792108970339, -5.095298799401355 ] ] ] } },
{ "type": "Feature", "properties": { "sword_node_id": 62261900070131, "sword_reach_id": 62261900071, "sword_width": 1724.0, "sword_dist_out": 1778469.0052027688, "file": "62261900070131_1778469.txt" }, "geometry": { "type": "MultiLineString", "coordinates": [ [ [ -60.310184047913772, -5.050341763146187 ], [ -60.30915401868576, -5.051410514998957 ], [ -60.308711287044446, -5.051548207524049 ], [ -60.304030618255361, -5.057697385715572 ], [ -60.299774574906834, -5.063520758757944 ], [ -60.298578434762938, -5.065035069732128 ] ] ] } },
{ "type": "Feature", "properties": { "sword_node_id": 62261900060701, "sword_reach_id": 62261900061, "sword_width": 1382.0, "sword_dist_out": 1772052.7930351009, "file": "62261900060701_1772052.txt" }, "geometry": { "type": "MultiLineString", "coordinates": [ [ [ -60.279849837152781, -5.009694713543905 ], [ -60.27834609873662, -5.010520443950767 ], [ -60.278095497272332, -5.011059063668167 ], [ -60.268650490934142, -5.017588266889108 ], [ -60.267130873521054, -5.018711120266399 ] ] ] } },
{ "type": "Feature", "properties": { "sword_node_id": 62261900060401, "sword_reach_id": 62261900061, "sword_width": 1574.0, "sword_dist_out": 1766042.5168442079, "file": "62261900060401_1766042.txt" }, "geometry": { "type": "MultiLineString", "coordinates": [ [ [ -60.258346267767656, -4.963893800187048 ], [ -60.255984363027153, -4.964358537155855 ], [ -60.249661791951134, -4.965777047791136 ], [ -60.248217711516546, -4.966604584764893 ], [ -60.243056925435909, -4.969105578438562 ], [ -60.241187575885995, -4.969655357801557 ] ] ] } },
{ "type": "Feature", "properties": { "sword_node_id": 62261900060161, "sword_reach_id": 62261900061, "sword_width": 1991.0, "sword_dist_out": 1761216.9651958919, "file": "62261900060161_1761216.txt" }, "geometry": { "type": "MultiLineString", "coordinates": [ [ [ -60.244735314528654, -4.919688596109166 ], [ -60.241864808970924, -4.921048502238569 ], [ -60.233598897676643, -4.924365716920825 ], [ -60.2262129856203, -4.927308932240882 ], [ -60.223752922014363, -4.928218781634635 ] ] ] } },
{ "type": "Feature", "properties": { "sword_node_id": 62261900050461, "sword_reach_id": 62261900051, "sword_width": 1206.0, "sword_dist_out": 1756416.0417609168, "file": "62261900050461_1756416.txt" }, "geometry": { "type": "MultiLineString", "coordinates": [ [ [ -60.199695334789048, -4.893396489553328 ], [ -60.199589985039339, -4.895549994658407 ], [ -60.198790376164339, -4.902202992778315 ], [ -60.197287864557524, -4.90530880980155 ], [ -60.196476730970652, -4.906795077393429 ] ] ] } },
{ "type": "Feature", "properties": { "sword_node_id": 62261900050201, "sword_reach_id": 62261900051, "sword_width": 2125.0, "sword_dist_out": 1751278.4306942353, "file": "62261900050201_1751278.txt" }, "geometry": { "type": "MultiLineString", "coordinates": [ [ [ -60.153002949364783, -4.892052895108416 ], [ -60.153061645877962, -4.893686569119889 ], [ -60.153191260492413, -4.904769282862635 ], [ -60.153226245994993, -4.912001013805115 ], [ -60.153444227735314, -4.913134618928395 ] ] ] } },
{ "type": "Feature", "properties": { "sword_node_id": 62261900040681, "sword_reach_id": 62261900041, "sword_width": 2376.5, "sword_dist_out": 1746312.0766339661, "file": "62261900040681_1746312.txt" }, "geometry": { "type": "MultiLineString", "coordinates": [ [ [ -60.105099363235425, -4.906795986294481 ], [ -60.106106093739307, -4.907265424075178 ], [ -60.108427561391629, -4.909117677679224 ], [ -60.110016971654254, -4.911810590826291 ], [ -60.112394067763375, -4.919630049345693 ], [ -60.11495779256267, -4.927804344603455 ], [ -60.115357581301595, -4.929476927450637 ] ] ] } },
{ "type": "Feature", "properties": { "sword_node_id": 62261900040431, "sword_reach_id": 62261900041, "sword_width": 1231.0, "sword_dist_out": 1741300.0894521244, "file": "62261900040431_1741300.txt" }, "geometry": { "type": "MultiLineString", "coordinates": [ [ [ -60.071334454879356, -4.90481646119854 ], [ -60.070595408678415, -4.906414247410551 ], [ -60.068172421953697, -4.913125948102372 ], [ -60.066995092190275, -4.916481934411019 ], [ -60.066454998071563, -4.917864189843555 ] ] ] } },
{ "type": "Feature", "properties": { "sword_node_id": 62261900040181, "sword_reach_id": 62261900041, "sword_width": 1334.0, "sword_dist_out": 1736248.293593986, "file": "62261900040181_1736248.txt" }, "geometry": { "type": "MultiLineString", "coordinates": [ [ [ -60.032516328313577, -4.884901820165117 ], [ -60.031908260535488, -4.886145508288115 ], [ -60.029187258666013, -4.891479721231157 ], [ -60.026527036067655, -4.896822125877224 ], [ -60.025599786509453, -4.898702112777419 ] ] ] } },
{ "type": "Feature", "properties": { "sword_node_id": 62261900030921, "sword_reach_id": 62261900031, "sword_width": 2058.0, "sword_dist_out": 1731209.7028812098, "file": "62261900030921_1731209.txt" }, "geometry": { "type": "MultiLineString", "coordinates": [ [ [ -59.993994744928308, -4.861082466510688 ], [ -59.992619975186365, -4.86340397108206 ], [ -59.990619891911642, -4.867236106228096 ], [ -59.98496135120935, -4.878733925602424 ], [ -59.98441522729685, -4.879397024572687 ], [ -59.983062618859755, -4.88205588869845 ] ] ] } },
{ "type": "Feature", "properties": { "sword_node_id": 62261900030671, "sword_reach_id": 62261900031, "sword_width": 1589.5, "sword_dist_out": 1726242.6440651824, "file": "62261900030671_1726242.txt" }, "geometry": { "type": "MultiLineString", "coordinates": [ [ [ -59.958597383360583, -4.834131971082653 ], [ -59.957734879047948, -4.835400247497533 ], [ -59.95559932112473, -4.838957246420633 ], [ -59.953009474359959, -4.843549045456753 ], [ -59.942391528464526, -4.861139761645357 ], [ -59.939953725410291, -4.866527391204776 ], [ -59.939449140334048, -4.867830625850832 ] ] ] } },
{ "type": "Feature", "properties": { "sword_node_id": 62261900030471, "sword_reach_id": 62261900031, "sword_width": 1685.5, "sword_dist_out": 1722267.686413904, "file": "62261900030471_1722267.txt" }, "geometry": { "type": "MultiLineString", "coordinates": [ [ [ -59.925590438398615, -4.819825252290501 ], [ -59.924972311771853, -4.821169443381898 ], [ -59.92265723563775, -4.825085499583237 ], [ -59.920484666635069, -4.828762468040847 ], [ -59.9156992799523, -4.831448671545742 ], [ -59.914004623205294, -4.831646069603876 ], [ -59.912660509947607, -4.83160674495354 ], [ -59.911018834719791, -4.831240674029009 ] ] ] } },
{ "type": "Feature", "properties": { "sword_node_id": 62261900030361, "sword_reach_id": 62261900031, "sword_width": 765.0, "sword_dist_out": 1720070.003746883, "file": "62261900030361_1720070.txt" }, "geometry": { "type": "MultiLineString", "coordinates": [ [ [ -59.918806273618884, -4.811669936738658 ], [ -59.917135070817935, -4.811710635644516 ], [ -59.916536072204615, -4.811907917510633 ], [ -59.912048544320889, -4.812287552384261 ], [ -59.910003698922871, -4.812578259010512 ], [ -59.908165597060886, -4.812608307148466 ] ] ] } },
{ "type": "Feature", "properties": { "sword_node_id": 62261900030121, "sword_reach_id": 62261900031, "sword_width": 1395.0, "sword_dist_out": 1715293.400113557, "file": "62261900030121_1715293.txt" }, "geometry": { "type": "MultiLineString", "coordinates": [ [ [ -59.933606390871795, -4.77315351325228 ], [ -59.932011608700748, -4.772977942103809 ], [ -59.928115273351423, -4.771673445406776 ], [ -59.920516168726841, -4.76902645874631 ], [ -59.918770560748492, -4.76871531022325 ] ] ] } },
{ "type": "Feature", "properties": { "sword_node_id": 62261900020901, "sword_reach_id": 62261900021, "sword_width": 1965.0, "sword_dist_out": 1711268.859346167, "file": "62261900020901_1711268.txt" }, "geometry": { "type": "MultiLineString", "coordinates": [ [ [ -59.949856669328845, -4.739593084685227 ], [ -59.947999696295199, -4.739104694929328 ], [ -59.943129915054058, -4.738227255069096 ], [ -59.936317135227327, -4.736983160535248 ], [ -59.928177605729609, -4.736560852400185 ], [ -59.922045138332429, -4.738983610286049 ], [ -59.920419350310098, -4.739597646569459 ] ] ] } },
{ "type": "Feature", "properties": { "sword_node_id": 62261900020821, "sword_reach_id": 62261900021, "sword_width": 2039.0, "sword_dist_out": 1709686.6679604033, "file": "62261900020821_1709686.txt" }, "geometry": { "type": "MultiLineString", "coordinates": [ [ [ -59.9511388986231, -4.719590510624942 ], [ -59.949589700952956, -4.719855513472912 ], [ -59.946404552255402, -4.720542356568314 ], [ -59.939363418466677, -4.722039073307723 ], [ -59.923561312043148, -4.722940492134851 ], [ -59.922664275278265, -4.722936508832303 ], [ -59.92221399201803, -4.723334505330592 ], [ -59.920067982100576, -4.724024961379811 ], [ -59.91677200229342, -4.725560278079709 ], [ -59.915760412726677, -4.726030281333006 ] ] ] } },
{ "type": "Feature", "properties": { "sword_node_id": 62261900020771, "sword_reach_id": 62261900021, "sword_width": 2147.0, "sword_dist_out": 1708676.7129376531, "file": "62261900020771_1708676.txt" }, "geometry": { "type": "MultiLineString", "coordinates": [ [ [ -59.949046423512556, -4.710076115826903 ], [ -59.947488027755227, -4.710396125491433 ], [ -59.943797330949081, -4.711098305702897 ], [ -59.937681411676181, -4.71249133320333 ], [ -59.923731544547735, -4.713781265850161 ], [ -59.91426534763918, -4.717649242575331 ], [ -59.913283885139045, -4.718049665473959 ] ] ] } },
{ "type": "Feature", "properties": { "sword_node_id": 62261900020721, "sword_reach_id": 62261900021, "sword_width": 2191.5, "sword_dist_out": 1707663.1771887888, "file": "62261900020721_1707663.txt" }, "geometry": { "type": "MultiLineString", "coordinates": [ [ [ -59.945913184565626, -4.702034375443049 ], [ -59.944082558264171, -4.702781065656493 ], [ -59.94059084341135, -4.703515729310834 ], [ -59.934547385209868, -4.704945988265711 ], [ -59.925440479102072, -4.706056585567102 ], [ -59.920081839947038, -4.705256980916244 ], [ -59.913214201713664, -4.707677291727864 ], [ -59.910616934686352, -4.708733177656697 ], [ -59.909791156157105, -4.70910093163614 ] ] ] } },
{ "type": "Feature", "properties": { "sword_node_id": 62261900020531, "sword_reach_id": 62261900021, "sword_width": 1374.5, "sword_dist_out": 1703836.5454395574, "file": "62261900020531_1703836.txt" }, "geometry": { "type": "MultiLineString", "coordinates": [ [ [ -59.933898310115104, -4.668851206449736 ], [ -59.93236042554976, -4.669181223215729 ], [ -59.923621039338045, -4.671494897791799 ], [ -59.917715188846564, -4.66971518132195 ], [ -59.915202401641778, -4.669156508661694 ], [ -59.914538884987294, -4.669047494235279 ] ] ] } },
{ "type": "Feature", "properties": { "sword_node_id": 62261900020421, "sword_reach_id": 62261900021, "sword_width": 1387.5, "sword_dist_out": 1701630.7144387192, "file": "62261900020421_1701630.txt" }, "geometry": { "type": "MultiLineString", "coordinates": [ [ [ -59.933158531981988, -4.650965476557599 ], [ -59.931579580202509, -4.651072808055726 ], [ -59.92353000818283, -4.651655420044142 ], [ -59.918889640618239, -4.652031008317201 ], [ -59.917783609195389, -4.65222440404316 ] ] ] } },
{ "type": "Feature", "properties": { "sword_node_id": 62261900020181, "sword_reach_id": 62261900021, "sword_width": 2741.5, "sword_dist_out": 1696820.7833509697, "file": "62261900020181_1696820.txt" }, "geometry": { "type": "MultiLineString", "coordinates": [ [ [ -59.9321138575757, -4.6070527027697 ], [ -59.930470303224197, -4.607113527211269 ], [ -59.913645864018427, -4.608498202665291 ], [ -59.906268701496309, -4.609116080172896 ], [ -59.904524116150377, -4.60956320280561 ] ] ] } },
{ "type": "Feature", "properties": { "sword_node_id": 62261900020051, "sword_reach_id": 62261900021, "sword_width": 2501.5, "sword_dist_out": 1694205.1481667575, "file": "62261900020051_1694205.txt" }, "geometry": { "type": "MultiLineString", "coordinates": [ [ [ -59.932979243227983, -4.578377061412371 ], [ -59.930962520026185, -4.578787665035088 ], [ -59.927013005561001, -4.579781289388188 ], [ -59.91308463350326, -4.584564729177898 ], [ -59.90339705487893, -4.593353938432072 ], [ -59.898543972128657, -4.597747126873402 ], [ -59.897661865429313, -4.598457421207447 ] ] ] } },
{ "type": "Feature", "properties": { "sword_node_id": 62261900010981, "sword_reach_id": 62261900011, "sword_width": 2109.0, "sword_dist_out": 1693019.6603688984, "file": "62261900010981_1693019.txt" }, "geometry": { "type": "MultiLineString", "coordinates": [ [ [ -59.925328910107297, -4.566777510418577 ], [ -59.924186166502473, -4.567394125806485 ], [ -59.92173552494436, -4.56877244735689 ], [ -59.905740183236261, -4.578180333633561 ], [ -59.897651042343895, -4.585529162717083 ], [ -59.892198762327041, -4.590455264217314 ], [ -59.890389252357259, -4.591988835456001 ] ] ] } },
{ "type": "Feature", "properties": { "sword_node_id": 62261900010791, "sword_reach_id": 62261900011, "sword_width": 1949.0, "sword_dist_out": 1689225.7937078555, "file": "62261900010791_1689225.txt" }, "geometry": { "type": "MultiLineString", "coordinates": [ [ [ -59.905545878906217, -4.537882082344806 ], [ -59.904113398853767, -4.5389545809349 ], [ -59.899592380412152, -4.542850453292766 ], [ -59.881579627123593, -4.551880596275097 ], [ -59.880989347344567, -4.552232536666753 ], [ -59.88085027416345, -4.552625823943378 ], [ -59.875808674619378, -4.557203266147308 ], [ -59.872466402372616, -4.560301233219345 ], [ -59.871620087825058, -4.561077966795061 ] ] ] } },
{ "type": "Feature", "properties": { "sword_node_id": 62261900010611, "sword_reach_id": 62261900011, "sword_width": 2191.0, "sword_dist_out": 1685654.3231400722, "file": "62261900010611_1685654.txt" }, "geometry": { "type": "MultiLineString", "coordinates": [ [ [ -59.890122884547779, -4.517080801728225 ], [ -59.888298142263558, -4.516945827837002 ], [ -59.886247132770279, -4.516719958942522 ], [ -59.883122084635851, -4.516612319262689 ], [ -59.879411012911461, -4.519460799574209 ], [ -59.868084172969155, -4.521869702141562 ], [ -59.861415666715878, -4.525402025790457 ], [ -59.856460627777388, -4.527913068888127 ], [ -59.854951245681463, -4.528680215940488 ] ] ] } },
{ "type": "Feature", "properties": { "sword_node_id": 62261900010451, "sword_reach_id": 62261900011, "sword_width": 2441.0, "sword_dist_out": 1682439.3189730886, "file": "62261900010451_1682439.txt" }, "geometry": { "type": "MultiLineString", "coordinates": [ [ [ -59.897195913369139, -4.485465888255623 ], [ -59.894682843880979, -4.486592866377846 ], [ -59.889785107123643, -4.487534718175027 ], [ -59.85953289343346, -4.495800976384548 ], [ -59.850207514724161, -4.499613539966663 ], [ -59.845237689953109, -4.501623669845693 ], [ -59.842651928419322, -4.502643928489001 ] ] ] } },
{ "type": "Feature", "properties": { "sword_node_id": 62261900010401, "sword_reach_id": 62261900011, "sword_width": 2628.0, "sword_dist_out": 1681463.068140506, "file": "62261900010401_1681463.txt" }, "geometry": { "type": "MultiLineString", "coordinates": [ [ [ -59.873687322331634, -4.474899557616197 ], [ -59.872397024005672, -4.477635118972657 ], [ -59.87070750703969, -4.48097361223782 ], [ -59.857076800316229, -4.488075146540892 ], [ -59.846974006982286, -4.492130853771524 ], [ -59.841666394562999, -4.494305683535844 ], [ -59.839922869826331, -4.49492589912274 ] ] ] } },
{ "type": "Feature", "properties": { "sword_node_id": 62261900010341, "sword_reach_id": 62261900011, "sword_width": 2215.0, "sword_dist_out": 1680255.4091257039, "file": "62261900010341_1680255.txt" }, "geometry": { "type": "MultiLineString", "coordinates": [ [ [ -59.856280681486766, -4.471210017181343 ], [ -59.855740981249191, -4.473947780729848 ], [ -59.855218791227941, -4.478291327135544 ], [ -59.852403622801539, -4.479546253922507 ], [ -59.84298582748346, -4.483180438896025 ], [ -59.837678612310604, -4.485284381199393 ], [ -59.835617177752312, -4.486210771478213 ] ] ] } },
{ "type": "Feature", "properties": { "sword_node_id": 62261900010281, "sword_reach_id": 62261900011, "sword_width": 1442.0, "sword_dist_out": 1679087.212119645, "file": "62261900010281_1679087.txt" }, "geometry": { "type": "MultiLineString", "coordinates": [ [ [ -59.84941054669126, -4.465527363568482 ], [ -59.847363781229596, -4.467201673876692 ], [ -59.838921702115044, -4.474401088921004 ], [ -59.83409783836111, -4.478457517626311 ], [ -59.83322073393591, -4.479274920543952 ] ] ] } },
{ "type": "Feature", "properties": { "sword_node_id": 62261700150671, "sword_reach_id": 62261700151, "sword_width": 1613.0, "sword_dist_out": 1673092.7476977322, "file": "62261700150671_1673092.txt" }, "geometry": { "type": "MultiLineString", "coordinates": [ [ [ -59.814531064109865, -4.425181995527158 ], [ -59.81318913242481, -4.426197646053549 ], [ -59.80742170246446, -4.431056778756231 ], [ -59.802119235959729, -4.435545713720087 ], [ -59.800240368202473, -4.436874156002568 ] ] ] } },
{ "type": "Feature", "properties": { "sword_node_id": 62261700150421, "sword_reach_id": 62261700151, "sword_width": 1713.0, "sword_dist_out": 1668093.0318487021, "file": "62261700150421_1668093.txt" }, "geometry": { "type": "MultiLineString", "coordinates": [ [ [ -59.786124744229554, -4.390306922097424 ], [ -59.784421039247903, -4.391373908521287 ], [ -59.779337767361241, -4.395620129767424 ], [ -59.771444998353807, -4.402341338265701 ], [ -59.770524778366124, -4.403170943101905 ] ] ] } },
{ "type": "Feature", "properties": { "sword_node_id": 62261700150181, "sword_reach_id": 62261700151, "sword_width": 1841.0, "sword_dist_out": 1663307.0103982536, "file": "62261700150181_1663307.txt" }, "geometry": { "type": "MultiLineString", "coordinates": [ [ [ -59.761056700691157, -4.355442345193564 ], [ -59.759302360296473, -4.356866194555917 ], [ -59.756394156048856, -4.358804281239426 ], [ -59.750981672754158, -4.363016325221201 ], [ -59.743708729832804, -4.368204090619139 ], [ -59.741595385170548, -4.370019316851068 ] ] ] } },
{ "type": "Feature", "properties": { "sword_node_id": 62261700140461, "sword_reach_id": 62261700141, "sword_width": 3280.5, "sword_dist_out": 1658689.6885170641, "file": "62261700140461_1658689.txt" }, "geometry": { "type": "MultiLineString", "coordinates": [ [ [ -59.735636319811498, -4.320007275371127 ], [ -59.731927259910719, -4.322873952098441 ], [ -59.723017726290088, -4.330105984670976 ], [ -59.720015621658227, -4.339352480047538 ], [ -59.718993782656661, -4.345740054024015 ], [ -59.717832763757819, -4.353263205663148 ], [ -59.717110015384762, -4.357152515472346 ] ] ] } },
{ "type": "Feature", "properties": { "sword_node_id": 62261700140351, "sword_reach_id": 62261700141, "sword_width": 2205.0, "sword_dist_out": 1656524.1035262875, "file": "62261700140351_1656524.txt" }, "geometry": { "type": "MultiLineString", "coordinates": [ [ [ -59.701824175591888, -4.316622787672983 ], [ -59.702333738313691, -4.319161725002694 ], [ -59.702836673747527, -4.325002857851601 ], [ -59.702665005676096, -4.335125809634095 ], [ -59.701661932735057, -4.342184022943382 ], [ -59.700499517569213, -4.349884114809874 ], [ -59.699300723930818, -4.357119517776856 ] ] ] } },
{ "type": "Feature", "properties": { "sword_node_id": 62261700140181, "sword_reach_id": 62261700141, "sword_width": 927.0, "sword_dist_out": 1653103.1838549618, "file": "62261700140181_1653103.txt" }, "geometry": { "type": "MultiLineString", "coordinates": [ [ [ -59.669779040317231, -4.33863959267109 ], [ -59.672401303422404, -4.339763864322153 ], [ -59.675834834737522, -4.343754759830823 ], [ -59.679659876730966, -4.347925382290036 ], [ -59.680283887184132, -4.349198286568189 ] ] ] } },
{ "type": "Feature", "properties": { "sword_node_id": 62261700130891, "sword_reach_id": 62261700131, "sword_width": 1403.0, "sword_dist_out": 1648931.6260133621, "file": "62261700130891_1648931.txt" }, "geometry": { "type": "MultiLineString", "coordinates": [ [ [ -59.64628405852941, -4.360075096097415 ], [ -59.647153086021241, -4.362287861445894 ], [ -59.648911114050698, -4.367534883991204 ], [ -59.650925135213313, -4.373918447338907 ], [ -59.652608537833949, -4.378421796265866 ] ] ] } },
{ "type": "Feature", "properties": { "sword_node_id": 62261700130701, "sword_reach_id": 62261700131, "sword_width": 2085.0, "sword_dist_out": 1645137.7799483677, "file": "62261700130701_1645137.txt" }, "geometry": { "type": "MultiLineString", "coordinates": [ [ [ -59.621566909117092, -4.361182918047184 ], [ -59.620089983398429, -4.364061003420142 ], [ -59.616266622927803, -4.371613004839713 ], [ -59.614942908126686, -4.378261292487094 ], [ -59.618399670295432, -4.38951862711768 ], [ -59.619822700528914, -4.394137221408407 ] ] ] } },
{ "type": "Feature", "properties": { "sword_node_id": 62261700130531, "sword_reach_id": 62261700131, "sword_width": 1507.5, "sword_dist_out": 1641729.4878580919, "file": "62261700130531_1641729.txt" }, "geometry": { "type": "MultiLineString", "coordinates": [ [ [ -59.59760612389757, -4.347781381870217 ], [ -59.594974722158369, -4.352579460611516 ], [ -59.592024640365587, -4.358586032140465 ], [ -59.587251932392356, -4.369326856870091 ], [ -59.584286431607843, -4.37624234550821 ], [ -59.583350358811529, -4.378398015140884 ] ] ] } },
{ "type": "Feature", "properties": { "sword_node_id": 62261700130401, "sword_reach_id": 62261700131, "sword_width": 1580.0, "sword_dist_out": 1639115.6969489169, "file": "62261700130401_1639115.txt" }, "geometry": { "type": "MultiLineString", "coordinates": [ [ [ -59.578976541939092, -4.340750402904246 ], [ -59.572078459010406, -4.343636249452814 ], [ -59.570524730477302, -4.346038112401213 ], [ -59.567215818771139, -4.353669416639265 ], [ -59.561851041271538, -4.357824537780991 ], [ -59.557486016269117, -4.359618742758836 ] ] ] } },
{ "type": "Feature", "properties": { "sword_node_id": 62261700130191, "sword_reach_id": 62261700131, "sword_width": 1121.0, "sword_dist_out": 1634925.9158262925, "file": "62261700130191_1634925.txt" }, "geometry": { "type": "MultiLineString", "coordinates": [ [ [ -59.577389946333071, -4.321103622243695 ], [ -59.5713619623303, -4.320347539847956 ], [ -59.5629076951885, -4.32018954244395 ], [ -59.558801500434164, -4.320436629759635 ], [ -59.552585323386957, -4.32095213707695 ], [ -59.549091735445614, -4.32183333301567 ] ] ] } },
{ "type": "Feature", "properties": { "sword_node_id": 62261700120531, "sword_reach_id": 62261700121, "sword_width": 2689.5, "sword_dist_out": 1631151.2344676263, "file": "62261700120531_1631151.txt" }, "geometry": { "type": "MultiLineString", "coordinates": [ [ [ -59.551874701927687, -4.276703068328147 ], [ -59.548804635378204, -4.280318560226236 ], [ -59.548336445788678, -4.281030385845628 ], [ -59.547814536065282, -4.281522293417352 ], [ -59.54443282353828, -4.28421800851342 ], [ -59.538524086888657, -4.293149159385439 ], [ -59.533735568186678, -4.300886494223888 ], [ -59.530408265868822, -4.30653584053444 ] ] ] } },
{ "type": "Feature", "properties": { "sword_node_id": 62261700120401, "sword_reach_id": 62261700121, "sword_width": 3330.0, "sword_dist_out": 1628541.8070460721, "file": "62261700120401_1628541.txt" }, "geometry": { "type": "MultiLineString", "coordinates": [ [ [ -59.537604770523167, -4.261252735369071 ], [ -59.531791262533332, -4.26375509232334 ], [ -59.527487351125771, -4.266121615038034 ], [ -59.522563542430163, -4.274795621307685 ], [ -59.52111175412368, -4.286722333374274 ], [ -59.519954051957285, -4.296644735973198 ], [ -59.519384543258298, -4.300943238599572 ] ] ] } },
{ "type": "Feature", "properties": { "sword_node_id": 62261700120191, "sword_reach_id": 62261700121, "sword_width": 1934.0, "sword_dist_out": 1624390.9320196302, "file": "62261700120191_1624390.txt" }, "geometry": { "type": "MultiLineString", "coordinates": [ [ [ -59.480025222141201, -4.253905559703142 ], [ -59.48388088049991, -4.258680831041187 ], [ -59.486254720784835, -4.265813149139207 ], [ -59.486136140092633, -4.276413266036674 ], [ -59.485346959799571, -4.282050068305612 ], [ -59.484773105002652, -4.287705683011557 ], [ -59.484653436734789, -4.289176300630242 ] ] ] } },
{ "type": "Feature", "properties": { "sword_node_id": 62261700120031, "sword_reach_id": 62261700121, "sword_width": 1334.5, "sword_dist_out": 1621189.2613780757, "file": "62261700120031_1621189.txt" }, "geometry": { "type": "MultiLineString", "coordinates": [ [ [ -59.460638876890933, -4.268994921795285 ], [ -59.461592256915274, -4.270685289648761 ], [ -59.460505187308719, -4.274359568655293 ], [ -59.458004078091356, -4.282490063639966 ], [ -59.457518485140206, -4.284102289072497 ] ] ] } },
{ "type": "Feature", "properties": { "sword_node_id": 62261700110311, "sword_reach_id": 62261700111, "sword_width": 1419.0, "sword_dist_out": 1616277.5626528575, "file": "62261700110311_1616277.txt" }, "geometry": { "type": "MultiLineString", "coordinates": [ [ [ -59.428220852805474, -4.244750093628568 ], [ -59.427272430066587, -4.245823670315826 ], [ -59.422547839617941, -4.252674779194988 ], [ -59.420347089432262, -4.255800707980756 ], [ -59.420205784036568, -4.256311507555854 ], [ -59.419201092343286, -4.257358155054311 ] ] ] } },
{ "type": "Feature", "properties": { "sword_node_id": 62261700110061, "sword_reach_id": 62261700111, "sword_width": 2172.0, "sword_dist_out": 1611288.1911526567, "file": "62261700110061_1611288.txt" }, "geometry": { "type": "MultiLineString", "coordinates": [ [ [ -59.401015931248104, -4.215157520098323 ], [ -59.397730768256167, -4.216285755207419 ], [ -59.391309153914641, -4.220216551697867 ], [ -59.386493916407488, -4.222949329611035 ], [ -59.385517198069124, -4.223977979007557 ], [ -59.383855206481478, -4.224831220497532 ], [ -59.383396496280916, -4.225116078334727 ], [ -59.382709629018329, -4.225285067890137 ], [ -59.380867684160712, -4.226481378926422 ], [ -59.380093426813424, -4.227095612232164 ] ] ] } },
{ "type": "Feature", "properties": { "sword_node_id": 62261700100791, "sword_reach_id": 62261700101, "sword_width": 2253.0, "sword_dist_out": 1606337.8190859037, "file": "62261700100791_1606337.txt" }, "geometry": { "type": "MultiLineString", "coordinates": [ [ [ -59.384838572460602, -4.175111974567097 ], [ -59.383076096963762, -4.175688991780145 ], [ -59.373850139013477, -4.179086091014367 ], [ -59.364808789413829, -4.182327576923414 ], [ -59.363592154944527, -4.182662880833445 ] ] ] } },
{ "type": "Feature", "properties": { "sword_node_id": 62261700100541, "sword_reach_id": 62261700101, "sword_width": 2347.0, "sword_dist_out": 1601363.7775408772, "file": "62261700100541_1601363.txt" }, "geometry": { "type": "MultiLineString", "coordinates": [ [ [ -59.376743556568108, -4.134629155660313 ], [ -59.359693686247134, -4.135806457586841 ], [ -59.354289809025133, -4.136131941124016 ], [ -59.352617279543672, -4.136278936177129 ] ] ] } },
{ "type": "Feature", "properties": { "sword_node_id": 62261700100281, "sword_reach_id": 62261700101, "sword_width": 2123.0, "sword_dist_out": 1596167.5115392292, "file": "62261700100281_1596167.txt" }, "geometry": { "type": "MultiLineString", "coordinates": [ [ [ -59.379514250687983, -4.089931717284382 ], [ -59.377544726030479, -4.089548020788712 ], [ -59.368364842513252, -4.08888605541307 ], [ -59.356703826280871, -4.089860525399042 ], [ -59.347953545715562, -4.092337259439008 ], [ -59.346551084735815, -4.092802593906062 ] ] ] } },
{ "type": "Feature", "properties": { "sword_node_id": 62261700100061, "sword_reach_id": 62261700101, "sword_width": 1857.0, "sword_dist_out": 1591785.0838102235, "file": "62261700100061_1591785.txt" }, "geometry": { "type": "MultiLineString", "coordinates": [ [ [ -59.366787077033536, -4.041644632949208 ], [ -59.36600645231718, -4.042719968773344 ], [ -59.362957884647876, -4.047394259836686 ], [ -59.344186818561951, -4.055969901319406 ], [ -59.331652361023252, -4.060281936567641 ], [ -59.330403272135285, -4.060830446657536 ] ] ] } },
{ "type": "Feature", "properties": { "sword_node_id": 62261700090341, "sword_reach_id": 62261700091, "sword_width": 2308.0, "sword_dist_out": 1588997.7273485686, "file": "62261700090341_1588997.txt" }, "geometry": { "type": "MultiLineString", "coordinates": [ [ [ -59.340756730332359, -4.023637543405619 ], [ -59.340004747592417, -4.024848438061879 ], [ -59.3353544351504, -4.031686252609856 ], [ -59.33420520561431, -4.032047769052479 ], [ -59.322373669422873, -4.036135465303829 ], [ -59.321031857595024, -4.036438251049807 ] ] ] } },
{ "type": "Feature", "properties": { "sword_node_id": 62261700090281, "sword_reach_id": 62261700091, "sword_width": 1515.0, "sword_dist_out": 1587832.0258061832, "file": "62261700090281_1587832.txt" }, "geometry": { "type": "MultiLineString", "coordinates": [ [ [ -59.335362663428661, -4.020235946880479 ], [ -59.334419234795547, -4.021077369190833 ], [ -59.328431040146889, -4.023270158505945 ], [ -59.321103006893708, -4.025766125366614 ], [ -59.319690673539995, -4.026128172634811 ] ] ] } },
{ "type": "Feature", "properties": { "sword_node_id": 62261700090031, "sword_reach_id": 62261700091, "sword_width": 1468.5, "sword_dist_out": 1582862.5185328624, "file": "62261700090031_1582862.txt" }, "geometry": { "type": "MultiLineString", "coordinates": [ [ [ -59.318085547744936, -3.978534116572703 ], [ -59.31660936696894, -3.97934522718968 ], [ -59.310554291192837, -3.982456163517858 ], [ -59.305002161840207, -3.985163489277292 ], [ -59.304304399855617, -3.98551140976245 ] ] ] } },
{ "type": "Feature", "properties": { "sword_node_id": 62261700080201, "sword_reach_id": 62261700081, "sword_width": 1257.0, "sword_dist_out": 1577930.8027292669, "file": "62261700080201_1577930.txt" }, "geometry": { "type": "MultiLineString", "coordinates": [ [ [ -59.277568048910041, -3.950034153070351 ], [ -59.272604206672206, -3.96184414025211 ] ] ] } },
{ "type": "Feature", "properties": { "sword_node_id": 62261700070371, "sword_reach_id": 62261700071, "sword_width": 1631.0, "sword_dist_out": 1573000.8976178919, "file": "62261700070371_1573000.txt" }, "geometry": { "type": "MultiLineString", "coordinates": [ [ [ -59.237090510254568, -3.931688514504236 ], [ -59.233740854597983, -3.939147409773033 ], [ -59.230674183222213, -3.946448760612899 ], [ -59.230149756663778, -3.947542026138875 ] ] ] } },
{ "type": "Feature", "properties": { "sword_node_id": 62261700070111, "sword_reach_id": 62261700071, "sword_width": 2078.5, "sword_dist_out": 1567838.5849324311, "file": "62261700070111_1567838.txt" }, "geometry": { "type": "MultiLineString", "coordinates": [ [ [ -59.196886849262, -3.909063400858723 ], [ -59.196062063130036, -3.910431171164527 ], [ -59.191982531829616, -3.919583041005582 ], [ -59.188150252114092, -3.928669259497546 ], [ -59.187850411853567, -3.929272588704309 ] ] ] } },
{ "type": "Feature", "properties": { "sword_node_id": 62261700060691, "sword_reach_id": 62261700061, "sword_width": 2112.0, "sword_dist_out": 1564669.6252414724, "file": "62261700060691_1564669.txt" }, "geometry": { "type": "MultiLineString", "coordinates": [ [ [ -59.181858500615043, -3.890897558062444 ], [ -59.17641283095633, -3.893674287161965 ], [ -59.175109736784115, -3.895188217316333 ], [ -59.168472007396566, -3.904473755465973 ], [ -59.168117217559121, -3.905183103963558 ], [ -59.166744115542755, -3.912295882572217 ], [ -59.164982363525915, -3.921233759502189 ], [ -59.164553449573575, -3.922361130644822 ] ] ] } },
{ "type": "Feature", "properties": { "sword_node_id": 62261700060451, "sword_reach_id": 62261700061, "sword_width": 1785.0, "sword_dist_out": 1559846.6723826034, "file": "62261700060451_1559846.txt" }, "geometry": { "type": "MultiLineString", "coordinates": [ [ [ -59.129867028622186, -3.879817828217696 ], [ -59.128719218550899, -3.885103442990023 ], [ -59.124824063438659, -3.896357005124119 ], [ -59.122506104761769, -3.902526002456058 ], [ -59.119788286739208, -3.908150609901419 ], [ -59.118923861469369, -3.909101749824321 ] ] ] } },
{ "type": "Feature", "properties": { "sword_node_id": 62261700060211, "sword_reach_id": 62261700061, "sword_width": 1801.0, "sword_dist_out": 1554996.8063589691, "file": "62261700060211_1554996_fid363.txt" }, "geometry": { "type": "MultiLineString", "coordinates": [ [ [ -59.095732523502427, -3.864206101691896 ], [ -59.091204986699665, -3.869703938441822 ], [ -59.089821910182899, -3.872518742580921 ], [ -59.084652776901585, -3.879319309033415 ], [ -59.084436639879328, -3.880420177338988 ] ] ] } },
{ "type": "Feature", "properties": { "sword_node_id": 62261700060211, "sword_reach_id": 62261700061, "sword_width": 1801.0, "sword_dist_out": 1554996.8063589691, "file": "62261700060211_1554996_fid364.txt" }, "geometry": { "type": "MultiLineString", "coordinates": [ [ [ -59.097126159050354, -3.862307772093197 ], [ -59.091204986699665, -3.869703938441822 ], [ -59.089821910182899, -3.872518742580921 ], [ -59.084652776901585, -3.879319309033415 ], [ -59.083363776384381, -3.883406392134484 ] ] ] } },
{ "type": "Feature", "properties": { "sword_node_id": 62261700050911, "sword_reach_id": 62261700051, "sword_width": 2571.0, "sword_dist_out": 1550370.0926400966, "file": "62261700050911_1550370.txt" }, "geometry": { "type": "MultiLineString", "coordinates": [ [ [ -59.075224030077145, -3.831758508940073 ], [ -59.074232377697086, -3.832318306433453 ], [ -59.070210050919542, -3.834491647521579 ], [ -59.066150186301854, -3.837332640061387 ], [ -59.057290010839672, -3.842361969143243 ], [ -59.051301512322674, -3.84586150679602 ], [ -59.050275626688986, -3.846479978909055 ] ] ] } },
{ "type": "Feature", "properties": { "sword_node_id": 62261700050671, "sword_reach_id": 62261700051, "sword_width": 1553.0, "sword_dist_out": 1545593.9174101737, "file": "62261700050671_1545593.txt" }, "geometry": { "type": "MultiLineString", "coordinates": [ [ [ -59.056724728163289, -3.797269793519233 ], [ -59.055338976710118, -3.797677172192627 ], [ -59.047989593608918, -3.798185830213509 ], [ -59.041469478247677, -3.798869940613458 ] ] ] } },
{ "type": "Feature", "properties": { "sword_node_id": 62261700050421, "sword_reach_id": 62261700051, "sword_width": 804.0, "sword_dist_out": 1540541.4646843793, "file": "62261700050421_1540541.txt" }, "geometry": { "type": "MultiLineString", "coordinates": [ [ [ -59.06472121581934, -3.75991255618834 ], [ -59.06278913029827, -3.758636807967532 ], [ -59.055728326907428, -3.755130389300679 ], [ -59.054730416327438, -3.754612758982474 ] ] ] } },
{ "type": "Feature", "properties": { "sword_node_id": 62261700050171, "sword_reach_id": 62261700051, "sword_width": 1930.0, "sword_dist_out": 1535548.2279652818, "file": "62261700050171_1535548.txt" }, "geometry": { "type": "MultiLineString", "coordinates": [ [ [ -59.093307694816417, -3.724207296096309 ], [ -59.091477383462113, -3.723115689150803 ], [ -59.084107955939103, -3.719231913847224 ], [ -59.076069198865639, -3.715346189725147 ], [ -59.075277159225031, -3.715014982630289 ] ] ] } },
{ "type": "Feature", "properties": { "sword_node_id": 62261700050041, "sword_reach_id": 62261700051, "sword_width": 1981.0, "sword_dist_out": 1532952.0553403532, "file": "62261700050041_1532952.txt" }, "geometry": { "type": "MultiLineString", "coordinates": [ [ [ -59.109904832346395, -3.696875283684925 ], [ -59.105053151058605, -3.697170167714507 ], [ -59.093259699037688, -3.697851112747575 ], [ -59.085280538955132, -3.696999994355227 ], [ -59.079059592204381, -3.696312615182557 ], [ -59.078336150163899, -3.696352191926846 ] ] ] } },
{ "type": "Feature", "properties": { "sword_node_id": 62261700040651, "sword_reach_id": 62261700041, "sword_width": 1108.0, "sword_dist_out": 1530531.5264623505, "file": "62261700040651_1530531.txt" }, "geometry": { "type": "MultiLineString", "coordinates": [ [ [ -59.086908511370204, -3.672327365052545 ], [ -59.082825587828935, -3.678712312413466 ], [ -59.08029295149516, -3.681719742408544 ], [ -59.077336187888662, -3.681766171628207 ] ] ] } },
{ "type": "Feature", "properties": { "sword_node_id": 62261700040351, "sword_reach_id": 62261700041, "sword_width": 1647.0, "sword_dist_out": 1524525.5743608894, "file": "62261700040351_1524525.txt" }, "geometry": { "type": "MultiLineString", "coordinates": [ [ [ -59.047885102826413, -3.635581835246686 ], [ -59.046014876873102, -3.638027009640172 ], [ -59.037084434791026, -3.650765759080122 ], [ -59.035827495257294, -3.652346070279101 ] ] ] } },
{ "type": "Feature", "properties": { "sword_node_id": 62261700040091, "sword_reach_id": 62261700041, "sword_width": 2355.0, "sword_dist_out": 1519345.142052955, "file": "62261700040091_1519345.txt" }, "geometry": { "type": "MultiLineString", "coordinates": [ [ [ -59.008249867751665, -3.607793975189565 ], [ -59.007627078979624, -3.608875139119928 ], [ -59.002617685655252, -3.61983302432578 ], [ -58.997426977278501, -3.631007114630147 ] ] ] } },
{ "type": "Feature", "properties": { "sword_node_id": 62261700030281, "sword_reach_id": 62261700031, "sword_width": 2934.0, "sword_dist_out": 1514345.7113309065, "file": "62261700030281_1514345.txt" }, "geometry": { "type": "MultiLineString", "coordinates": [ [ [ -58.968531003372533, -3.587161056259349 ], [ -58.967524437422874, -3.589898233773207 ], [ -58.963642671853215, -3.597917683402714 ], [ -58.960660649048656, -3.604172517242502 ], [ -58.955860807651739, -3.614432028150893 ], [ -58.9554311644929, -3.615737951680465 ], [ -58.954839713412547, -3.617447091751615 ] ] ] } },
{ "type": "Feature", "properties": { "sword_node_id": 62261700030121, "sword_reach_id": 62261700031, "sword_width": 2962.0, "sword_dist_out": 1511162.4248930088, "file": "62261700030121_1511162.txt" }, "geometry": { "type": "MultiLineString", "coordinates": [ [ [ -58.960377247856606, -3.567612089331101 ], [ -58.952472452280119, -3.573243879762959 ], [ -58.939734514406197, -3.583672644340908 ], [ -58.932058977777487, -3.596103346476497 ], [ -58.928698360515071, -3.606678032541716 ], [ -58.927962984711641, -3.609260770048874 ] ] ] } },
{ "type": "Feature", "properties": { "sword_node_id": 62261700030011, "sword_reach_id": 62261700031, "sword_width": 2690.0, "sword_dist_out": 1508985.7155864057, "file": "62261700030011_1508985.txt" }, "geometry": { "type": "MultiLineString", "coordinates": [ [ [ -58.94886461269158, -3.556311027463066 ], [ -58.941681142225107, -3.559923524907637 ], [ -58.930097235202716, -3.569805083161412 ], [ -58.917394795245485, -3.574103632113681 ], [ -58.905304147897716, -3.582761528296507 ], [ -58.897701149390599, -3.590919226207357 ], [ -58.895276160761476, -3.593553174804015 ] ] ] } },
{ "type": "Feature", "properties": { "sword_node_id": 62261700020031, "sword_reach_id": 62261700021, "sword_width": 3022.5, "sword_dist_out": 1507814.4377434179, "file": "62261700020031_1507814.txt" }, "geometry": { "type": "MultiLineString", "coordinates": [ [ [ -58.934343810689121, -3.550559997589369 ], [ -58.933244013841893, -3.55168002207526 ], [ -58.925754075021985, -3.561429026074585 ], [ -58.917518013559217, -3.563134984123577 ], [ -58.912330151640404, -3.561645744131684 ], [ -58.906060726610583, -3.559794207165824 ], [ -58.898978005906919, -3.556939592630857 ] ] ] } },
{ "type": "Feature", "properties": { "sword_node_id": 62261700010771, "sword_reach_id": 62261700011, "sword_width": 2275.5, "sword_dist_out": 1507013.2632609997, "file": "62261700010771_1507013.txt" }, "geometry": { "type": "MultiLineString", "coordinates": [ [ [ -58.92615365883654, -3.546676010696298 ], [ -58.920145905402421, -3.554566890480665 ], [ -58.916617052749771, -3.555288799159152 ], [ -58.909090225323055, -3.553270781442019 ], [ -58.904610633090044, -3.552596786813186 ] ] ] } }
]
}
