{
"type": "FeatureCollection",
"name": "output_points_water_level",
"crs": { "type": "name", "properties": { "name": "urn:ogc:def:crs:OGC:1.3:CRS84" } },
"features": [
{ "type": "Feature", "properties": { "sword_node_id": 62263900010061, "sword_reach_id": 62263900011, "sword_width": 1630.0, "sword_dist_out": 2045112.821282821, "file": "62263900010061_2045112.txt", "water_level": 24.483650207519531 }, "geometry": { "type": "Point", "coordinates": [ -61.884072605810722, -6.263061541165903 ] } },
{ "type": "Feature", "properties": { "sword_node_id": 62263700020531, "sword_reach_id": 62263700021, "sword_width": 1678.0, "sword_dist_out": 2043936.6229418414, "file": "62263700020531_2043936.txt", "water_level": 24.472986221313477 }, "geometry": { "type": "Point", "coordinates": [ -61.874049594314499, -6.261844625818727 ] } },
{ "type": "Feature", "properties": { "sword_node_id": 62265100030551, "sword_reach_id": 62265100031, "sword_width": 878.0, "sword_dist_out": 2388959.6152366223, "file": "62265100030551_2388959.txt", "water_level": 39.494110107421875 }, "geometry": { "type": "Point", "coordinates": [ -63.156988924704436, -8.205939685097571 ] } },
{ "type": "Feature", "properties": { "sword_node_id": 62265100030301, "sword_reach_id": 62265100031, "sword_width": 1045.5, "sword_dist_out": 2383941.7631299323, "file": "62265100030301_2383941.txt", "water_level": 39.380104064941406 }, "geometry": { "type": "Point", "coordinates": [ -63.113472332798686, -8.191280088610958 ] } },
{ "type": "Feature", "properties": { "sword_node_id": 62265100030041, "sword_reach_id": 62265100031, "sword_width": 1485.0, "sword_dist_out": 2378765.8347919928, "file": "62265100030041_2378765.txt", "water_level": 39.150455474853516 }, "geometry": { "type": "Point", "coordinates": [ -63.068379680832138, -8.179634371493361 ] } },
{ "type": "Feature", "properties": { "sword_node_id": 62261900040181, "sword_reach_id": 62261900041, "sword_width": 1334.0, "sword_dist_out": 1736248.293593986, "file": "62261900040181_1736248.txt", "water_level": 15.628032684326172 }, "geometry": { "type": "Point", "coordinates": [ -60.029033702278802, -4.891788101573834 ] } },
{ "type": "Feature", "properties": { "sword_node_id": 62261900030921, "sword_reach_id": 62261900031, "sword_width": 2058.0, "sword_dist_out": 1731209.7028812098, "file": "62261900030921_1731209.txt", "water_level": 15.595920562744141 }, "geometry": { "type": "Point", "coordinates": [ -59.988387399377238, -4.871772398757494 ] } },
{ "type": "Feature", "properties": { "sword_node_id": 62261900030671, "sword_reach_id": 62261900031, "sword_width": 1589.5, "sword_dist_out": 1726242.6440651824, "file": "62261900030671_1726242.txt", "water_level": 15.549136161804199 }, "geometry": { "type": "Point", "coordinates": [ -59.948517771116478, -4.850990435508808 ] } },
{ "type": "Feature", "properties": { "sword_node_id": 62261900030471, "sword_reach_id": 62261900031, "sword_width": 1685.5, "sword_dist_out": 1722267.686413904, "file": "62261900030471_1722267.txt", "water_level": 15.524024963378906 }, "geometry": { "type": "Point", "coordinates": [ -59.920521377781313, -4.828700336192974 ] } },
{ "type": "Feature", "properties": { "sword_node_id": 62261900030361, "sword_reach_id": 62261900031, "sword_width": 765.0, "sword_dist_out": 1720070.003746883, "file": "62261900030361_1720070.txt", "water_level": 15.520021438598633 }, "geometry": { "type": "Point", "coordinates": [ -59.913693751150291, -4.812148371547294 ] } },
{ "type": "Feature", "properties": { "sword_node_id": 62261900030121, "sword_reach_id": 62261900031, "sword_width": 1395.0, "sword_dist_out": 1715293.400113557, "file": "62261900030121_1715293.txt", "water_level": 15.5054931640625 }, "geometry": { "type": "Point", "coordinates": [ -59.926709391030613, -4.771183736166908 ] } },
{ "type": "Feature", "properties": { "sword_node_id": 62261900020901, "sword_reach_id": 62261900021, "sword_width": 1965.0, "sword_dist_out": 1711268.859346167, "file": "62261900020901_1711268.txt", "water_level": 15.457792282104492 }, "geometry": { "type": "Point", "coordinates": [ -59.934436849633819, -4.73688560453983 ] } },
{ "type": "Feature", "properties": { "sword_node_id": 62261900020821, "sword_reach_id": 62261900021, "sword_width": 2039.0, "sword_dist_out": 1709686.6679604033, "file": "62261900020821_1709686.txt", "water_level": 15.443197250366211 }, "geometry": { "type": "Point", "coordinates": [ -59.9330537197038, -4.722399005148828 ] } },
{ "type": "Feature", "properties": { "sword_node_id": 62261900020771, "sword_reach_id": 62261900021, "sword_width": 2147.0, "sword_dist_out": 1708676.7129376531, "file": "62261900020771_1708676.txt", "water_level": 15.434036254882812 }, "geometry": { "type": "Point", "coordinates": [ -59.930371626774118, -4.713167262952314 ] } },
{ "type": "Feature", "properties": { "sword_node_id": 62261900020721, "sword_reach_id": 62261900021, "sword_width": 2191.5, "sword_dist_out": 1707663.1771887888, "file": "62261900020721_1707663.txt", "water_level": 15.420607566833496 }, "geometry": { "type": "Point", "coordinates": [ -59.927546914945971, -4.705799703379442 ] } },
{ "type": "Feature", "properties": { "sword_node_id": 62261900020531, "sword_reach_id": 62261900021, "sword_width": 1374.5, "sword_dist_out": 1703836.5454395574, "file": "62261900020531_1703836.txt", "water_level": 15.409444808959961 }, "geometry": { "type": "Point", "coordinates": [ -59.923847407477368, -4.671434968845293 ] } },
{ "type": "Feature", "properties": { "sword_node_id": 62261900020421, "sword_reach_id": 62261900021, "sword_width": 1387.5, "sword_dist_out": 1701630.7144387192, "file": "62261900020421_1701630.txt", "water_level": 15.403618812561035 }, "geometry": { "type": "Point", "coordinates": [ -59.925165636848831, -4.651537036499391 ] } },
{ "type": "Feature", "properties": { "sword_node_id": 62261900020181, "sword_reach_id": 62261900021, "sword_width": 2741.5, "sword_dist_out": 1696820.7833509697, "file": "62261900020181_1696820.txt", "water_level": 15.368977546691895 }, "geometry": { "type": "Point", "coordinates": [ -59.918591236153418, -4.608091191452461 ] } },
{ "type": "Feature", "properties": { "sword_node_id": 62261900020051, "sword_reach_id": 62261900021, "sword_width": 2501.5, "sword_dist_out": 1694205.1481667575, "file": "62261900020051_1694205.txt", "water_level": 15.33233642578125 }, "geometry": { "type": "Point", "coordinates": [ -59.912955083651227, -4.584682265334511 ] } },
{ "type": "Feature", "properties": { "sword_node_id": 62261900010981, "sword_reach_id": 62261900011, "sword_width": 2109.0, "sword_dist_out": 1693019.6603688984, "file": "62261900010981_1693019.txt", "water_level": 15.319309234619141 }, "geometry": { "type": "Point", "coordinates": [ -59.90713725294772, -4.577358627338953 ] } },
{ "type": "Feature", "properties": { "sword_node_id": 62261900010791, "sword_reach_id": 62261900011, "sword_width": 1949.0, "sword_dist_out": 1689225.7937078555, "file": "62261900010791_1689225.txt", "water_level": 15.29198169708252 }, "geometry": { "type": "Point", "coordinates": [ -59.888016539857297, -4.548653646934316 ] } },
{ "type": "Feature", "properties": { "sword_node_id": 62261900010611, "sword_reach_id": 62261900011, "sword_width": 2191.0, "sword_dist_out": 1685654.3231400722, "file": "62261900010611_1685654.txt", "water_level": 15.265988349914551 }, "geometry": { "type": "Point", "coordinates": [ -59.872218118226229, -4.52099052742083 ] } },
{ "type": "Feature", "properties": { "sword_node_id": 62261900010451, "sword_reach_id": 62261900011, "sword_width": 2441.0, "sword_dist_out": 1682439.3189730886, "file": "62261900010451_1682439.txt", "water_level": 15.231356620788574 }, "geometry": { "type": "Point", "coordinates": [ -59.86957762312128, -4.493056306850784 ] } },
{ "type": "Feature", "properties": { "sword_node_id": 62261900010401, "sword_reach_id": 62261900011, "sword_width": 2628.0, "sword_dist_out": 1681463.068140506, "file": "62261900010401_1681463.txt", "water_level": 15.221540451049805 }, "geometry": { "type": "Point", "coordinates": [ -59.858355134391346, -4.487409140480501 ] } },
{ "type": "Feature", "properties": { "sword_node_id": 62261900010341, "sword_reach_id": 62261900011, "sword_width": 2215.0, "sword_dist_out": 1680255.4091257039, "file": "62261900010341_1680255.txt", "water_level": 15.208240509033203 }, "geometry": { "type": "Point", "coordinates": [ -59.848992195479831, -4.480862672202165 ] } },
{ "type": "Feature", "properties": { "sword_node_id": 62261900010281, "sword_reach_id": 62261900011, "sword_width": 1442.0, "sword_dist_out": 1679087.212119645, "file": "62261900010281_1679087.txt", "water_level": 15.205279350280762 }, "geometry": { "type": "Point", "coordinates": [ -59.840806973000873, -4.472793327681877 ] } },
{ "type": "Feature", "properties": { "sword_node_id": 62261700150671, "sword_reach_id": 62261700151, "sword_width": 1613.0, "sword_dist_out": 1673092.7476977322, "file": "62261700150671_1673092.txt", "water_level": 15.173479080200195 }, "geometry": { "type": "Point", "coordinates": [ -59.807974564831881, -4.430590985217673 ] } },
{ "type": "Feature", "properties": { "sword_node_id": 62261700150421, "sword_reach_id": 62261700151, "sword_width": 1713.0, "sword_dist_out": 1668093.0318487021, "file": "62261700150421_1668093.txt", "water_level": 15.147010803222656 }, "geometry": { "type": "Point", "coordinates": [ -59.778327854474156, -4.396480136575272 ] } },
{ "type": "Feature", "properties": { "sword_node_id": 62261700130891, "sword_reach_id": 62261700131, "sword_width": 1403.0, "sword_dist_out": 1648931.6260133621, "file": "62261700130891_1648931.txt", "water_level": 15.018136978149414 }, "geometry": { "type": "Point", "coordinates": [ -59.648875263809771, -4.367427885115615 ] } },
{ "type": "Feature", "properties": { "sword_node_id": 62261700130701, "sword_reach_id": 62261700131, "sword_width": 2085.0, "sword_dist_out": 1645137.7799483677, "file": "62261700130701_1645137.txt", "water_level": 14.992709159851074 }, "geometry": { "type": "Point", "coordinates": [ -59.615443862038909, -4.375745277931899 ] } },
{ "type": "Feature", "properties": { "sword_node_id": 62261700150181, "sword_reach_id": 62261700151, "sword_width": 1841.0, "sword_dist_out": 1663307.0103982536, "file": "62261700150181_1663307.txt", "water_level": 15.124510765075684 }, "geometry": { "type": "Point", "coordinates": [ -59.751598534569958, -4.362536277716687 ] } },
{ "type": "Feature", "properties": { "sword_node_id": 62261700130531, "sword_reach_id": 62261700131, "sword_width": 1507.5, "sword_dist_out": 1641729.4878580919, "file": "62261700130531_1641729.txt", "water_level": 14.966192245483398 }, "geometry": { "type": "Point", "coordinates": [ -59.589640280895459, -4.363951955910508 ] } },
{ "type": "Feature", "properties": { "sword_node_id": 62261700130401, "sword_reach_id": 62261700131, "sword_width": 1580.0, "sword_dist_out": 1639115.6969489169, "file": "62261700130401_1639115.txt", "water_level": 14.956124305725098 }, "geometry": { "type": "Point", "coordinates": [ -59.567453314196449, -4.35312168372687 ] } },
{ "type": "Feature", "properties": { "sword_node_id": 62261700140181, "sword_reach_id": 62261700141, "sword_width": 927.0, "sword_dist_out": 1653103.1838549618, "file": "62261700140181_1653103.txt", "water_level": 15.025834083557129 }, "geometry": { "type": "Point", "coordinates": [ -59.675687117102491, -4.343583063232748 ] } },
{ "type": "Feature", "properties": { "sword_node_id": 62261700140461, "sword_reach_id": 62261700141, "sword_width": 3280.5, "sword_dist_out": 1658689.6885170641, "file": "62261700140461_1658689.txt", "water_level": 15.056015014648438 }, "geometry": { "type": "Point", "coordinates": [ -59.721018282958561, -4.336264278863815 ] } },
{ "type": "Feature", "properties": { "sword_node_id": 62261700130191, "sword_reach_id": 62261700131, "sword_width": 1121.0, "sword_dist_out": 1634925.9158262925, "file": "62261700130191_1634925.txt", "water_level": 14.944405555725098 }, "geometry": { "type": "Point", "coordinates": [ -59.557857730056938, -4.320514896599789 ] } },
{ "type": "Feature", "properties": { "sword_node_id": 62261700140351, "sword_reach_id": 62261700141, "sword_width": 2205.0, "sword_dist_out": 1656524.1035262875, "file": "62261700140351_1656524.txt", "water_level": 15.043548583984375 }, "geometry": { "type": "Point", "coordinates": [ -59.702670536286234, -4.334799679682778 ] } },
{ "type": "Feature", "properties": { "sword_node_id": 62261700120531, "sword_reach_id": 62261700121, "sword_width": 2689.5, "sword_dist_out": 1631151.2344676263, "file": "62261700120531_1631151.txt", "water_level": 14.928935050964355 }, "geometry": { "type": "Point", "coordinates": [ -59.538984815986069, -4.292452759913926 ] } },
{ "type": "Feature", "properties": { "sword_node_id": 62261700120401, "sword_reach_id": 62261700121, "sword_width": 3330.0, "sword_dist_out": 1628541.8070460721, "file": "62261700120401_1628541.txt", "water_level": 14.903777122497559 }, "geometry": { "type": "Point", "coordinates": [ -59.522209249263071, -4.277706205841371 ] } },
{ "type": "Feature", "properties": { "sword_node_id": 62261700120191, "sword_reach_id": 62261700121, "sword_width": 1934.0, "sword_dist_out": 1624390.9320196302, "file": "62261700120191_1624390.txt", "water_level": 14.875751495361328 }, "geometry": { "type": "Point", "coordinates": [ -59.486199709402165, -4.27073070423355 ] } },
{ "type": "Feature", "properties": { "sword_node_id": 62261700120031, "sword_reach_id": 62261700121, "sword_width": 1334.5, "sword_dist_out": 1621189.2613780757, "file": "62261700120031_1621189.txt", "water_level": 14.862277984619141 }, "geometry": { "type": "Point", "coordinates": [ -59.459813479291697, -4.276608142417773 ] } },
{ "type": "Feature", "properties": { "sword_node_id": 62261700110311, "sword_reach_id": 62261700111, "sword_width": 1419.0, "sword_dist_out": 1616277.5626528575, "file": "62261700110311_1616277.txt", "water_level": 14.843737602233887 }, "geometry": { "type": "Point", "coordinates": [ -59.42383560788835, -4.250807391803935 ] } },
{ "type": "Feature", "properties": { "sword_node_id": 62261700110061, "sword_reach_id": 62261700111, "sword_width": 2172.0, "sword_dist_out": 1611288.1911526567, "file": "62261700110061_1611288.txt", "water_level": 14.810291290283203 }, "geometry": { "type": "Point", "coordinates": [ -59.391906127519363, -4.219851132408334 ] } },
{ "type": "Feature", "properties": { "sword_node_id": 62261700100791, "sword_reach_id": 62261700101, "sword_width": 2253.0, "sword_dist_out": 1606337.8190859037, "file": "62261700100791_1606337.txt", "water_level": 14.786812782287598 }, "geometry": { "type": "Point", "coordinates": [ -59.373966734270461, -4.1790431593578 ] } },
{ "type": "Feature", "properties": { "sword_node_id": 62261700100541, "sword_reach_id": 62261700101, "sword_width": 2347.0, "sword_dist_out": 1601363.7775408772, "file": "62261700100541_1601363.txt", "water_level": 14.758879661560059 }, "geometry": { "type": "Point", "coordinates": [ -59.365239432585675, -4.135423521076153 ] } },
{ "type": "Feature", "properties": { "sword_node_id": 62261700100281, "sword_reach_id": 62261700101, "sword_width": 2123.0, "sword_dist_out": 1596167.5115392292, "file": "62261700100281_1596167.txt", "water_level": 14.726442337036133 }, "geometry": { "type": "Point", "coordinates": [ -59.362378265034472, -4.089386332572068 ] } },
{ "type": "Feature", "properties": { "sword_node_id": 62261700100061, "sword_reach_id": 62261700101, "sword_width": 1857.0, "sword_dist_out": 1591785.0838102235, "file": "62261700100061_1591785.txt", "water_level": 14.713128089904785 }, "geometry": { "type": "Point", "coordinates": [ -59.349961232967516, -4.053331835506411 ] } },
{ "type": "Feature", "properties": { "sword_node_id": 62261700090341, "sword_reach_id": 62261700091, "sword_width": 2308.0, "sword_dist_out": 1588997.7273485686, "file": "62261700090341_1588997.txt", "water_level": 14.69618034362793 }, "geometry": { "type": "Point", "coordinates": [ -59.33317144465375, -4.032404924770461 ] } },
{ "type": "Feature", "properties": { "sword_node_id": 62261700090281, "sword_reach_id": 62261700091, "sword_width": 1515.0, "sword_dist_out": 1587832.0258061832, "file": "62261700090281_1587832.txt", "water_level": 14.69078540802002 }, "geometry": { "type": "Point", "coordinates": [ -59.327904428076103, -4.02344952536083 ] } },
{ "type": "Feature", "properties": { "sword_node_id": 62261700090031, "sword_reach_id": 62261700091, "sword_width": 1468.5, "sword_dist_out": 1582862.5185328624, "file": "62261700090031_1582862.txt", "water_level": 14.67638111114502 }, "geometry": { "type": "Point", "coordinates": [ -59.310832405812789, -3.982313275648804 ] } },
{ "type": "Feature", "properties": { "sword_node_id": 62261700080201, "sword_reach_id": 62261700081, "sword_width": 1257.0, "sword_dist_out": 1577930.8027292669, "file": "62261700080201_1577930.txt", "water_level": 14.664375305175781 }, "geometry": { "type": "Point", "coordinates": [ -59.275064167844675, -3.955991393826552 ] } },
{ "type": "Feature", "properties": { "sword_node_id": 62261700070371, "sword_reach_id": 62261700071, "sword_width": 1631.0, "sword_dist_out": 1573000.8976178919, "file": "62261700070371_1573000.txt", "water_level": 14.645990371704102 }, "geometry": { "type": "Point", "coordinates": [ -59.233663131471843, -3.939332458558114 ] } },
{ "type": "Feature", "properties": { "sword_node_id": 62261700070111, "sword_reach_id": 62261700071, "sword_width": 2078.5, "sword_dist_out": 1567838.5849324311, "file": "62261700070111_1567838.txt", "water_level": 14.626107215881348 }, "geometry": { "type": "Point", "coordinates": [ -59.192054494041471, -3.919421603637448 ] } },
{ "type": "Feature", "properties": { "sword_node_id": 62261700060691, "sword_reach_id": 62261700061, "sword_width": 2112.0, "sword_dist_out": 1564669.6252414724, "file": "62261700060691_1564669.txt", "water_level": 14.611937522888184 }, "geometry": { "type": "Point", "coordinates": [ -59.16815688959548, -3.905103785740716 ] } },
{ "type": "Feature", "properties": { "sword_node_id": 62261700060451, "sword_reach_id": 62261700061, "sword_width": 1785.0, "sword_dist_out": 1559846.6723826034, "file": "62261700060451_1559846.txt", "water_level": 14.588088989257812 }, "geometry": { "type": "Point", "coordinates": [ -59.125500932832693, -3.894401449680769 ] } },
{ "type": "Feature", "properties": { "sword_node_id": 62261700060211, "sword_reach_id": 62261700061, "sword_width": 1801.0, "sword_dist_out": 1554996.8063589691, "file": "62261700060211_1554996_fid363.txt", "water_level": 14.573819160461426 }, "geometry": { "type": "Point", "coordinates": [ -59.088186255591722, -3.874670627072046 ] } },
{ "type": "Feature", "properties": { "sword_node_id": 62261700060211, "sword_reach_id": 62261700061, "sword_width": 1801.0, "sword_dist_out": 1554996.8063589691, "file": "62261700060211_1554996_fid364.txt", "water_level": 14.573819160461426 }, "geometry": { "type": "Point", "coordinates": [ -59.089930816688224, -3.872297098674563 ] } },
{ "type": "Feature", "properties": { "sword_node_id": 62261700050911, "sword_reach_id": 62261700051, "sword_width": 2571.0, "sword_dist_out": 1550370.0926400966, "file": "62261700050911_1550370.txt", "water_level": 14.551486015319824 }, "geometry": { "type": "Point", "coordinates": [ -59.062360084371967, -3.839484027462294 ] } },
{ "type": "Feature", "properties": { "sword_node_id": 62261700050671, "sword_reach_id": 62261700051, "sword_width": 1553.0, "sword_dist_out": 1545593.9174101737, "file": "62261700050671_1545593.txt", "water_level": 14.533122062683105 }, "geometry": { "type": "Point", "coordinates": [ -59.04925340292462, -3.79809836072982 ] } },
{ "type": "Feature", "properties": { "sword_node_id": 62261700050421, "sword_reach_id": 62261700051, "sword_width": 804.0, "sword_dist_out": 1540541.4646843793, "file": "62261700050421_1540541.txt", "water_level": 14.519548416137695 }, "geometry": { "type": "Point", "coordinates": [ -59.059271353785142, -3.756889868342015 ] } },
{ "type": "Feature", "properties": { "sword_node_id": 62261700050171, "sword_reach_id": 62261700051, "sword_width": 1930.0, "sword_dist_out": 1535548.2279652818, "file": "62261700050171_1535548.txt", "water_level": 14.501751899719238 }, "geometry": { "type": "Point", "coordinates": [ -59.083943793772278, -3.719152562165646 ] } },
{ "type": "Feature", "properties": { "sword_node_id": 62261700050041, "sword_reach_id": 62261700051, "sword_width": 1981.0, "sword_dist_out": 1532952.0553403532, "file": "62261700050041_1532952.txt", "water_level": 14.491030693054199 }, "geometry": { "type": "Point", "coordinates": [ -59.094075879782551, -3.697803987086376 ] } },
{ "type": "Feature", "properties": { "sword_node_id": 62261700040651, "sword_reach_id": 62261700041, "sword_width": 1108.0, "sword_dist_out": 1530531.5264623505, "file": "62261700040651_1530531.txt", "water_level": 14.483811378479004 }, "geometry": { "type": "Point", "coordinates": [ -59.083460904348719, -3.677718793309981 ] } },
{ "type": "Feature", "properties": { "sword_node_id": 62261700040351, "sword_reach_id": 62261700041, "sword_width": 1647.0, "sword_dist_out": 1524525.5743608894, "file": "62261700040351_1524525.txt", "water_level": 14.470734596252441 }, "geometry": { "type": "Point", "coordinates": [ -59.041602909902601, -3.644320420566306 ] } },
{ "type": "Feature", "properties": { "sword_node_id": 62261700040091, "sword_reach_id": 62261700041, "sword_width": 2355.0, "sword_dist_out": 1519345.142052955, "file": "62261700040091_1519345.txt", "water_level": 14.453529357910156 }, "geometry": { "type": "Point", "coordinates": [ -59.001733775949944, -3.62173582566832 ] } },
{ "type": "Feature", "properties": { "sword_node_id": 62261700030281, "sword_reach_id": 62261700031, "sword_width": 2934.0, "sword_dist_out": 1514345.7113309065, "file": "62261700030281_1514345.txt", "water_level": 14.437431335449219 }, "geometry": { "type": "Point", "coordinates": [ -58.961639034876242, -3.60212033951488 ] } },
{ "type": "Feature", "properties": { "sword_node_id": 62261700030121, "sword_reach_id": 62261700031, "sword_width": 2962.0, "sword_dist_out": 1511162.4248930088, "file": "62261700030121_1511162.txt", "water_level": 14.419500350952148 }, "geometry": { "type": "Point", "coordinates": [ -58.93750278696352, -3.587286976527658 ] } },
{ "type": "Feature", "properties": { "sword_node_id": 62261700030011, "sword_reach_id": 62261700031, "sword_width": 2690.0, "sword_dist_out": 1508985.7155864057, "file": "62261700030011_1508985.txt", "water_level": 14.412282943725586 }, "geometry": { "type": "Point", "coordinates": [ -58.918841856520153, -3.573613941648933 ] } },
{ "type": "Feature", "properties": { "sword_node_id": 62261700020031, "sword_reach_id": 62261700021, "sword_width": 3022.5, "sword_dist_out": 1507814.4377434179, "file": "62261700020031_1507814.txt", "water_level": 14.407349586486816 }, "geometry": { "type": "Point", "coordinates": [ -58.921179431328625, -3.562376584596973 ] } },
{ "type": "Feature", "properties": { "sword_node_id": 62261700010771, "sword_reach_id": 62261700011, "sword_width": 2275.5, "sword_dist_out": 1507013.2632609997, "file": "62261700010771_1507013.txt", "water_level": 14.403814315795898 }, "geometry": { "type": "Point", "coordinates": [ -58.919082540281188, -3.554784426485984 ] } },
{ "type": "Feature", "properties": { "sword_node_id": 62265300070161, "sword_reach_id": 62265300071, "sword_width": 582.0, "sword_dist_out": 2527133.9241236309, "file": "62265300070161_2527133.txt", "water_level": 45.7730712890625 }, "geometry": { "type": "Point", "coordinates": [ -63.922305278257568, -8.741145143246801 ] } },
{ "type": "Feature", "properties": { "sword_node_id": 62265300060481, "sword_reach_id": 62265300061, "sword_width": 764.0, "sword_dist_out": 2522369.7494633151, "file": "62265300060481_2522369.txt", "water_level": 45.758876800537109 }, "geometry": { "type": "Point", "coordinates": [ -63.922223375083533, -8.697818481583887 ] } },
{ "type": "Feature", "properties": { "sword_node_id": 62265300060241, "sword_reach_id": 62265300061, "sword_width": 811.0, "sword_dist_out": 2517598.9900142513, "file": "62265300060241_2517598.txt", "water_level": 45.722892761230469 }, "geometry": { "type": "Point", "coordinates": [ -63.915231729440755, -8.656096309146768 ] } },
{ "type": "Feature", "properties": { "sword_node_id": 62265300050431, "sword_reach_id": 62265300051, "sword_width": 728.0, "sword_dist_out": 2512427.324019786, "file": "62265300050431_2512427.txt", "water_level": 45.677570343017578 }, "geometry": { "type": "Point", "coordinates": [ -63.880277293256128, -8.636811644213076 ] } },
{ "type": "Feature", "properties": { "sword_node_id": 62265300050361, "sword_reach_id": 62265300051, "sword_width": 1110.0, "sword_dist_out": 2511023.4851753181, "file": "62265300050361_2511023.txt", "water_level": 45.667800903320312 }, "geometry": { "type": "Point", "coordinates": [ -63.867792891059452, -8.636616770815035 ] } },
{ "type": "Feature", "properties": { "sword_node_id": 62265300050341, "sword_reach_id": 62265300051, "sword_width": 1218.0, "sword_dist_out": 2510626.3068067553, "file": "62265300050341_2510626.txt", "water_level": 45.65240478515625 }, "geometry": { "type": "Point", "coordinates": [ -63.863046845672763, -8.636320370663153 ] } },
{ "type": "Feature", "properties": { "sword_node_id": 62265300050281, "sword_reach_id": 62265300051, "sword_width": 1230.0, "sword_dist_out": 2509438.9295424782, "file": "62265300050281_2509438.txt", "water_level": 45.639129638671875 }, "geometry": { "type": "Point", "coordinates": [ -63.853900354814037, -8.635367031471652 ] } },
{ "type": "Feature", "properties": { "sword_node_id": 62265300050221, "sword_reach_id": 62265300051, "sword_width": 1605.0, "sword_dist_out": 2508267.1930679791, "file": "62265300050221_2508267.txt", "water_level": 45.600086212158203 }, "geometry": { "type": "Point", "coordinates": [ -63.843187236385518, -8.633257208806047 ] } },
{ "type": "Feature", "properties": { "sword_node_id": 62265300050131, "sword_reach_id": 62265300051, "sword_width": 1342.0, "sword_dist_out": 2506457.3282246352, "file": "62265300050131_2506457.txt", "water_level": 45.510650634765625 }, "geometry": { "type": "Point", "coordinates": [ -63.830397655766603, -8.623528128129216 ] } },
{ "type": "Feature", "properties": { "sword_node_id": 62265300050081, "sword_reach_id": 62265300051, "sword_width": 1574.5, "sword_dist_out": 2505465.6170320841, "file": "62265300050081_2505465.txt", "water_level": 45.459426879882812 }, "geometry": { "type": "Point", "coordinates": [ -63.822831927585192, -8.618761531484072 ] } },
{ "type": "Feature", "properties": { "sword_node_id": 62265300050071, "sword_reach_id": 62265300051, "sword_width": 1585.0, "sword_dist_out": 2505263.6665061335, "file": "62265300050071_2505263.txt", "water_level": 45.439319610595703 }, "geometry": { "type": "Point", "coordinates": [ -63.820517342585426, -8.617727495439564 ] } },
{ "type": "Feature", "properties": { "sword_node_id": 62265300050051, "sword_reach_id": 62265300051, "sword_width": 1603.0, "sword_dist_out": 2504894.7614267389, "file": "62265300050051_2504894.txt", "water_level": 45.402915954589844 }, "geometry": { "type": "Point", "coordinates": [ -63.816910605395286, -8.616116438667985 ] } },
{ "type": "Feature", "properties": { "sword_node_id": 62265300050031, "sword_reach_id": 62265300051, "sword_width": 1623.0, "sword_dist_out": 2504490.8598373267, "file": "62265300050031_2504490.txt", "water_level": 45.366073608398438 }, "geometry": { "type": "Point", "coordinates": [ -63.81356984879195, -8.614327011837108 ] } },
{ "type": "Feature", "properties": { "sword_node_id": 62265300040441, "sword_reach_id": 62265300041, "sword_width": 1652.0, "sword_dist_out": 2503723.403033284, "file": "62265300040441_2503723.txt", "water_level": 45.345108032226562 }, "geometry": { "type": "Point", "coordinates": [ -63.808054252452187, -8.611434898324552 ] } },
{ "type": "Feature", "properties": { "sword_node_id": 62265300020421, "sword_reach_id": 62265300021, "sword_width": 1520.5, "sword_dist_out": 2475460.754907175, "file": "62265300020421_2475460.txt", "water_level": 44.096454620361328 }, "geometry": { "type": "Point", "coordinates": [ -63.578501041503074, -8.610174135170757 ] } },
{ "type": "Feature", "properties": { "sword_node_id": 62265300020331, "sword_reach_id": 62265300021, "sword_width": 1187.0, "sword_dist_out": 2473661.9329068577, "file": "62265300020331_2473661.txt", "water_level": 43.964241027832031 }, "geometry": { "type": "Point", "coordinates": [ -63.564058168159534, -8.610064985531929 ] } },
{ "type": "Feature", "properties": { "sword_node_id": 62265300020251, "sword_reach_id": 62265300021, "sword_width": 826.0, "sword_dist_out": 2472060.3019427974, "file": "62265300020251_2472060.txt", "water_level": 43.933769226074219 }, "geometry": { "type": "Point", "coordinates": [ -63.550491688716448, -8.605893613500839 ] } },
{ "type": "Feature", "properties": { "sword_node_id": 62265300020511, "sword_reach_id": 62265300021, "sword_width": 1215.0, "sword_dist_out": 2477274.9979491164, "file": "62265300020511_2477274.txt", "water_level": 44.233013153076172 }, "geometry": { "type": "Point", "coordinates": [ -63.593112469822096, -8.603195361050352 ] } },
{ "type": "Feature", "properties": { "sword_node_id": 62265300020471, "sword_reach_id": 62265300021, "sword_width": 1533.0, "sword_dist_out": 2476470.7021762794, "file": "62265300020471_2476470.txt", "water_level": 44.186973571777344 }, "geometry": { "type": "Point", "coordinates": [ -63.587058508873561, -8.605690419681757 ] } },
{ "type": "Feature", "properties": { "sword_node_id": 62265300040381, "sword_reach_id": 62265300041, "sword_width": 1445.0, "sword_dist_out": 2502539.278553714, "file": "62265300040381_2502539.txt", "water_level": 45.287498474121094 }, "geometry": { "type": "Point", "coordinates": [ -63.798423093609337, -8.606237560443683 ] } },
{ "type": "Feature", "properties": { "sword_node_id": 62265300040331, "sword_reach_id": 62265300041, "sword_width": 1171.0, "sword_dist_out": 2501552.4421719611, "file": "62265300040331_2501552.txt", "water_level": 45.219654083251953 }, "geometry": { "type": "Point", "coordinates": [ -63.790854626838211, -8.602565537538243 ] } },
{ "type": "Feature", "properties": { "sword_node_id": 62265300020171, "sword_reach_id": 62265300021, "sword_width": 784.5, "sword_dist_out": 2470468.2182412618, "file": "62265300020171_2470468.txt", "water_level": 43.923271179199219 }, "geometry": { "type": "Point", "coordinates": [ -63.53837394877921, -8.598899045940195 ] } },
{ "type": "Feature", "properties": { "sword_node_id": 62265300040231, "sword_reach_id": 62265300041, "sword_width": 1044.0, "sword_dist_out": 2499566.0258461698, "file": "62265300040231_2499566.txt", "water_level": 45.182518005371094 }, "geometry": { "type": "Point", "coordinates": [ -63.773730418510425, -8.597287745369925 ] } },
{ "type": "Feature", "properties": { "sword_node_id": 62265300040181, "sword_reach_id": 62265300041, "sword_width": 966.0, "sword_dist_out": 2498579.3824983709, "file": "62265300040181_2498579.txt", "water_level": 45.164863586425781 }, "geometry": { "type": "Point", "coordinates": [ -63.765317588546544, -8.593868866478752 ] } },
{ "type": "Feature", "properties": { "sword_node_id": 62265300040131, "sword_reach_id": 62265300041, "sword_width": 938.5, "sword_dist_out": 2497584.3661365686, "file": "62265300040131_2497584.txt", "water_level": 45.156536102294922 }, "geometry": { "type": "Point", "coordinates": [ -63.757296587082614, -8.590017530662539 ] } },
{ "type": "Feature", "properties": { "sword_node_id": 62265300020721, "sword_reach_id": 62265300021, "sword_width": 1198.0, "sword_dist_out": 2481477.2858330584, "file": "62265300020721_2481477.txt", "water_level": 44.29278564453125 }, "geometry": { "type": "Point", "coordinates": [ -63.626772352350898, -8.583172172786387 ] } },
{ "type": "Feature", "properties": { "sword_node_id": 62265300020771, "sword_reach_id": 62265300021, "sword_width": 1171.0, "sword_dist_out": 2482482.2471870161, "file": "62265300020771_2482482.txt", "water_level": 44.308326721191406 }, "geometry": { "type": "Point", "coordinates": [ -63.632457595433657, -8.578475212504971 ] } },
{ "type": "Feature", "properties": { "sword_node_id": 62265300030331, "sword_reach_id": 62265300031, "sword_width": 1264.0, "sword_dist_out": 2492645.6309939181, "file": "62265300030331_2492645.txt", "water_level": 45.057575225830078 }, "geometry": { "type": "Point", "coordinates": [ -63.715744266808287, -8.569973608520987 ] } },
{ "type": "Feature", "properties": { "sword_node_id": 62265300020851, "sword_reach_id": 62265300021, "sword_width": 1365.0, "sword_dist_out": 2484094.1778504192, "file": "62265300020851_2484094.txt", "water_level": 44.351772308349609 }, "geometry": { "type": "Point", "coordinates": [ -63.64533911166555, -8.568486363745276 ] } },
{ "type": "Feature", "properties": { "sword_node_id": 62265300020821, "sword_reach_id": 62265300021, "sword_width": 1260.0, "sword_dist_out": 2483506.7434859406, "file": "62265300020821_2483506.txt", "water_level": 44.333740234375 }, "geometry": { "type": "Point", "coordinates": [ -63.639507799660002, -8.572550383318438 ] } },
{ "type": "Feature", "properties": { "sword_node_id": 62265300010891, "sword_reach_id": 62265300011, "sword_width": 1044.0, "sword_dist_out": 2465850.1254383009, "file": "62265300010891_2465850.txt", "water_level": 43.889251708984375 }, "geometry": { "type": "Point", "coordinates": [ -63.541104907287405, -8.563585915167955 ] } },
{ "type": "Feature", "properties": { "sword_node_id": 62265300030281, "sword_reach_id": 62265300031, "sword_width": 1414.5, "sword_dist_out": 2491654.582259662, "file": "62265300030281_2491654.txt", "water_level": 45.010749816894531 }, "geometry": { "type": "Point", "coordinates": [ -63.707557882638731, -8.566282775828014 ] } },
{ "type": "Feature", "properties": { "sword_node_id": 62265300030221, "sword_reach_id": 62265300031, "sword_width": 1768.0, "sword_dist_out": 2490466.3146431581, "file": "62265300030221_2490466.txt", "water_level": 44.943675994873047 }, "geometry": { "type": "Point", "coordinates": [ -63.697963100691013, -8.562679753666144 ] } },
{ "type": "Feature", "properties": { "sword_node_id": 62265300030161, "sword_reach_id": 62265300031, "sword_width": 2035.0, "sword_dist_out": 2489275.8774475632, "file": "62265300030161_2489275.txt", "water_level": 44.823760986328125 }, "geometry": { "type": "Point", "coordinates": [ -63.687797448552736, -8.56023298114172 ] } },
{ "type": "Feature", "properties": { "sword_node_id": 62265300020911, "sword_reach_id": 62265300021, "sword_width": 1938.0, "sword_dist_out": 2485286.8716210332, "file": "62265300020911_2485286.txt", "water_level": 44.453987121582031 }, "geometry": { "type": "Point", "coordinates": [ -63.653177547200109, -8.561277393175182 ] } },
{ "type": "Feature", "properties": { "sword_node_id": 62265300010801, "sword_reach_id": 62265300011, "sword_width": 1260.0, "sword_dist_out": 2464057.539290335, "file": "62265300010801_2464057.txt", "water_level": 43.850353240966797 }, "geometry": { "type": "Point", "coordinates": [ -63.551621487751881, -8.549780592424581 ] } },
{ "type": "Feature", "properties": { "sword_node_id": 62265300030101, "sword_reach_id": 62265300031, "sword_width": 1634.0, "sword_dist_out": 2488098.0540942121, "file": "62265300030101_2488098.txt", "water_level": 44.6561279296875 }, "geometry": { "type": "Point", "coordinates": [ -63.677466779794379, -8.557974790681252 ] } },
{ "type": "Feature", "properties": { "sword_node_id": 62265300030051, "sword_reach_id": 62265300031, "sword_width": 1952.0, "sword_dist_out": 2487081.8370858999, "file": "62265300030051_2487081.txt", "water_level": 44.54248046875 }, "geometry": { "type": "Point", "coordinates": [ -63.667326687223408, -8.555904505822225 ] } },
{ "type": "Feature", "properties": { "sword_node_id": 62265300010731, "sword_reach_id": 62265300011, "sword_width": 1729.0, "sword_dist_out": 2462626.6039927667, "file": "62265300010731_2462626.txt", "water_level": 43.782436370849609 }, "geometry": { "type": "Point", "coordinates": [ -63.558568066281069, -8.540707092892838 ] } },
{ "type": "Feature", "properties": { "sword_node_id": 62265300010671, "sword_reach_id": 62265300011, "sword_width": 2041.5, "sword_dist_out": 2461447.013846172, "file": "62265300010671_2461447.txt", "water_level": 43.788234710693359 }, "geometry": { "type": "Point", "coordinates": [ -63.563414370243216, -8.531128661163784 ] } },
{ "type": "Feature", "properties": { "sword_node_id": 62265300010631, "sword_reach_id": 62265300011, "sword_width": 1885.5, "sword_dist_out": 2460639.1688879817, "file": "62265300010631_2460639.txt", "water_level": 43.650932312011719 }, "geometry": { "type": "Point", "coordinates": [ -63.56919543384803, -8.523441483020902 ] } },
{ "type": "Feature", "properties": { "sword_node_id": 62265300010611, "sword_reach_id": 62265300011, "sword_width": 1812.0, "sword_dist_out": 2460253.0180339389, "file": "62265300010611_2460253.txt", "water_level": 43.609725952148438 }, "geometry": { "type": "Point", "coordinates": [ -63.571384899506128, -8.520475305388166 ] } },
{ "type": "Feature", "properties": { "sword_node_id": 62265300010591, "sword_reach_id": 62265300011, "sword_width": 1857.5, "sword_dist_out": 2459837.9798576264, "file": "62265300010591_2459837.txt", "water_level": 43.543750762939453 }, "geometry": { "type": "Point", "coordinates": [ -63.5729899417939, -8.515998657410814 ] } },
{ "type": "Feature", "properties": { "sword_node_id": 62265300010561, "sword_reach_id": 62265300011, "sword_width": 2083.0, "sword_dist_out": 2459250.8263228685, "file": "62265300010561_2459250.txt", "water_level": 43.479324340820312 }, "geometry": { "type": "Point", "coordinates": [ -63.573783122743805, -8.51142039617894 ] } },
{ "type": "Feature", "properties": { "sword_node_id": 62265300010531, "sword_reach_id": 62265300011, "sword_width": 1925.0, "sword_dist_out": 2458649.3186263489, "file": "62265300010531_2458649.txt", "water_level": 43.364089965820312 }, "geometry": { "type": "Point", "coordinates": [ -63.574237568445461, -8.506126774480808 ] } },
{ "type": "Feature", "properties": { "sword_node_id": 62265300010481, "sword_reach_id": 62265300011, "sword_width": 2015.5, "sword_dist_out": 2457640.9814016311, "file": "62265300010481_2457640.txt", "water_level": 43.211509704589844 }, "geometry": { "type": "Point", "coordinates": [ -63.571623002287211, -8.498657716697215 ] } },
{ "type": "Feature", "properties": { "sword_node_id": 62265300010461, "sword_reach_id": 62265300011, "sword_width": 2039.0, "sword_dist_out": 2457251.8103160206, "file": "62265300010461_2457251.txt", "water_level": 43.158454895019531 }, "geometry": { "type": "Point", "coordinates": [ -63.570295735638403, -8.496189335619837 ] } },
{ "type": "Feature", "properties": { "sword_node_id": 62265300010441, "sword_reach_id": 62265300011, "sword_width": 1866.0, "sword_dist_out": 2456838.2082465421, "file": "62265300010441_2456838.txt", "water_level": 43.046150207519531 }, "geometry": { "type": "Point", "coordinates": [ -63.566887781703215, -8.49405995303913 ] } },
{ "type": "Feature", "properties": { "sword_node_id": 62265300010421, "sword_reach_id": 62265300011, "sword_width": 1699.0, "sword_dist_out": 2456417.8035423118, "file": "62265300010421_2456417.txt", "water_level": 42.883502960205078 }, "geometry": { "type": "Point", "coordinates": [ -63.562121186055258, -8.491023912047659 ] } },
{ "type": "Feature", "properties": { "sword_node_id": 62265300010391, "sword_reach_id": 62265300011, "sword_width": 1954.0, "sword_dist_out": 2455828.1418259386, "file": "62265300010391_2455828.txt", "water_level": 42.823577880859375 }, "geometry": { "type": "Point", "coordinates": [ -63.557457808380747, -8.488874872653843 ] } },
{ "type": "Feature", "properties": { "sword_node_id": 62265300010331, "sword_reach_id": 62265300011, "sword_width": 1463.0, "sword_dist_out": 2454573.6827802835, "file": "62265300010331_2454573.txt", "water_level": 42.766521453857422 }, "geometry": { "type": "Point", "coordinates": [ -63.549435998098737, -8.482015024250238 ] } },
{ "type": "Feature", "properties": { "sword_node_id": 62265300010281, "sword_reach_id": 62265300011, "sword_width": 1410.0, "sword_dist_out": 2453614.9202471473, "file": "62265300010281_2453614.txt", "water_level": 42.70416259765625 }, "geometry": { "type": "Point", "coordinates": [ -63.541463130721326, -8.476438605977112 ] } },
{ "type": "Feature", "properties": { "sword_node_id": 62265300010251, "sword_reach_id": 62265300011, "sword_width": 1441.0, "sword_dist_out": 2453025.0880532288, "file": "62265300010251_2453025.txt", "water_level": 42.668701171875 }, "geometry": { "type": "Point", "coordinates": [ -63.537066534170442, -8.473706838818966 ] } },
{ "type": "Feature", "properties": { "sword_node_id": 62265300010181, "sword_reach_id": 62265300011, "sword_width": 1363.0, "sword_dist_out": 2451638.97916506, "file": "62265300010181_2451638.txt", "water_level": 42.585075378417969 }, "geometry": { "type": "Point", "coordinates": [ -63.526163491785638, -8.466350289290325 ] } },
{ "type": "Feature", "properties": { "sword_node_id": 62265300010101, "sword_reach_id": 62265300011, "sword_width": 1403.0, "sword_dist_out": 2449999.0326219858, "file": "62265300010101_2449999.txt", "water_level": 42.449054718017578 }, "geometry": { "type": "Point", "coordinates": [ -63.515097467188447, -8.458187679852369 ] } },
{ "type": "Feature", "properties": { "sword_node_id": 62265100060871, "sword_reach_id": 62265100061, "sword_width": 956.0, "sword_dist_out": 2447611.3243189845, "file": "62265100060871_2447611.txt", "water_level": 42.303474426269531 }, "geometry": { "type": "Point", "coordinates": [ -63.497658568190332, -8.444131655920977 ] } },
{ "type": "Feature", "properties": { "sword_node_id": 62265100060611, "sword_reach_id": 62265100061, "sword_width": 1089.0, "sword_dist_out": 2442424.5502393073, "file": "62265100060611_2442424.txt", "water_level": 42.188732147216797 }, "geometry": { "type": "Point", "coordinates": [ -63.461460154937598, -8.416217837762339 ] } },
{ "type": "Feature", "properties": { "sword_node_id": 62265100060361, "sword_reach_id": 62265100061, "sword_width": 1281.0, "sword_dist_out": 2437464.5438652458, "file": "62265100060361_2437464.txt", "water_level": 41.996257781982422 }, "geometry": { "type": "Point", "coordinates": [ -63.426891765761226, -8.38728711774078 ] } },
{ "type": "Feature", "properties": { "sword_node_id": 62265100060111, "sword_reach_id": 62265100061, "sword_width": 1292.0, "sword_dist_out": 2432492.3227210427, "file": "62265100060111_2432492.txt", "water_level": 41.823699951171875 }, "geometry": { "type": "Point", "coordinates": [ -63.411467359012306, -8.345937683995384 ] } },
{ "type": "Feature", "properties": { "sword_node_id": 62265100050971, "sword_reach_id": 62265100051, "sword_width": 1506.0, "sword_dist_out": 2429697.1878297301, "file": "62265100050971_2429697.txt", "water_level": 41.763729095458984 }, "geometry": { "type": "Point", "coordinates": [ -63.401346489511056, -8.32140397602112 ] } },
{ "type": "Feature", "properties": { "sword_node_id": 62265100050911, "sword_reach_id": 62265100051, "sword_width": 1535.0, "sword_dist_out": 2428499.3151213056, "file": "62265100050911_2428499.txt", "water_level": 41.699821472167969 }, "geometry": { "type": "Point", "coordinates": [ -63.397460585570045, -8.311580092694744 ] } },
{ "type": "Feature", "properties": { "sword_node_id": 62265100050871, "sword_reach_id": 62265100051, "sword_width": 1674.0, "sword_dist_out": 2427683.9683372146, "file": "62265100050871_2427683.txt", "water_level": 41.635646820068359 }, "geometry": { "type": "Point", "coordinates": [ -63.394230011816916, -8.30436839008998 ] } },
{ "type": "Feature", "properties": { "sword_node_id": 62265100050811, "sword_reach_id": 62265100051, "sword_width": 1583.0, "sword_dist_out": 2426506.890205136, "file": "62265100050811_2426506.txt", "water_level": 41.542808532714844 }, "geometry": { "type": "Point", "coordinates": [ -63.3872245621221, -8.295798455545352 ] } },
{ "type": "Feature", "properties": { "sword_node_id": 62265100050761, "sword_reach_id": 62265100051, "sword_width": 1659.0, "sword_dist_out": 2425504.8172570015, "file": "62265100050761_2425504.txt", "water_level": 41.443168640136719 }, "geometry": { "type": "Point", "coordinates": [ -63.382661855209875, -8.289320592881747 ] } },
{ "type": "Feature", "properties": { "sword_node_id": 62265100050701, "sword_reach_id": 62265100051, "sword_width": 1936.5, "sword_dist_out": 2424306.6113392292, "file": "62265100050701_2424306.txt", "water_level": 41.324512481689453 }, "geometry": { "type": "Point", "coordinates": [ -63.376060743078412, -8.279707726448958 ] } },
{ "type": "Feature", "properties": { "sword_node_id": 62265100050661, "sword_reach_id": 62265100051, "sword_width": 1960.0, "sword_dist_out": 2423498.8563341657, "file": "62265100050661_2423498.txt", "water_level": 41.21337890625 }, "geometry": { "type": "Point", "coordinates": [ -63.373228806259192, -8.274468649548057 ] } },
{ "type": "Feature", "properties": { "sword_node_id": 62265100050611, "sword_reach_id": 62265100051, "sword_width": 1610.0, "sword_dist_out": 2422509.2372859218, "file": "62265100050611_2422509.txt", "water_level": 41.099723815917969 }, "geometry": { "type": "Point", "coordinates": [ -63.368390448190844, -8.267103319648955 ] } },
{ "type": "Feature", "properties": { "sword_node_id": 62265100050571, "sword_reach_id": 62265100051, "sword_width": 1526.5, "sword_dist_out": 2421721.5934020476, "file": "62265100050571_2421721.txt", "water_level": 41.010307312011719 }, "geometry": { "type": "Point", "coordinates": [ -63.365286264993323, -8.26067663804322 ] } },
{ "type": "Feature", "properties": { "sword_node_id": 62265100050511, "sword_reach_id": 62265100051, "sword_width": 1157.0, "sword_dist_out": 2420520.8005676414, "file": "62265100050511_2420520.txt", "water_level": 40.8841552734375 }, "geometry": { "type": "Point", "coordinates": [ -63.363510966697135, -8.249404787306469 ] } },
{ "type": "Feature", "properties": { "sword_node_id": 62265100050441, "sword_reach_id": 62265100051, "sword_width": 936.0, "sword_dist_out": 2419134.4904159065, "file": "62265100050441_2419134.txt", "water_level": 40.779521942138672 }, "geometry": { "type": "Point", "coordinates": [ -63.359880453252615, -8.237011351470578 ] } },
{ "type": "Feature", "properties": { "sword_node_id": 62265100050411, "sword_reach_id": 62265100051, "sword_width": 997.0, "sword_dist_out": 2418535.8055763994, "file": "62265100050411_2418535.txt", "water_level": 40.756397247314453 }, "geometry": { "type": "Point", "coordinates": [ -63.359485517623867, -8.232278233902999 ] } },
{ "type": "Feature", "properties": { "sword_node_id": 62265100050371, "sword_reach_id": 62265100051, "sword_width": 1026.0, "sword_dist_out": 2417741.2441910552, "file": "62265100050371_2417741.txt", "water_level": 40.731666564941406 }, "geometry": { "type": "Point", "coordinates": [ -63.358504433042334, -8.225210089097292 ] } },
{ "type": "Feature", "properties": { "sword_node_id": 62265100040031, "sword_reach_id": 62265100041, "sword_width": 1368.0, "sword_dist_out": 2398562.337972499, "file": "62265100040031_2398562.txt", "water_level": 39.839675903320312 }, "geometry": { "type": "Point", "coordinates": [ -63.239756304794568, -8.227181248196269 ] } },
{ "type": "Feature", "properties": { "sword_node_id": 62265100030991, "sword_reach_id": 62265100031, "sword_width": 1389.5, "sword_dist_out": 2397740.1336539667, "file": "62265100030991_2397740.txt", "water_level": 39.757728576660156 }, "geometry": { "type": "Point", "coordinates": [ -63.232578538076091, -8.226231695778337 ] } },
{ "type": "Feature", "properties": { "sword_node_id": 62265100030941, "sword_reach_id": 62265100031, "sword_width": 1243.0, "sword_dist_out": 2396767.8700146442, "file": "62265100030941_2396767.txt", "water_level": 39.702178955078125 }, "geometry": { "type": "Point", "coordinates": [ -63.222932096804854, -8.224916021068321 ] } },
{ "type": "Feature", "properties": { "sword_node_id": 62265100030911, "sword_reach_id": 62265100031, "sword_width": 1186.0, "sword_dist_out": 2396162.2851761873, "file": "62265100030911_2396162.txt", "water_level": 39.674839019775391 }, "geometry": { "type": "Point", "coordinates": [ -63.217636203479522, -8.224385950751225 ] } },
{ "type": "Feature", "properties": { "sword_node_id": 62265100030851, "sword_reach_id": 62265100031, "sword_width": 853.0, "sword_dist_out": 2394949.3318049535, "file": "62265100030851_2394949.txt", "water_level": 39.595787048339844 }, "geometry": { "type": "Point", "coordinates": [ -63.207924163429098, -8.223821140342167 ] } },
{ "type": "Feature", "properties": { "sword_node_id": 62265100030801, "sword_reach_id": 62265100031, "sword_width": 724.0, "sword_dist_out": 2393937.7619084935, "file": "62265100030801_2393937.txt", "water_level": 39.581249237060547 }, "geometry": { "type": "Point", "coordinates": [ -63.198646817320508, -8.221280183764286 ] } },
{ "type": "Feature", "properties": { "sword_node_id": 62265100040121, "sword_reach_id": 62265100041, "sword_width": 1126.0, "sword_dist_out": 2400344.785821198, "file": "62265100040121_2400344.txt", "water_level": 40.032501220703125 }, "geometry": { "type": "Point", "coordinates": [ -63.256446430891273, -8.222177838200324 ] } },
{ "type": "Feature", "properties": { "sword_node_id": 62265100040081, "sword_reach_id": 62265100041, "sword_width": 1102.5, "sword_dist_out": 2399553.1611316293, "file": "62265100040081_2399553.txt", "water_level": 39.956832885742188 }, "geometry": { "type": "Point", "coordinates": [ -63.249270751169632, -8.22519389958552 ] } },
{ "type": "Feature", "properties": { "sword_node_id": 62265100040161, "sword_reach_id": 62265100041, "sword_width": 1386.5, "sword_dist_out": 2401139.282420482, "file": "62265100040161_2401139.txt", "water_level": 40.111362457275391 }, "geometry": { "type": "Point", "coordinates": [ -63.26282284859785, -8.218945212730549 ] } },
{ "type": "Feature", "properties": { "sword_node_id": 62265100040261, "sword_reach_id": 62265100041, "sword_width": 1484.0, "sword_dist_out": 2403128.5602198099, "file": "62265100040261_2403128.txt", "water_level": 40.264839172363281 }, "geometry": { "type": "Point", "coordinates": [ -63.277028211296084, -8.209489236847844 ] } },
{ "type": "Feature", "properties": { "sword_node_id": 62265100040201, "sword_reach_id": 62265100041, "sword_width": 1559.5, "sword_dist_out": 2401947.1574317729, "file": "62265100040201_2401947.txt", "water_level": 40.176807403564453 }, "geometry": { "type": "Point", "coordinates": [ -63.26885277924471, -8.215928037374994 ] } },
{ "type": "Feature", "properties": { "sword_node_id": 62265100040311, "sword_reach_id": 62265100041, "sword_width": 1213.0, "sword_dist_out": 2404172.5117260907, "file": "62265100040311_2404172.txt", "water_level": 40.308746337890625 }, "geometry": { "type": "Point", "coordinates": [ -63.283027821024746, -8.203150012129075 ] } },
{ "type": "Feature", "properties": { "sword_node_id": 62265100040361, "sword_reach_id": 62265100041, "sword_width": 900.0, "sword_dist_out": 2405153.3531608246, "file": "62265100040361_2405153.txt", "water_level": 40.341678619384766 }, "geometry": { "type": "Point", "coordinates": [ -63.288176069351827, -8.195679395750211 ] } },
{ "type": "Feature", "properties": { "sword_node_id": 62265100040411, "sword_reach_id": 62265100041, "sword_width": 621.5, "sword_dist_out": 2406173.81699182, "file": "62265100040411_2406173.txt", "water_level": 40.349014282226562 }, "geometry": { "type": "Point", "coordinates": [ -63.293237052156478, -8.188467526431797 ] } },
{ "type": "Feature", "properties": { "sword_node_id": 62265100050121, "sword_reach_id": 62265100051, "sword_width": 1406.0, "sword_dist_out": 2412761.6146273497, "file": "62265100050121_2412761.txt", "water_level": 40.577621459960938 }, "geometry": { "type": "Point", "coordinates": [ -63.341898119675797, -8.184882483812054 ] } },
{ "type": "Feature", "properties": { "sword_node_id": 62265100040461, "sword_reach_id": 62265100041, "sword_width": 635.5, "sword_dist_out": 2407172.0914261742, "file": "62265100040461_2407172.txt", "water_level": 40.354133605957031 }, "geometry": { "type": "Point", "coordinates": [ -63.297620110112774, -8.180315995559619 ] } },
{ "type": "Feature", "properties": { "sword_node_id": 62265100040511, "sword_reach_id": 62265100041, "sword_width": 878.0, "sword_dist_out": 2408178.9943880909, "file": "62265100040511_2408178.txt", "water_level": 40.364635467529297 }, "geometry": { "type": "Point", "coordinates": [ -63.304739680386767, -8.174151981817216 ] } },
{ "type": "Feature", "properties": { "sword_node_id": 62265100040561, "sword_reach_id": 62265100041, "sword_width": 997.0, "sword_dist_out": 2409167.0847215834, "file": "62265100040561_2409167.txt", "water_level": 40.406112670898438 }, "geometry": { "type": "Point", "coordinates": [ -63.313079882601272, -8.172198687336405 ] } },
{ "type": "Feature", "properties": { "sword_node_id": 62263900200171, "sword_reach_id": 62263900201, "sword_width": 1410.0, "sword_dist_out": 2289457.3206914472, "file": "62263900200171_2289457.txt", "water_level": 35.284133911132812 }, "geometry": { "type": "Point", "coordinates": [ -63.00149686188319, -7.532199677857564 ] } },
{ "type": "Feature", "properties": { "sword_node_id": 62263900190451, "sword_reach_id": 62263900191, "sword_width": 1173.0, "sword_dist_out": 2284667.0713605057, "file": "62263900190451_2284667.txt", "water_level": 35.202011108398438 }, "geometry": { "type": "Point", "coordinates": [ -63.016829440965864, -7.492557873128366 ] } },
{ "type": "Feature", "properties": { "sword_node_id": 62263900190201, "sword_reach_id": 62263900191, "sword_width": 1106.0, "sword_dist_out": 2279689.5229664179, "file": "62263900190201_2279689.txt", "water_level": 35.09161376953125 }, "geometry": { "type": "Point", "coordinates": [ -63.018362469877601, -7.447817458441252 ] } },
{ "type": "Feature", "properties": { "sword_node_id": 62263900180471, "sword_reach_id": 62263900181, "sword_width": 1270.0, "sword_dist_out": 2274749.0937434426, "file": "62263900180471_2274749.txt", "water_level": 35.01995849609375 }, "geometry": { "type": "Point", "coordinates": [ -63.001622980737523, -7.40617508811734 ] } },
{ "type": "Feature", "properties": { "sword_node_id": 62263900180161, "sword_reach_id": 62263900181, "sword_width": 1646.0, "sword_dist_out": 2268592.3940741913, "file": "62263900180161_2268592.txt", "water_level": 34.722347259521484 }, "geometry": { "type": "Point", "coordinates": [ -62.972550105468791, -7.359289667430194 ] } },
{ "type": "Feature", "properties": { "sword_node_id": 62263900180021, "sword_reach_id": 62263900181, "sword_width": 1772.0, "sword_dist_out": 2265809.2812320348, "file": "62263900180021_2265809.txt", "water_level": 34.481048583984375 }, "geometry": { "type": "Point", "coordinates": [ -62.962819596967243, -7.336166482646169 ] } },
{ "type": "Feature", "properties": { "sword_node_id": 62263900170401, "sword_reach_id": 62263900171, "sword_width": 1509.0, "sword_dist_out": 2263202.1455059224, "file": "62263900170401_2263202.txt", "water_level": 34.401058197021484 }, "geometry": { "type": "Point", "coordinates": [ -62.956887192764171, -7.312883971613862 ] } },
{ "type": "Feature", "properties": { "sword_node_id": 62263900170261, "sword_reach_id": 62263900171, "sword_width": 1741.5, "sword_dist_out": 2260355.2141044089, "file": "62263900170261_2260355.txt", "water_level": 34.298633575439453 }, "geometry": { "type": "Point", "coordinates": [ -62.947053934269796, -7.28912001768268 ] } },
{ "type": "Feature", "properties": { "sword_node_id": 62263900170101, "sword_reach_id": 62263900171, "sword_width": 1491.5, "sword_dist_out": 2257115.1802775282, "file": "62263900170101_2257115.txt", "water_level": 34.043067932128906 }, "geometry": { "type": "Point", "coordinates": [ -62.930835965842768, -7.264442672049167 ] } },
{ "type": "Feature", "properties": { "sword_node_id": 62263900160381, "sword_reach_id": 62263900161, "sword_width": 1395.0, "sword_dist_out": 2252485.9730208833, "file": "62263900160381_2252485.txt", "water_level": 33.875751495361328 }, "geometry": { "type": "Point", "coordinates": [ -62.915663508979478, -7.225276191637272 ] } },
{ "type": "Feature", "properties": { "sword_node_id": 62263900160131, "sword_reach_id": 62263900161, "sword_width": 1718.0, "sword_dist_out": 2247476.4614410852, "file": "62263900160131_2247476.txt", "water_level": 33.538059234619141 }, "geometry": { "type": "Point", "coordinates": [ -62.904517028362505, -7.182803450896991 ] } },
{ "type": "Feature", "properties": { "sword_node_id": 62263900150371, "sword_reach_id": 62263900151, "sword_width": 1154.0, "sword_dist_out": 2242048.7976529375, "file": "62263900150371_2242048.txt", "water_level": 33.330375671386719 }, "geometry": { "type": "Point", "coordinates": [ -62.883651052298951, -7.138776428993511 ] } },
{ "type": "Feature", "properties": { "sword_node_id": 62263900150211, "sword_reach_id": 62263900151, "sword_width": 1992.0, "sword_dist_out": 2238814.8219420961, "file": "62263900150211_2238814.txt", "water_level": 33.208316802978516 }, "geometry": { "type": "Point", "coordinates": [ -62.871339337000336, -7.113157832053441 ] } },
{ "type": "Feature", "properties": { "sword_node_id": 62263900150151, "sword_reach_id": 62263900151, "sword_width": 1502.0, "sword_dist_out": 2237599.1513009556, "file": "62263900150151_2237599.txt", "water_level": 33.157394409179688 }, "geometry": { "type": "Point", "coordinates": [ -62.867538575426842, -7.102873967206737 ] } },
{ "type": "Feature", "properties": { "sword_node_id": 62263900150111, "sword_reach_id": 62263900151, "sword_width": 1345.0, "sword_dist_out": 2236801.3608485963, "file": "62263900150111_2236801.txt", "water_level": 33.112350463867188 }, "geometry": { "type": "Point", "coordinates": [ -62.864861097286486, -7.095570293662885 ] } },
{ "type": "Feature", "properties": { "sword_node_id": 62263900150071, "sword_reach_id": 62263900151, "sword_width": 1484.0, "sword_dist_out": 2236007.0055811037, "file": "62263900150071_2236007.txt", "water_level": 33.068946838378906 }, "geometry": { "type": "Point", "coordinates": [ -62.862346855463997, -7.089901135380971 ] } },
{ "type": "Feature", "properties": { "sword_node_id": 62263900150031, "sword_reach_id": 62263900151, "sword_width": 1519.0, "sword_dist_out": 2235207.9384251735, "file": "62263900150031_2235207.txt", "water_level": 33.070899963378906 }, "geometry": { "type": "Point", "coordinates": [ -62.860839538394977, -7.082559848258332 ] } },
{ "type": "Feature", "properties": { "sword_node_id": 62263900140991, "sword_reach_id": 62263900141, "sword_width": 1957.5, "sword_dist_out": 2234389.8900737176, "file": "62263900140991_2234389.txt", "water_level": 32.749351501464844 }, "geometry": { "type": "Point", "coordinates": [ -62.860607195041979, -7.074747612832316 ] } },
{ "type": "Feature", "properties": { "sword_node_id": 62263900140961, "sword_reach_id": 62263900141, "sword_width": 2327.5, "sword_dist_out": 2233786.6799689964, "file": "62263900140961_2233786.txt", "water_level": 32.851619720458984 }, "geometry": { "type": "Point", "coordinates": [ -62.860945931532477, -7.068631836793194 ] } },
{ "type": "Feature", "properties": { "sword_node_id": 62263900140921, "sword_reach_id": 62263900141, "sword_width": 2517.0, "sword_dist_out": 2232995.6717510726, "file": "62263900140921_2232995.txt", "water_level": 32.62506103515625 }, "geometry": { "type": "Point", "coordinates": [ -62.861404806358124, -7.06258479263511 ] } },
{ "type": "Feature", "properties": { "sword_node_id": 62263900140891, "sword_reach_id": 62263900141, "sword_width": 2254.0, "sword_dist_out": 2232407.2823596317, "file": "62263900140891_2232407.txt", "water_level": 32.6304931640625 }, "geometry": { "type": "Point", "coordinates": [ -62.860849631660024, -7.056286984945085 ] } },
{ "type": "Feature", "properties": { "sword_node_id": 62263900140841, "sword_reach_id": 62263900141, "sword_width": 1656.0, "sword_dist_out": 2231400.3125998867, "file": "62263900140841_2231400.txt", "water_level": 32.53826904296875 }, "geometry": { "type": "Point", "coordinates": [ -62.859711242664069, -7.048258902854539 ] } },
{ "type": "Feature", "properties": { "sword_node_id": 62263900140791, "sword_reach_id": 62263900141, "sword_width": 1508.0, "sword_dist_out": 2230403.7363663944, "file": "62263900140791_2230403.txt", "water_level": 32.457935333251953 }, "geometry": { "type": "Point", "coordinates": [ -62.857183255119672, -7.039601691070432 ] } },
{ "type": "Feature", "properties": { "sword_node_id": 62263900140741, "sword_reach_id": 62263900141, "sword_width": 1301.0, "sword_dist_out": 2229395.1373543218, "file": "62263900140741_2229395.txt", "water_level": 32.375892639160156 }, "geometry": { "type": "Point", "coordinates": [ -62.855432605271822, -7.03081317479628 ] } },
{ "type": "Feature", "properties": { "sword_node_id": 62263900140671, "sword_reach_id": 62263900141, "sword_width": 976.5, "sword_dist_out": 2228002.7000038298, "file": "62263900140671_2228002.txt", "water_level": 32.258651733398438 }, "geometry": { "type": "Point", "coordinates": [ -62.852024817614691, -7.020596481980393 ] } },
{ "type": "Feature", "properties": { "sword_node_id": 62263900140171, "sword_reach_id": 62263900141, "sword_width": 1449.0, "sword_dist_out": 2217987.3921719035, "file": "62263900140171_2217987.txt", "water_level": 32.089241027832031 }, "geometry": { "type": "Point", "coordinates": [ -62.771281714184894, -7.019345832750254 ] } },
{ "type": "Feature", "properties": { "sword_node_id": 62263900140101, "sword_reach_id": 62263900141, "sword_width": 2459.0, "sword_dist_out": 2216595.2536893287, "file": "62263900140101_2216595.txt", "water_level": 32.031650543212891 }, "geometry": { "type": "Point", "coordinates": [ -62.760170927957283, -7.022056416476965 ] } },
{ "type": "Feature", "properties": { "sword_node_id": 62263900140051, "sword_reach_id": 62263900141, "sword_width": 2235.0, "sword_dist_out": 2215594.7624330954, "file": "62263900140051_2215594.txt", "water_level": 32.001605987548828 }, "geometry": { "type": "Point", "coordinates": [ -62.751787930642863, -7.023899841760157 ] } },
{ "type": "Feature", "properties": { "sword_node_id": 62263900140011, "sword_reach_id": 62263900141, "sword_width": 2116.0, "sword_dist_out": 2214811.4859955129, "file": "62263900140011_2214811.txt", "water_level": 31.929130554199219 }, "geometry": { "type": "Point", "coordinates": [ -62.744323295015249, -7.024099251791358 ] } },
{ "type": "Feature", "properties": { "sword_node_id": 62263900130921, "sword_reach_id": 62263900131, "sword_width": 1947.5, "sword_dist_out": 2213605.0746027716, "file": "62263900130921_2213605.txt", "water_level": 31.852571487426758 }, "geometry": { "type": "Point", "coordinates": [ -62.733632690716021, -7.025299798476889 ] } },
{ "type": "Feature", "properties": { "sword_node_id": 62263900130891, "sword_reach_id": 62263900131, "sword_width": 1630.0, "sword_dist_out": 2212990.0641694455, "file": "62263900130891_2212990.txt", "water_level": 31.636634826660156 }, "geometry": { "type": "Point", "coordinates": [ -62.726399693066909, -7.023789605332466 ] } },
{ "type": "Feature", "properties": { "sword_node_id": 62263900130851, "sword_reach_id": 62263900131, "sword_width": 1895.0, "sword_dist_out": 2212161.2521648328, "file": "62263900130851_2212161.txt", "water_level": 31.46940803527832 }, "geometry": { "type": "Point", "coordinates": [ -62.722888219692962, -7.016828824137384 ] } },
{ "type": "Feature", "properties": { "sword_node_id": 62263900130821, "sword_reach_id": 62263900131, "sword_width": 1829.0, "sword_dist_out": 2211587.0978148039, "file": "62263900130821_2211587.txt", "water_level": 31.396123886108398 }, "geometry": { "type": "Point", "coordinates": [ -62.718466513588332, -7.011882042962407 ] } },
{ "type": "Feature", "properties": { "sword_node_id": 62263900130781, "sword_reach_id": 62263900131, "sword_width": 2058.0, "sword_dist_out": 2210778.3325240291, "file": "62263900130781_2210778.txt", "water_level": 31.345649719238281 }, "geometry": { "type": "Point", "coordinates": [ -62.713108372139736, -7.00587999461446 ] } },
{ "type": "Feature", "properties": { "sword_node_id": 62263900130751, "sword_reach_id": 62263900131, "sword_width": 1760.0, "sword_dist_out": 2210181.7818222777, "file": "62263900130751_2210181.txt", "water_level": 31.297143936157227 }, "geometry": { "type": "Point", "coordinates": [ -62.70964695817252, -7.00185245911481 ] } },
{ "type": "Feature", "properties": { "sword_node_id": 62263900140411, "sword_reach_id": 62263900141, "sword_width": 1307.0, "sword_dist_out": 2222795.747752557, "file": "62263900140411_2222795.txt", "water_level": 32.188156127929688 }, "geometry": { "type": "Point", "coordinates": [ -62.812781256339363, -7.001121837735348 ] } },
{ "type": "Feature", "properties": { "sword_node_id": 62263900130671, "sword_reach_id": 62263900131, "sword_width": 2015.0, "sword_dist_out": 2208567.5438633296, "file": "62263900130671_2208567.txt", "water_level": 31.200824737548828 }, "geometry": { "type": "Point", "coordinates": [ -62.700531279874689, -6.991365687961232 ] } },
{ "type": "Feature", "properties": { "sword_node_id": 62263900130571, "sword_reach_id": 62263900131, "sword_width": 1597.0, "sword_dist_out": 2206552.4374962701, "file": "62263900130571_2206552.txt", "water_level": 31.071626663208008 }, "geometry": { "type": "Point", "coordinates": [ -62.688518030049387, -6.977458285007425 ] } },
{ "type": "Feature", "properties": { "sword_node_id": 62263900130311, "sword_reach_id": 62263900131, "sword_width": 1297.5, "sword_dist_out": 2201353.8525595111, "file": "62263900130311_2201353.txt", "water_level": 30.825923919677734 }, "geometry": { "type": "Point", "coordinates": [ -62.662442860973719, -6.94036902914388 ] } },
{ "type": "Feature", "properties": { "sword_node_id": 62263900130071, "sword_reach_id": 62263900131, "sword_width": 1380.0, "sword_dist_out": 2196532.8931483286, "file": "62263900130071_2196532.txt", "water_level": 30.479507446289062 }, "geometry": { "type": "Point", "coordinates": [ -62.65116622638903, -6.897847686324345 ] } },
{ "type": "Feature", "properties": { "sword_node_id": 62263900120781, "sword_reach_id": 62263900121, "sword_width": 1190.0, "sword_dist_out": 2191310.8067770475, "file": "62263900120781_2191310.txt", "water_level": 30.292020797729492 }, "geometry": { "type": "Point", "coordinates": [ -62.656519459842748, -6.851383999559026 ] } },
{ "type": "Feature", "properties": { "sword_node_id": 62263900120551, "sword_reach_id": 62263900121, "sword_width": 1013.0, "sword_dist_out": 2186695.87558938, "file": "62263900120551_2186695.txt", "water_level": 30.140476226806641 }, "geometry": { "type": "Point", "coordinates": [ -62.638611141909649, -6.814477374245752 ] } },
{ "type": "Feature", "properties": { "sword_node_id": 62263900120291, "sword_reach_id": 62263900121, "sword_width": 1071.0, "sword_dist_out": 2181495.6316242511, "file": "62263900120291_2181495.txt", "water_level": 30.020601272583008 }, "geometry": { "type": "Point", "coordinates": [ -62.600788735837149, -6.788682171789728 ] } },
{ "type": "Feature", "properties": { "sword_node_id": 62263900100451, "sword_reach_id": 62263900101, "sword_width": 2023.0, "sword_dist_out": 2162975.1455687364, "file": "62263900100451_2162975.txt", "water_level": 29.140533447265625 }, "geometry": { "type": "Point", "coordinates": [ -62.448735958410644, -6.777754555492067 ] } },
{ "type": "Feature", "properties": { "sword_node_id": 62263900100391, "sword_reach_id": 62263900101, "sword_width": 2072.0, "sword_dist_out": 2161769.530573443, "file": "62263900100391_2161769.txt", "water_level": 29.110628128051758 }, "geometry": { "type": "Point", "coordinates": [ -62.437656280603306, -6.779929325510625 ] } },
{ "type": "Feature", "properties": { "sword_node_id": 62263900110041, "sword_reach_id": 62263900111, "sword_width": 1008.0, "sword_dist_out": 2165553.6827824973, "file": "62263900110041_2165553.txt", "water_level": 29.180770874023438 }, "geometry": { "type": "Point", "coordinates": [ -62.4705969351024, -6.77023298011541 ] } },
{ "type": "Feature", "properties": { "sword_node_id": 62263900100281, "sword_reach_id": 62263900101, "sword_width": 1342.0, "sword_dist_out": 2159550.7852919162, "file": "62263900100281_2159550.txt", "water_level": 28.732892990112305 }, "geometry": { "type": "Point", "coordinates": [ -62.419871479606968, -6.784166680922588 ] } },
{ "type": "Feature", "properties": { "sword_node_id": 62263900100221, "sword_reach_id": 62263900101, "sword_width": 1601.5, "sword_dist_out": 2158329.2265338781, "file": "62263900100221_2158329.txt", "water_level": 28.685760498046875 }, "geometry": { "type": "Point", "coordinates": [ -62.409441727518775, -6.785836753905222 ] } },
{ "type": "Feature", "properties": { "sword_node_id": 62263900100161, "sword_reach_id": 62263900101, "sword_width": 1364.0, "sword_dist_out": 2157108.8944902648, "file": "62263900100161_2157108.txt", "water_level": 28.625141143798828 }, "geometry": { "type": "Point", "coordinates": [ -62.40070062907202, -6.772722345750751 ] } },
{ "type": "Feature", "properties": { "sword_node_id": 62263900100101, "sword_reach_id": 62263900101, "sword_width": 1182.5, "sword_dist_out": 2155911.056410539, "file": "62263900100101_2155911.txt", "water_level": 28.625919342041016 }, "geometry": { "type": "Point", "coordinates": [ -62.392076708319181, -6.76718361203579 ] } },
{ "type": "Feature", "properties": { "sword_node_id": 62263900120041, "sword_reach_id": 62263900121, "sword_width": 1617.0, "sword_dist_out": 2176455.4889100669, "file": "62263900120041_2176455.txt", "water_level": 29.619085311889648 }, "geometry": { "type": "Point", "coordinates": [ -62.560427309323281, -6.76966605495031 ] } },
{ "type": "Feature", "properties": { "sword_node_id": 62263900110341, "sword_reach_id": 62263900111, "sword_width": 1200.0, "sword_dist_out": 2171508.5075104171, "file": "62263900110341_2171508.txt", "water_level": 29.352024078369141 }, "geometry": { "type": "Point", "coordinates": [ -62.520307956710177, -6.750640848510955 ] } },
{ "type": "Feature", "properties": { "sword_node_id": 62263900090811, "sword_reach_id": 62263900091, "sword_width": 1131.5, "sword_dist_out": 2150109.8832335351, "file": "62263900090811_2150109.txt", "water_level": 28.411331176757812 }, "geometry": { "type": "Point", "coordinates": [ -62.358119013322522, -6.729924534203326 ] } },
{ "type": "Feature", "properties": { "sword_node_id": 62263900090561, "sword_reach_id": 62263900091, "sword_width": 1218.0, "sword_dist_out": 2145106.0994351222, "file": "62263900090561_2145106.txt", "water_level": 28.201013565063477 }, "geometry": { "type": "Point", "coordinates": [ -62.341117311597827, -6.688821712926343 ] } },
{ "type": "Feature", "properties": { "sword_node_id": 62263900090321, "sword_reach_id": 62263900091, "sword_width": 1485.0, "sword_dist_out": 2140316.7979654814, "file": "62263900090321_2140316.txt", "water_level": 28.040594100952148 }, "geometry": { "type": "Point", "coordinates": [ -62.336264067376774, -6.646070684527658 ] } },
{ "type": "Feature", "properties": { "sword_node_id": 62263900090271, "sword_reach_id": 62263900091, "sword_width": 1562.5, "sword_dist_out": 2139323.4963445361, "file": "62263900090271_2139323.txt", "water_level": 28.001972198486328 }, "geometry": { "type": "Point", "coordinates": [ -62.336240016080012, -6.636530658824055 ] } },
{ "type": "Feature", "properties": { "sword_node_id": 62263900090221, "sword_reach_id": 62263900091, "sword_width": 1506.0, "sword_dist_out": 2138341.4484674549, "file": "62263900090221_2138341.txt", "water_level": 27.963161468505859 }, "geometry": { "type": "Point", "coordinates": [ -62.337742741638955, -6.627764047840459 ] } },
{ "type": "Feature", "properties": { "sword_node_id": 62263900090171, "sword_reach_id": 62263900091, "sword_width": 1341.0, "sword_dist_out": 2137341.5003979448, "file": "62263900090171_2137341.txt", "water_level": 27.908042907714844 }, "geometry": { "type": "Point", "coordinates": [ -62.339743548999785, -6.618548448888699 ] } },
{ "type": "Feature", "properties": { "sword_node_id": 62263900090121, "sword_reach_id": 62263900091, "sword_width": 1291.0, "sword_dist_out": 2136352.4508636296, "file": "62263900090121_2136352.txt", "water_level": 27.861412048339844 }, "geometry": { "type": "Point", "coordinates": [ -62.341633321391228, -6.609987957295364 ] } },
{ "type": "Feature", "properties": { "sword_node_id": 62263900090071, "sword_reach_id": 62263900091, "sword_width": 1395.0, "sword_dist_out": 2135347.2615393088, "file": "62263900090071_2135347.txt", "water_level": 27.832370758056641 }, "geometry": { "type": "Point", "coordinates": [ -62.3434541182271, -6.601736438047321 ] } },
{ "type": "Feature", "properties": { "sword_node_id": 62263900090021, "sword_reach_id": 62263900091, "sword_width": 1253.0, "sword_dist_out": 2134354.2476610527, "file": "62263900090021_2134354.txt", "water_level": 27.786285400390625 }, "geometry": { "type": "Point", "coordinates": [ -62.345240803324145, -6.593624998068075 ] } },
{ "type": "Feature", "properties": { "sword_node_id": 62263900080561, "sword_reach_id": 62263900081, "sword_width": 1172.0, "sword_dist_out": 2133331.0129555943, "file": "62263900080561_2133331.txt", "water_level": 27.701740264892578 }, "geometry": { "type": "Point", "coordinates": [ -62.34754746895274, -6.584362027119561 ] } },
{ "type": "Feature", "properties": { "sword_node_id": 62263900080521, "sword_reach_id": 62263900081, "sword_width": 1050.0, "sword_dist_out": 2132530.305000396, "file": "62263900080521_2132530.txt", "water_level": 27.655139923095703 }, "geometry": { "type": "Point", "coordinates": [ -62.35150316174694, -6.57812820710521 ] } },
{ "type": "Feature", "properties": { "sword_node_id": 62263900080301, "sword_reach_id": 62263900081, "sword_width": 1044.0, "sword_dist_out": 2128160.9566060514, "file": "62263900080301_2128160.txt", "water_level": 27.539461135864258 }, "geometry": { "type": "Point", "coordinates": [ -62.366898087081367, -6.546708841840927 ] } },
{ "type": "Feature", "properties": { "sword_node_id": 62263700020471, "sword_reach_id": 62263700021, "sword_width": 1615.5, "sword_dist_out": 2042707.4432593416, "file": "62263700020471_2042707.txt", "water_level": 24.462156295776367 }, "geometry": { "type": "Point", "coordinates": [ -61.864383273615154, -6.258508332692402 ] } },
{ "type": "Feature", "properties": { "sword_node_id": 62263900010111, "sword_reach_id": 62263900011, "sword_width": 1575.0, "sword_dist_out": 2046103.0335575538, "file": "62263900010111_2046103.txt", "water_level": 24.500835418701172 }, "geometry": { "type": "Point", "coordinates": [ -61.893024576413971, -6.263219412594005 ] } },
{ "type": "Feature", "properties": { "sword_node_id": 62263700020421, "sword_reach_id": 62263700021, "sword_width": 1366.0, "sword_dist_out": 2041715.7024598105, "file": "62263700020421_2041715.txt", "water_level": 24.449705123901367 }, "geometry": { "type": "Point", "coordinates": [ -61.85590686174293, -6.253040882184798 ] } },
{ "type": "Feature", "properties": { "sword_node_id": 62263900010151, "sword_reach_id": 62263900011, "sword_width": 1588.0, "sword_dist_out": 2046889.1453351988, "file": "62263900010151_2046889.txt", "water_level": 24.512792587280273 }, "geometry": { "type": "Point", "coordinates": [ -61.901774885635056, -6.262578608543641 ] } },
{ "type": "Feature", "properties": { "sword_node_id": 62263900020041, "sword_reach_id": 62263900021, "sword_width": 1915.0, "sword_dist_out": 2053820.3081308117, "file": "62263900020041_2053820.txt", "water_level": 32.016975402832031 }, "geometry": { "type": "Point", "coordinates": [ -61.962580391959563, -6.254029684630334 ] } },
{ "type": "Feature", "properties": { "sword_node_id": 62263900010391, "sword_reach_id": 62263900011, "sword_width": 2241.0, "sword_dist_out": 2051650.7173293622, "file": "62263900010391_2051650.txt", "water_level": 28.330034255981445 }, "geometry": { "type": "Point", "coordinates": [ -61.943668088547795, -6.25836461391167 ] } },
{ "type": "Feature", "properties": { "sword_node_id": 62263700020381, "sword_reach_id": 62263700021, "sword_width": 1279.0, "sword_dist_out": 2040916.819554263, "file": "62263700020381_2040916.txt", "water_level": 31.445512771606445 }, "geometry": { "type": "Point", "coordinates": [ -61.849376994465111, -6.249250469730374 ] } },
{ "type": "Feature", "properties": { "sword_node_id": 62263900010301, "sword_reach_id": 62263900011, "sword_width": 1233.0, "sword_dist_out": 2049865.4547395376, "file": "62263900010301_2049865.txt", "water_level": 28.30274772644043 }, "geometry": { "type": "Point", "coordinates": [ -61.927492359565072, -6.261627271354048 ] } },
{ "type": "Feature", "properties": { "sword_node_id": 62263900010251, "sword_reach_id": 62263900011, "sword_width": 1267.0, "sword_dist_out": 2048863.346495532, "file": "62263900010251_2048863.txt", "water_level": 24.536584854125977 }, "geometry": { "type": "Point", "coordinates": [ -61.918625695509654, -6.26204899343734 ] } },
{ "type": "Feature", "properties": { "sword_node_id": 62263900010191, "sword_reach_id": 62263900011, "sword_width": 1515.5, "sword_dist_out": 2047678.2301807792, "file": "62263900010191_2047678.txt", "water_level": 24.523723602294922 }, "geometry": { "type": "Point", "coordinates": [ -61.909177799048486, -6.263495981016838 ] } },
{ "type": "Feature", "properties": { "sword_node_id": 62263900020281, "sword_reach_id": 62263900021, "sword_width": 1098.0, "sword_dist_out": 2058569.2507635509, "file": "62263900020281_2058569.txt", "water_level": 24.785678863525391 }, "geometry": { "type": "Point", "coordinates": [ -62.004237901198493, -6.24562788104043 ] } },
{ "type": "Feature", "properties": { "sword_node_id": 62263900020451, "sword_reach_id": 62263900021, "sword_width": 1203.0, "sword_dist_out": 2061944.0546811393, "file": "62263900020451_2061944.txt", "water_level": 24.909336090087891 }, "geometry": { "type": "Point", "coordinates": [ -62.0347144703561, -6.254153145711955 ] } },
{ "type": "Feature", "properties": { "sword_node_id": 62263900030121, "sword_reach_id": 62263900031, "sword_width": 1776.0, "sword_dist_out": 2064464.9960052646, "file": "62263900030121_2064464.txt", "water_level": 25.002952575683594 }, "geometry": { "type": "Point", "coordinates": [ -62.05546085918337, -6.240125268260574 ] } },
{ "type": "Feature", "properties": { "sword_node_id": 62263900030061, "sword_reach_id": 62263900031, "sword_width": 1515.0, "sword_dist_out": 2063265.6022206284, "file": "62263900030061_2063265.txt", "water_level": 24.92884635925293 }, "geometry": { "type": "Point", "coordinates": [ -62.04623237650884, -6.24682014609844 ] } },
{ "type": "Feature", "properties": { "sword_node_id": 62263700020261, "sword_reach_id": 62263700021, "sword_width": 892.0, "sword_dist_out": 2038499.73112085, "file": "62263700020261_2038499.txt", "water_level": 31.445512771606445 }, "geometry": { "type": "Point", "coordinates": [ -61.836693898145285, -6.232660618126978 ] } },
{ "type": "Feature", "properties": { "sword_node_id": 62263700020181, "sword_reach_id": 62263700021, "sword_width": 635.0, "sword_dist_out": 2036917.8907481693, "file": "62263700020181_2036917.txt", "water_level": 31.445512771606445 }, "geometry": { "type": "Point", "coordinates": [ -61.833881867005729, -6.218947851926866 ] } },
{ "type": "Feature", "properties": { "sword_node_id": 62263900030371, "sword_reach_id": 62263900031, "sword_width": 1116.5, "sword_dist_out": 2069458.5832281292, "file": "62263900030371_2069458.txt", "water_level": 25.467483520507812 }, "geometry": { "type": "Point", "coordinates": [ -62.091730054008295, -6.216551193251977 ] } },
{ "type": "Feature", "properties": { "sword_node_id": 62263900040711, "sword_reach_id": 62263900041, "sword_width": 789.0, "sword_dist_out": 2085464.4601512968, "file": "62263900040711_2085464.txt", "water_level": 26.097785949707031 }, "geometry": { "type": "Point", "coordinates": [ -62.221422841691052, -6.217405089539568 ] } },
{ "type": "Feature", "properties": { "sword_node_id": 62263900040561, "sword_reach_id": 62263900041, "sword_width": 1047.0, "sword_dist_out": 2082473.9381515016, "file": "62263900040561_2082473.txt", "water_level": 26.039970397949219 }, "geometry": { "type": "Point", "coordinates": [ -62.197856574905352, -6.204086246439484 ] } },
{ "type": "Feature", "properties": { "sword_node_id": 62263900040511, "sword_reach_id": 62263900041, "sword_width": 1145.0, "sword_dist_out": 2081466.8580859182, "file": "62263900040511_2081466.txt", "water_level": 25.996118545532227 }, "geometry": { "type": "Point", "coordinates": [ -62.189725637855247, -6.200273355248337 ] } },
{ "type": "Feature", "properties": { "sword_node_id": 62263900040461, "sword_reach_id": 62263900041, "sword_width": 1203.0, "sword_dist_out": 2080481.184204808, "file": "62263900040461_2080481.txt", "water_level": 25.957515716552734 }, "geometry": { "type": "Point", "coordinates": [ -62.181335261165771, -6.196386531630046 ] } },
{ "type": "Feature", "properties": { "sword_node_id": 62263900040401, "sword_reach_id": 62263900041, "sword_width": 1239.0, "sword_dist_out": 2079248.4089401786, "file": "62263900040401_2079248.txt", "water_level": 25.847122192382812 }, "geometry": { "type": "Point", "coordinates": [ -62.171624135509163, -6.192391704138927 ] } },
{ "type": "Feature", "properties": { "sword_node_id": 62263900040161, "sword_reach_id": 62263900041, "sword_width": 1135.0, "sword_dist_out": 2074442.1934515743, "file": "62263900040161_2074442.txt", "water_level": 25.56068229675293 }, "geometry": { "type": "Point", "coordinates": [ -62.128639508988584, -6.190051107069797 ] } },
{ "type": "Feature", "properties": { "sword_node_id": 62263900040361, "sword_reach_id": 62263900041, "sword_width": 1287.5, "sword_dist_out": 2078454.1342457191, "file": "62263900040361_2078454.txt", "water_level": 25.749490737915039 }, "geometry": { "type": "Point", "coordinates": [ -62.164568004861003, -6.19019891471898 ] } },
{ "type": "Feature", "properties": { "sword_node_id": 62263700010511, "sword_reach_id": 62263700011, "sword_width": 1035.0, "sword_dist_out": 2032959.2665042316, "file": "62263700010511_2032959.txt", "water_level": 31.445512771606445 }, "geometry": { "type": "Point", "coordinates": [ -61.832298207978255, -6.182531530040114 ] } },
{ "type": "Feature", "properties": { "sword_node_id": 62263900040311, "sword_reach_id": 62263900041, "sword_width": 1331.0, "sword_dist_out": 2077467.9651946547, "file": "62263900040311_2077467.txt", "water_level": 25.690452575683594 }, "geometry": { "type": "Point", "coordinates": [ -62.155671104012228, -6.188540944661144 ] } },
{ "type": "Feature", "properties": { "sword_node_id": 62263900040211, "sword_reach_id": 62263900041, "sword_width": 1331.0, "sword_dist_out": 2075440.1467663881, "file": "62263900040211_2075440.txt", "water_level": 25.602012634277344 }, "geometry": { "type": "Point", "coordinates": [ -62.13750846856415, -6.187464685875122 ] } },
{ "type": "Feature", "properties": { "sword_node_id": 62263900040261, "sword_reach_id": 62263900041, "sword_width": 1360.0, "sword_dist_out": 2076466.3848531607, "file": "62263900040261_2076466.txt", "water_level": 25.629512786865234 }, "geometry": { "type": "Point", "coordinates": [ -62.146379340680468, -6.187610566638766 ] } },
{ "type": "Feature", "properties": { "sword_node_id": 62263700010281, "sword_reach_id": 62263700011, "sword_width": 1763.0, "sword_dist_out": 2028367.61686103, "file": "62263700010281_2028367.txt", "water_level": 24.053380966186523 }, "geometry": { "type": "Point", "coordinates": [ -61.828118136102944, -6.141644474002757 ] } },
{ "type": "Feature", "properties": { "sword_node_id": 62263700010221, "sword_reach_id": 62263700011, "sword_width": 1874.0, "sword_dist_out": 2027168.8078828133, "file": "62263700010221_2027168.txt", "water_level": 23.977487564086914 }, "geometry": { "type": "Point", "coordinates": [ -61.824082569076332, -6.131442065585052 ] } },
{ "type": "Feature", "properties": { "sword_node_id": 62263700010191, "sword_reach_id": 62263700011, "sword_width": 2040.5, "sword_dist_out": 2026571.6619373851, "file": "62263700010191_2026571.txt", "water_level": 23.916385650634766 }, "geometry": { "type": "Point", "coordinates": [ -61.820920439388459, -6.127269457203194 ] } },
{ "type": "Feature", "properties": { "sword_node_id": 62263700010161, "sword_reach_id": 62263700011, "sword_width": 1780.0, "sword_dist_out": 2025951.1126616597, "file": "62263700010161_2025951.txt", "water_level": 23.805051803588867 }, "geometry": { "type": "Point", "coordinates": [ -61.817426592132009, -6.123777384607181 ] } },
{ "type": "Feature", "properties": { "sword_node_id": 62263700010121, "sword_reach_id": 62263700011, "sword_width": 1690.0, "sword_dist_out": 2025176.8223239889, "file": "62263700010121_2025176.txt", "water_level": 23.659463882446289 }, "geometry": { "type": "Point", "coordinates": [ -61.812119677707862, -6.120976718295031 ] } },
{ "type": "Feature", "properties": { "sword_node_id": 62263700010091, "sword_reach_id": 62263700011, "sword_width": 1684.0, "sword_dist_out": 2024557.957232493, "file": "62263700010091_2024557.txt", "water_level": 23.598915100097656 }, "geometry": { "type": "Point", "coordinates": [ -61.806409149472799, -6.120256290308105 ] } },
{ "type": "Feature", "properties": { "sword_node_id": 62263700010051, "sword_reach_id": 62263700011, "sword_width": 1519.0, "sword_dist_out": 2023769.4944838155, "file": "62263700010051_2023769.txt", "water_level": 23.488174438476562 }, "geometry": { "type": "Point", "coordinates": [ -61.797879321281911, -6.119305926935751 ] } },
{ "type": "Feature", "properties": { "sword_node_id": 62263500050891, "sword_reach_id": 62263500051, "sword_width": 1533.0, "sword_dist_out": 2022562.7410282178, "file": "62263500050891_2022562.txt", "water_level": 23.575572967529297 }, "geometry": { "type": "Point", "coordinates": [ -61.787889714629685, -6.119860208595209 ] } },
{ "type": "Feature", "properties": { "sword_node_id": 62263500050731, "sword_reach_id": 62263500051, "sword_width": 2024.5, "sword_dist_out": 2019363.6780988516, "file": "62263500050731_2019363.txt", "water_level": 23.34797477722168 }, "geometry": { "type": "Point", "coordinates": [ -61.772956696133356, -6.094550915742156 ] } },
{ "type": "Feature", "properties": { "sword_node_id": 62263500050651, "sword_reach_id": 62263500051, "sword_width": 1525.0, "sword_dist_out": 2017751.5245149555, "file": "62263500050651_2017751.txt", "water_level": 23.204132080078125 }, "geometry": { "type": "Point", "coordinates": [ -61.76488789215783, -6.08083345362359 ] } },
{ "type": "Feature", "properties": { "sword_node_id": 62263500050401, "sword_reach_id": 62263500051, "sword_width": 1387.0, "sword_dist_out": 2012730.9905821166, "file": "62263500050401_2012730.txt", "water_level": 22.96589469909668 }, "geometry": { "type": "Point", "coordinates": [ -61.726289206005539, -6.057100746759303 ] } },
{ "type": "Feature", "properties": { "sword_node_id": 62263500050141, "sword_reach_id": 62263500051, "sword_width": 979.0, "sword_dist_out": 2007507.0618236244, "file": "62263500050141_2007507.txt", "water_level": 22.700901031494141 }, "geometry": { "type": "Point", "coordinates": [ -61.692062597144144, -6.02823890793849 ] } },
{ "type": "Feature", "properties": { "sword_node_id": 62263500040761, "sword_reach_id": 62263500041, "sword_width": 1440.0, "sword_dist_out": 2002482.6595473527, "file": "62263500040761_2002482.txt", "water_level": 22.359865188598633 }, "geometry": { "type": "Point", "coordinates": [ -61.665308180348418, -5.992666654460881 ] } },
{ "type": "Feature", "properties": { "sword_node_id": 62263500040521, "sword_reach_id": 62263500041, "sword_width": 1098.0, "sword_dist_out": 1997674.3543701642, "file": "62263500040521_1997674.txt", "water_level": 21.921871185302734 }, "geometry": { "type": "Point", "coordinates": [ -61.684125508468895, -5.949850899456768 ] } },
{ "type": "Feature", "properties": { "sword_node_id": 62263500040301, "sword_reach_id": 62263500041, "sword_width": 1837.0, "sword_dist_out": 1993253.8655262636, "file": "62263500040301_1993253.txt", "water_level": 21.767593383789062 }, "geometry": { "type": "Point", "coordinates": [ -61.694696355052073, -5.912765694069247 ] } },
{ "type": "Feature", "properties": { "sword_node_id": 62263500040181, "sword_reach_id": 62263500041, "sword_width": 1794.5, "sword_dist_out": 1990796.5295634635, "file": "62263500040181_1990796.txt", "water_level": 21.68126106262207 }, "geometry": { "type": "Point", "coordinates": [ -61.691035513847126, -5.890360854587164 ] } },
{ "type": "Feature", "properties": { "sword_node_id": 62263500020251, "sword_reach_id": 62263500021, "sword_width": 1849.0, "sword_dist_out": 1963598.6106867346, "file": "62263500020251_1963598.txt", "water_level": 21.014385223388672 }, "geometry": { "type": "Point", "coordinates": [ -61.477236846921052, -5.870348281476308 ] } },
{ "type": "Feature", "properties": { "sword_node_id": 62263500020201, "sword_reach_id": 62263500021, "sword_width": 1832.0, "sword_dist_out": 1962591.4984008099, "file": "62263500020201_1962591.txt", "water_level": 21.00762939453125 }, "geometry": { "type": "Point", "coordinates": [ -61.469068895471338, -5.870309184242796 ] } },
{ "type": "Feature", "properties": { "sword_node_id": 62263500020171, "sword_reach_id": 62263500021, "sword_width": 1745.0, "sword_dist_out": 1961994.5775633664, "file": "62263500020171_1961994.txt", "water_level": 20.988067626953125 }, "geometry": { "type": "Point", "coordinates": [ -61.462857129328434, -5.866926738194921 ] } },
{ "type": "Feature", "properties": { "sword_node_id": 62263500040081, "sword_reach_id": 62263500041, "sword_width": 1061.5, "sword_dist_out": 1988808.6001678596, "file": "62263500040081_1988808.txt", "water_level": 21.62175178527832 }, "geometry": { "type": "Point", "coordinates": [ -61.676614467335909, -5.875416217019915 ] } },
{ "type": "Feature", "properties": { "sword_node_id": 62263500020301, "sword_reach_id": 62263500021, "sword_width": 1950.0, "sword_dist_out": 1964635.0491846551, "file": "62263500020301_1964635.txt", "water_level": 21.034801483154297 }, "geometry": { "type": "Point", "coordinates": [ -61.485232733571308, -5.867280787689986 ] } },
{ "type": "Feature", "properties": { "sword_node_id": 62263500030531, "sword_reach_id": 62263500031, "sword_width": 2209.0, "sword_dist_out": 1987017.0650505943, "file": "62263500030531_1987017.txt", "water_level": 21.544561386108398 }, "geometry": { "type": "Point", "coordinates": [ -61.658907187329127, -5.875101982658148 ] } },
{ "type": "Feature", "properties": { "sword_node_id": 62263500020121, "sword_reach_id": 62263500021, "sword_width": 1455.5, "sword_dist_out": 1961019.1714799518, "file": "62263500020121_1961019.txt", "water_level": 20.953956604003906 }, "geometry": { "type": "Point", "coordinates": [ -61.455589627927992, -5.860270235902651 ] } },
{ "type": "Feature", "properties": { "sword_node_id": 62263500020371, "sword_reach_id": 62263500021, "sword_width": 2089.0, "sword_dist_out": 1966009.8269339257, "file": "62263500020371_1966009.txt", "water_level": 21.05687141418457 }, "geometry": { "type": "Point", "coordinates": [ -61.4931681576589, -5.860371057474262 ] } },
{ "type": "Feature", "properties": { "sword_node_id": 62263500030291, "sword_reach_id": 62263500031, "sword_width": 2325.0, "sword_dist_out": 1982242.0914438616, "file": "62263500030291_1982242.txt", "water_level": 21.382114410400391 }, "geometry": { "type": "Point", "coordinates": [ -61.613578725602373, -5.877005178178631 ] } },
{ "type": "Feature", "properties": { "sword_node_id": 62263500020421, "sword_reach_id": 62263500021, "sword_width": 1718.0, "sword_dist_out": 1967028.2532871643, "file": "62263500020421_1967028.txt", "water_level": 21.078113555908203 }, "geometry": { "type": "Point", "coordinates": [ -61.499972521460919, -5.855620873124937 ] } },
{ "type": "Feature", "properties": { "sword_node_id": 62263500020471, "sword_reach_id": 62263500021, "sword_width": 984.0, "sword_dist_out": 1968040.3910209031, "file": "62263500020471_1968040.txt", "water_level": 21.104663848876953 }, "geometry": { "type": "Point", "coordinates": [ -61.505301326677703, -5.849166359163435 ] } },
{ "type": "Feature", "properties": { "sword_node_id": 62263500030061, "sword_reach_id": 62263500031, "sword_width": 2209.0, "sword_dist_out": 1977640.5499192968, "file": "62263500030061_1977640.txt", "water_level": 21.335269927978516 }, "geometry": { "type": "Point", "coordinates": [ -61.578048192894222, -5.877741863656481 ] } },
{ "type": "Feature", "properties": { "sword_node_id": 62263500020881, "sword_reach_id": 62263500021, "sword_width": 3312.0, "sword_dist_out": 1976263.0461072912, "file": "62263500020881_1976263.txt", "water_level": 21.321571350097656 }, "geometry": { "type": "Point", "coordinates": [ -61.569847732739227, -5.868346489982453 ] } },
{ "type": "Feature", "properties": { "sword_node_id": 62263500020771, "sword_reach_id": 62263500021, "sword_width": 1092.0, "sword_dist_out": 1974063.7593002322, "file": "62263500020771_1974063.txt", "water_level": 21.281356811523438 }, "geometry": { "type": "Point", "coordinates": [ -61.557595766487083, -5.840391019577606 ] } },
{ "type": "Feature", "properties": { "sword_node_id": 62263500020521, "sword_reach_id": 62263500021, "sword_width": 1344.0, "sword_dist_out": 1969033.8023774226, "file": "62263500020521_1969033.txt", "water_level": 21.128105163574219 }, "geometry": { "type": "Point", "coordinates": [ -61.514112742124404, -5.844437570027623 ] } },
{ "type": "Feature", "properties": { "sword_node_id": 62263500010071, "sword_reach_id": 62263500011, "sword_width": 2209.0, "sword_dist_out": 1942148.0732465682, "file": "62263500010071_1942148.txt", "water_level": 20.566257476806641 }, "geometry": { "type": "Point", "coordinates": [ -61.340637546449599, -5.84169256911426 ] } },
{ "type": "Feature", "properties": { "sword_node_id": 62263500010011, "sword_reach_id": 62263500011, "sword_width": 3929.5, "sword_dist_out": 1940951.6219328446, "file": "62263500010011_1940951.txt", "water_level": 20.533777236938477 }, "geometry": { "type": "Point", "coordinates": [ -61.331060822986736, -5.844059494666061 ] } },
{ "type": "Feature", "properties": { "sword_node_id": 62263300060661, "sword_reach_id": 62263300061, "sword_width": 2441.0, "sword_dist_out": 1940380.4907778038, "file": "62263300060661_1940380.txt", "water_level": 20.365240097045898 }, "geometry": { "type": "Point", "coordinates": [ -61.324329421501929, -5.843332232922763 ] } },
{ "type": "Feature", "properties": { "sword_node_id": 62263300060611, "sword_reach_id": 62263300061, "sword_width": 2305.5, "sword_dist_out": 1939409.1592103767, "file": "62263300060611_1939409.txt", "water_level": 20.182826995849609 }, "geometry": { "type": "Point", "coordinates": [ -61.314789924652338, -5.836738623702124 ] } },
{ "type": "Feature", "properties": { "sword_node_id": 62263500010121, "sword_reach_id": 62263500011, "sword_width": 1399.5, "sword_dist_out": 1943164.9890806882, "file": "62263500010121_1943164.txt", "water_level": 20.630220413208008 }, "geometry": { "type": "Point", "coordinates": [ -61.347920394460374, -5.834938354771338 ] } },
{ "type": "Feature", "properties": { "sword_node_id": 62263300060571, "sword_reach_id": 62263300061, "sword_width": 2086.0, "sword_dist_out": 1938583.9139208954, "file": "62263300060571_1938583.txt", "water_level": 20.142787933349609 }, "geometry": { "type": "Point", "coordinates": [ -61.308565631026163, -5.828531121731628 ] } },
{ "type": "Feature", "properties": { "sword_node_id": 62263500010181, "sword_reach_id": 62263500011, "sword_width": 1050.0, "sword_dist_out": 1944346.2393736106, "file": "62263500010181_1944346.txt", "water_level": 20.651100158691406 }, "geometry": { "type": "Point", "coordinates": [ -61.353163398090153, -5.826426993248241 ] } },
{ "type": "Feature", "properties": { "sword_node_id": 62263300060531, "sword_reach_id": 62263300061, "sword_width": 1977.0, "sword_dist_out": 1937819.3874349641, "file": "62263300060531_1937819.txt", "water_level": 20.141998291015625 }, "geometry": { "type": "Point", "coordinates": [ -61.306773821338268, -5.821777215659276 ] } },
{ "type": "Feature", "properties": { "sword_node_id": 62263500010771, "sword_reach_id": 62263500011, "sword_width": 1287.0, "sword_dist_out": 1956190.8108076793, "file": "62263500010771_1956190.txt", "water_level": 20.846460342407227 }, "geometry": { "type": "Point", "coordinates": [ -61.436754228193337, -5.819175771490013 ] } },
{ "type": "Feature", "properties": { "sword_node_id": 62263500010231, "sword_reach_id": 62263500011, "sword_width": 1185.5, "sword_dist_out": 1945374.9625967613, "file": "62263500010231_1945374.txt", "water_level": 20.66179084777832 }, "geometry": { "type": "Point", "coordinates": [ -61.35784937083659, -5.819864478355553 ] } },
{ "type": "Feature", "properties": { "sword_node_id": 62263300060481, "sword_reach_id": 62263300061, "sword_width": 1557.0, "sword_dist_out": 1936795.7709312155, "file": "62263300060481_1936795.txt", "water_level": 20.137355804443359 }, "geometry": { "type": "Point", "coordinates": [ -61.305024900851564, -5.81289993190581 ] } },
{ "type": "Feature", "properties": { "sword_node_id": 62263300060421, "sword_reach_id": 62263300061, "sword_width": 1140.5, "sword_dist_out": 1935591.8844663752, "file": "62263300060421_1935591.txt", "water_level": 20.134405136108398 }, "geometry": { "type": "Point", "coordinates": [ -61.303282089195804, -5.803356767191197 ] } },
{ "type": "Feature", "properties": { "sword_node_id": 62263300060371, "sword_reach_id": 62263300061, "sword_width": 819.0, "sword_dist_out": 1934601.4078051706, "file": "62263300060371_1934601.txt", "water_level": 20.129226684570312 }, "geometry": { "type": "Point", "coordinates": [ -61.299932476016792, -5.794248628389909 ] } },
{ "type": "Feature", "properties": { "sword_node_id": 62263500010461, "sword_reach_id": 62263500011, "sword_width": 1232.0, "sword_dist_out": 1949971.0647149591, "file": "62263500010461_1949971.txt", "water_level": 20.74482536315918 }, "geometry": { "type": "Point", "coordinates": [ -61.392578703090884, -5.794165378474016 ] } },
{ "type": "Feature", "properties": { "sword_node_id": 62263300060121, "sword_reach_id": 62263300061, "sword_width": 1176.5, "sword_dist_out": 1929621.3327534322, "file": "62263300060121_1929621.txt", "water_level": 20.071611404418945 }, "geometry": { "type": "Point", "coordinates": [ -61.283002566369312, -5.753553628356222 ] } },
{ "type": "Feature", "properties": { "sword_node_id": 62263300050391, "sword_reach_id": 62263300051, "sword_width": 1321.0, "sword_dist_out": 1924613.0533789899, "file": "62263300050391_1924613.txt", "water_level": 19.992071151733398 }, "geometry": { "type": "Point", "coordinates": [ -61.275312563745878, -5.707660554582668 ] } },
{ "type": "Feature", "properties": { "sword_node_id": 62263300050131, "sword_reach_id": 62263300051, "sword_width": 1597.0, "sword_dist_out": 1919382.6796773528, "file": "62263300050131_1919382.txt", "water_level": 19.816402435302734 }, "geometry": { "type": "Point", "coordinates": [ -61.267935061003158, -5.663329432846567 ] } },
{ "type": "Feature", "properties": { "sword_node_id": 62263300040441, "sword_reach_id": 62263300041, "sword_width": 1113.0, "sword_dist_out": 1914778.3584889108, "file": "62263300040441_1914778.txt", "water_level": 19.705856323242188 }, "geometry": { "type": "Point", "coordinates": [ -61.228540231181704, -5.653593727008987 ] } },
{ "type": "Feature", "properties": { "sword_node_id": 62263300040181, "sword_reach_id": 62263300041, "sword_width": 1562.0, "sword_dist_out": 1909562.3272038496, "file": "62263300040181_1909562.txt", "water_level": 19.616336822509766 }, "geometry": { "type": "Point", "coordinates": [ -61.183595464767265, -5.640133318338139 ] } },
{ "type": "Feature", "properties": { "sword_node_id": 62263300030851, "sword_reach_id": 62263300031, "sword_width": 1675.0, "sword_dist_out": 1904556.086445332, "file": "62263300030851_1904556.txt", "water_level": 19.330354690551758 }, "geometry": { "type": "Point", "coordinates": [ -61.143337683509749, -5.619560001181556 ] } },
{ "type": "Feature", "properties": { "sword_node_id": 62263300030091, "sword_reach_id": 62263300031, "sword_width": 1694.0, "sword_dist_out": 1889308.4833784357, "file": "62263300030091_1889308.txt", "water_level": 18.935728073120117 }, "geometry": { "type": "Point", "coordinates": [ -61.028729953751778, -5.589816978520054 ] } },
{ "type": "Feature", "properties": { "sword_node_id": 62263300020641, "sword_reach_id": 62263300021, "sword_width": 1124.0, "sword_dist_out": 1884520.7735784533, "file": "62263300020641_1884520.txt", "water_level": 18.794040679931641 }, "geometry": { "type": "Point", "coordinates": [ -60.988005239197577, -5.604594217001324 ] } },
{ "type": "Feature", "properties": { "sword_node_id": 62263300030591, "sword_reach_id": 62263300031, "sword_width": 1103.0, "sword_dist_out": 1899328.8020631692, "file": "62263300030591_1899328.txt", "water_level": 19.179424285888672 }, "geometry": { "type": "Point", "coordinates": [ -61.112672972032662, -5.585122779454386 ] } },
{ "type": "Feature", "properties": { "sword_node_id": 62263300020381, "sword_reach_id": 62263300021, "sword_width": 1320.0, "sword_dist_out": 1879292.9397225298, "file": "62263300020381_1879292.txt", "water_level": 18.74641227722168 }, "geometry": { "type": "Point", "coordinates": [ -60.948141777697828, -5.581622880651314 ] } },
{ "type": "Feature", "properties": { "sword_node_id": 62263300030341, "sword_reach_id": 62263300031, "sword_width": 1051.0, "sword_dist_out": 1894322.6167419418, "file": "62263300030341_1894322.txt", "water_level": 19.145114898681641 }, "geometry": { "type": "Point", "coordinates": [ -61.071604692758527, -5.577542133047937 ] } },
{ "type": "Feature", "properties": { "sword_node_id": 62263300020131, "sword_reach_id": 62263300021, "sword_width": 1790.0, "sword_dist_out": 1874293.1166622899, "file": "62263300020131_1874293.txt", "water_level": 18.631780624389648 }, "geometry": { "type": "Point", "coordinates": [ -60.912289238903838, -5.554277663324085 ] } },
{ "type": "Feature", "properties": { "sword_node_id": 62263300010871, "sword_reach_id": 62263300011, "sword_width": 2013.0, "sword_dist_out": 1869462.0716141253, "file": "62263300010871_1869462.txt", "water_level": 18.413915634155273 }, "geometry": { "type": "Point", "coordinates": [ -60.878773553319526, -5.526672802684389 ] } },
{ "type": "Feature", "properties": { "sword_node_id": 62263300010661, "sword_reach_id": 62263300011, "sword_width": 1217.0, "sword_dist_out": 1865255.1906889444, "file": "62263300010661_1865255.txt", "water_level": 18.076187133789062 }, "geometry": { "type": "Point", "coordinates": [ -60.843497008303366, -5.510325576149611 ] } },
{ "type": "Feature", "properties": { "sword_node_id": 62263300010411, "sword_reach_id": 62263300011, "sword_width": 1231.0, "sword_dist_out": 1860245.3427130408, "file": "62263300010411_1860245.txt", "water_level": 17.980411529541016 }, "geometry": { "type": "Point", "coordinates": [ -60.802487853960812, -5.492121314127089 ] } },
{ "type": "Feature", "properties": { "sword_node_id": 62263300010151, "sword_reach_id": 62263300011, "sword_width": 1523.5, "sword_dist_out": 1855055.6746356599, "file": "62263300010151_1855055.txt", "water_level": 17.854475021362305 }, "geometry": { "type": "Point", "coordinates": [ -60.761229271226334, -5.471185125196508 ] } },
{ "type": "Feature", "properties": { "sword_node_id": 62263100050441, "sword_reach_id": 62263100051, "sword_width": 732.0, "sword_dist_out": 1849858.1761341607, "file": "62263100050441_1849858.txt", "water_level": 17.754802703857422 }, "geometry": { "type": "Point", "coordinates": [ -60.732666331090336, -5.444764683812163 ] } },
{ "type": "Feature", "properties": { "sword_node_id": 62263100050191, "sword_reach_id": 62263100051, "sword_width": 1600.0, "sword_dist_out": 1844811.3190898872, "file": "62263100050191_1844811.txt", "water_level": 17.671779632568359 }, "geometry": { "type": "Point", "coordinates": [ -60.744323497190685, -5.400919303257587 ] } },
{ "type": "Feature", "properties": { "sword_node_id": 62263100050061, "sword_reach_id": 62263100051, "sword_width": 1749.0, "sword_dist_out": 1842209.2518547585, "file": "62263100050061_1842209.txt", "water_level": 17.456096649169922 }, "geometry": { "type": "Point", "coordinates": [ -60.752198239630246, -5.376253110537965 ] } },
{ "type": "Feature", "properties": { "sword_node_id": 62263100040441, "sword_reach_id": 62263100041, "sword_width": 1940.0, "sword_dist_out": 1837389.4409543835, "file": "62263100040441_1837389.txt", "water_level": 17.289850234985352 }, "geometry": { "type": "Point", "coordinates": [ -60.740320969151099, -5.332137683377735 ] } },
{ "type": "Feature", "properties": { "sword_node_id": 62263100040281, "sword_reach_id": 62263100041, "sword_width": 2004.0, "sword_dist_out": 1834222.6905524775, "file": "62263100040281_1834222.txt", "water_level": 17.075216293334961 }, "geometry": { "type": "Point", "coordinates": [ -60.71685517345999, -5.305873955532103 ] } },
{ "type": "Feature", "properties": { "sword_node_id": 62263100040081, "sword_reach_id": 62263100041, "sword_width": 1055.0, "sword_dist_out": 1830234.9317669182, "file": "62263100040081_1830234.txt", "water_level": 16.81053352355957 }, "geometry": { "type": "Point", "coordinates": [ -60.679872114583176, -5.301053910326977 ] } },
{ "type": "Feature", "properties": { "sword_node_id": 62263100030451, "sword_reach_id": 62263100031, "sword_width": 1188.0, "sword_dist_out": 1825290.3198196194, "file": "62263100030451_1825290.txt", "water_level": 16.75636100769043 }, "geometry": { "type": "Point", "coordinates": [ -60.636496583608036, -5.299694237502798 ] } },
{ "type": "Feature", "properties": { "sword_node_id": 62263100030201, "sword_reach_id": 62263100031, "sword_width": 1303.0, "sword_dist_out": 1820316.2979882217, "file": "62263100030201_1820316.txt", "water_level": 16.599157333374023 }, "geometry": { "type": "Point", "coordinates": [ -60.596085080852689, -5.280379933848354 ] } },
{ "type": "Feature", "properties": { "sword_node_id": 62263100020761, "sword_reach_id": 62263100021, "sword_width": 1252.0, "sword_dist_out": 1815364.2158658148, "file": "62263100020761_1815364.txt", "water_level": 16.538982391357422 }, "geometry": { "type": "Point", "coordinates": [ -60.557500177201625, -5.257943684965672 ] } },
{ "type": "Feature", "properties": { "sword_node_id": 62263100020511, "sword_reach_id": 62263100021, "sword_width": 925.0, "sword_dist_out": 1810327.279555395, "file": "62263100020511_1810327.txt", "water_level": 16.481122970581055 }, "geometry": { "type": "Point", "coordinates": [ -60.527635611840878, -5.225641765871288 ] } },
{ "type": "Feature", "properties": { "sword_node_id": 62263100020271, "sword_reach_id": 62263100021, "sword_width": 1255.5, "sword_dist_out": 1805513.5552036692, "file": "62263100020271_1805513.txt", "water_level": 16.417490005493164 }, "geometry": { "type": "Point", "coordinates": [ -60.494500282663978, -5.19846016822436 ] } },
{ "type": "Feature", "properties": { "sword_node_id": 62263100020021, "sword_reach_id": 62263100021, "sword_width": 1101.0, "sword_dist_out": 1800516.9004635483, "file": "62263100020021_1800516.txt", "water_level": 16.351430892944336 }, "geometry": { "type": "Point", "coordinates": [ -60.451335335671835, -5.18391999890895 ] } },
{ "type": "Feature", "properties": { "sword_node_id": 62263100010381, "sword_reach_id": 62263100011, "sword_width": 825.0, "sword_dist_out": 1797101.911133867, "file": "62263100010381_1797101.txt", "water_level": 16.331243515014648 }, "geometry": { "type": "Point", "coordinates": [ -60.427662424481831, -5.164418720855227 ] } },
{ "type": "Feature", "properties": { "sword_node_id": 62263100010151, "sword_reach_id": 62263100011, "sword_width": 1170.5, "sword_dist_out": 1792482.7633206765, "file": "62263100010151_1792482.txt", "water_level": 16.297422409057617 }, "geometry": { "type": "Point", "coordinates": [ -60.413176432105502, -5.12691711551135 ] } },
{ "type": "Feature", "properties": { "sword_node_id": 62263100010101, "sword_reach_id": 62263100011, "sword_width": 1400.0, "sword_dist_out": 1791477.3520558144, "file": "62263100010101_1791477.txt", "water_level": 16.282119750976562 }, "geometry": { "type": "Point", "coordinates": [ -60.408320324547695, -5.119620805132816 ] } },
{ "type": "Feature", "properties": { "sword_node_id": 62263100010011, "sword_reach_id": 62263100011, "sword_width": 2012.5, "sword_dist_out": 1789682.4853976292, "file": "62263100010011_1789682.txt", "water_level": 16.224525451660156 }, "geometry": { "type": "Point", "coordinates": [ -60.392881308875019, -5.111637169928033 ] } },
{ "type": "Feature", "properties": { "sword_node_id": 62261900070531, "sword_reach_id": 62261900071, "sword_width": 1562.5, "sword_dist_out": 1786536.177112472, "file": "62261900070531_1786536.txt", "water_level": 16.158708572387695 }, "geometry": { "type": "Point", "coordinates": [ -60.366805679841299, -5.09600905480112 ] } },
{ "type": "Feature", "properties": { "sword_node_id": 62261900070431, "sword_reach_id": 62261900071, "sword_width": 1462.0, "sword_dist_out": 1784739.4104675404, "file": "62261900070431_1784739.txt", "water_level": 16.150539398193359 }, "geometry": { "type": "Point", "coordinates": [ -60.35008556244685, -5.088159640687916 ] } },
{ "type": "Feature", "properties": { "sword_node_id": 62261900070131, "sword_reach_id": 62261900071, "sword_width": 1724.0, "sword_dist_out": 1778469.0052027688, "file": "62261900070131_1778469.txt", "water_level": 16.075885772705078 }, "geometry": { "type": "Point", "coordinates": [ -60.304444067127591, -5.05715422171423 ] } },
{ "type": "Feature", "properties": { "sword_node_id": 62261900060701, "sword_reach_id": 62261900061, "sword_width": 1382.0, "sword_dist_out": 1772052.7930351009, "file": "62261900060701_1772052.txt", "water_level": 16.013757705688477 }, "geometry": { "type": "Point", "coordinates": [ -60.27385082837224, -5.013993345008166 ] } },
{ "type": "Feature", "properties": { "sword_node_id": 62261900060401, "sword_reach_id": 62261900061, "sword_width": 1574.0, "sword_dist_out": 1766042.5168442079, "file": "62261900060401_1766042.txt", "water_level": 15.963221549987793 }, "geometry": { "type": "Point", "coordinates": [ -60.249640853380299, -4.965789046736019 ] } },
{ "type": "Feature", "properties": { "sword_node_id": 62261900060161, "sword_reach_id": 62261900061, "sword_width": 1991.0, "sword_dist_out": 1761216.9651958919, "file": "62261900060161_1761216.txt", "water_level": 15.884128570556641 }, "geometry": { "type": "Point", "coordinates": [ -60.234549416102404, -4.923984261862159 ] } },
{ "type": "Feature", "properties": { "sword_node_id": 62261900040681, "sword_reach_id": 62261900041, "sword_width": 2376.5, "sword_dist_out": 1746312.0766339661, "file": "62261900040681_1746312.txt", "water_level": 15.694206237792969 }, "geometry": { "type": "Point", "coordinates": [ -60.112289073732825, -4.919284671443826 ] } },
{ "type": "Feature", "properties": { "sword_node_id": 62261900040431, "sword_reach_id": 62261900041, "sword_width": 1231.0, "sword_dist_out": 1741300.0894521244, "file": "62261900040431_1741300.txt", "water_level": 15.644535064697266 }, "geometry": { "type": "Point", "coordinates": [ -60.068928640620108, -4.911031213824739 ] } },
{ "type": "Feature", "properties": { "sword_node_id": 62261900050201, "sword_reach_id": 62261900051, "sword_width": 2125.0, "sword_dist_out": 1751278.4306942353, "file": "62261900050201_1751278.txt", "water_level": 15.817644119262695 }, "geometry": { "type": "Point", "coordinates": [ -60.153181777356373, -4.90395842613506 ] } },
{ "type": "Feature", "properties": { "sword_node_id": 62261900050461, "sword_reach_id": 62261900051, "sword_width": 1206.0, "sword_dist_out": 1756416.0417609168, "file": "62261900050461_1756416.txt", "water_level": 15.844306945800781 }, "geometry": { "type": "Point", "coordinates": [ -60.198973988862406, -4.900675277199814 ] } },
{ "type": "Feature", "properties": { "sword_node_id": 62263900080061, "sword_reach_id": 62263900081, "sword_width": 1231.0, "sword_dist_out": 2123388.4711367651, "file": "62263900080061_2123388.txt", "water_level": 27.427326202392578 }, "geometry": { "type": "Point", "coordinates": [ -62.330848986564583, -6.525291558623191 ] } },
{ "type": "Feature", "properties": { "sword_node_id": 62263900070501, "sword_reach_id": 62263900071, "sword_width": 1839.0, "sword_dist_out": 2120455.5533268899, "file": "62263900070501_2120455.txt", "water_level": 27.353050231933594 }, "geometry": { "type": "Point", "coordinates": [ -62.310370000480695, -6.508870126560952 ] } },
{ "type": "Feature", "properties": { "sword_node_id": 62263900070441, "sword_reach_id": 62263900071, "sword_width": 2156.5, "sword_dist_out": 2119271.6560607394, "file": "62263900070441_2119271.txt", "water_level": 27.30186653137207 }, "geometry": { "type": "Point", "coordinates": [ -62.304267934175435, -6.499989070514498 ] } },
{ "type": "Feature", "properties": { "sword_node_id": 62263900070351, "sword_reach_id": 62263900071, "sword_width": 1601.0, "sword_dist_out": 2117486.3737290977, "file": "62263900070351_2117486.txt", "water_level": 27.207977294921875 }, "geometry": { "type": "Point", "coordinates": [ -62.296537114052086, -6.485668307048131 ] } },
{ "type": "Feature", "properties": { "sword_node_id": 62263900070251, "sword_reach_id": 62263900071, "sword_width": 1934.5, "sword_dist_out": 2115469.3213243331, "file": "62263900070251_2115469.txt", "water_level": 27.079597473144531 }, "geometry": { "type": "Point", "coordinates": [ -62.289727774740541, -6.467284217267742 ] } },
{ "type": "Feature", "properties": { "sword_node_id": 62263900070151, "sword_reach_id": 62263900071, "sword_width": 1574.0, "sword_dist_out": 2113481.6749386596, "file": "62263900070151_2113481.txt", "water_level": 27.032608032226562 }, "geometry": { "type": "Point", "coordinates": [ -62.284372745670957, -6.45052439466131 ] } },
{ "type": "Feature", "properties": { "sword_node_id": 62263900070021, "sword_reach_id": 62263900071, "sword_width": 1431.5, "sword_dist_out": 2110915.4771209056, "file": "62263900070021_2110915.txt", "water_level": 26.959318161010742 }, "geometry": { "type": "Point", "coordinates": [ -62.27669683891876, -6.43047992136855 ] } },
{ "type": "Feature", "properties": { "sword_node_id": 62263900060321, "sword_reach_id": 62263900061, "sword_width": 2091.0, "sword_dist_out": 2106349.9158396511, "file": "62263900060321_2106349.txt", "water_level": 26.882108688354492 }, "geometry": { "type": "Point", "coordinates": [ -62.260425629111587, -6.390652472504345 ] } },
{ "type": "Feature", "properties": { "sword_node_id": 62263900060161, "sword_reach_id": 62263900061, "sword_width": 1679.0, "sword_dist_out": 2103169.2241193866, "file": "62263900060161_2103169.txt", "water_level": 26.517623901367188 }, "geometry": { "type": "Point", "coordinates": [ -62.251902821164848, -6.364298893853725 ] } },
{ "type": "Feature", "properties": { "sword_node_id": 62263900050491, "sword_reach_id": 62263900051, "sword_width": 1192.0, "sword_dist_out": 2099189.1503811395, "file": "62263900050491_2099189.txt", "water_level": 26.359678268432617 }, "geometry": { "type": "Point", "coordinates": [ -62.241475582663838, -6.330856319437927 ] } },
{ "type": "Feature", "properties": { "sword_node_id": 62263900050291, "sword_reach_id": 62263900051, "sword_width": 1985.0, "sword_dist_out": 2095218.0829454344, "file": "62263900050291_2095218.txt", "water_level": 26.249990463256836 }, "geometry": { "type": "Point", "coordinates": [ -62.239365159844255, -6.295028569522668 ] } },
{ "type": "Feature", "properties": { "sword_node_id": 62263900050041, "sword_reach_id": 62263900051, "sword_width": 1260.0, "sword_dist_out": 2090233.2704737722, "file": "62263900050041_2090233.txt", "water_level": 26.180347442626953 }, "geometry": { "type": "Point", "coordinates": [ -62.245852109254116, -6.251212367887006 ] } },
{ "type": "Feature", "properties": { "sword_node_id": 62265100020891, "sword_reach_id": 62265100021, "sword_width": 2046.0, "sword_dist_out": 2376152.5572579703, "file": "62265100020891_2376152.txt", "water_level": 38.905910491943359 }, "geometry": { "type": "Point", "coordinates": [ -63.044925388786048, -8.174681410264302 ] } },
{ "type": "Feature", "properties": { "sword_node_id": 62265100020601, "sword_reach_id": 62265100021, "sword_width": 1458.0, "sword_dist_out": 2370325.5956582534, "file": "62265100020601_2370325.txt", "water_level": 38.3115234375 }, "geometry": { "type": "Point", "coordinates": [ -63.004097033379317, -8.143289374011372 ] } },
{ "type": "Feature", "properties": { "sword_node_id": 62265100020411, "sword_reach_id": 62265100021, "sword_width": 1176.0, "sword_dist_out": 2366483.2245487249, "file": "62265100020411_2366483.txt", "water_level": 37.955924987792969 }, "geometry": { "type": "Point", "coordinates": [ -62.97613903782419, -8.120802839386196 ] } },
{ "type": "Feature", "properties": { "sword_node_id": 62265100020231, "sword_reach_id": 62265100021, "sword_width": 1281.0, "sword_dist_out": 2362877.2847237103, "file": "62265100020231_2362877.txt", "water_level": 37.761875152587891 }, "geometry": { "type": "Point", "coordinates": [ -62.956136076196586, -8.097085657308256 ] } },
{ "type": "Feature", "properties": { "sword_node_id": 62265100020081, "sword_reach_id": 62265100021, "sword_width": 1010.5, "sword_dist_out": 2359885.4623707258, "file": "62265100020081_2359885.txt", "water_level": 37.684318542480469 }, "geometry": { "type": "Point", "coordinates": [ -62.943101797957155, -8.07339763348968 ] } },
{ "type": "Feature", "properties": { "sword_node_id": 62265100010131, "sword_reach_id": 62265100011, "sword_width": 1054.0, "sword_dist_out": 2355656.5908057336, "file": "62265100010131_2355656.txt", "water_level": 37.567543029785156 }, "geometry": { "type": "Point", "coordinates": [ -62.915877631304099, -8.053032224577331 ] } },
{ "type": "Feature", "properties": { "sword_node_id": 62265100010081, "sword_reach_id": 62265100011, "sword_width": 912.0, "sword_dist_out": 2354745.2123507946, "file": "62265100010081_2354745.txt", "water_level": 37.539390563964844 }, "geometry": { "type": "Point", "coordinates": [ -62.908487576826118, -8.049368131777994 ] } },
{ "type": "Feature", "properties": { "sword_node_id": 62263900250771, "sword_reach_id": 62263900251, "sword_width": 1115.586181640625, "sword_dist_out": 2353109.1539649782, "file": "62263900250771_2353109.txt", "water_level": 37.466018676757812 }, "geometry": { "type": "Point", "coordinates": [ -62.892421250652234, -8.040482623846769 ] } },
{ "type": "Feature", "properties": { "sword_node_id": 62263900250621, "sword_reach_id": 62263900251, "sword_width": 751.1856689453125, "sword_dist_out": 2350099.6912641479, "file": "62263900250621_2350099.txt", "water_level": 37.421722412109375 }, "geometry": { "type": "Point", "coordinates": [ -62.87768048227705, -8.017421078886175 ] } },
{ "type": "Feature", "properties": { "sword_node_id": 62263900250371, "sword_reach_id": 62263900251, "sword_width": 1085.0, "sword_dist_out": 2345086.8739029048, "file": "62263900250371_2345086.txt", "water_level": 37.351310729980469 }, "geometry": { "type": "Point", "coordinates": [ -62.872586628876789, -7.973362531614297 ] } },
{ "type": "Feature", "properties": { "sword_node_id": 62263900250121, "sword_reach_id": 62263900251, "sword_width": 1430.0, "sword_dist_out": 2340042.7867120067, "file": "62263900250121_2340042.txt", "water_level": 37.248920440673828 }, "geometry": { "type": "Point", "coordinates": [ -62.870953151882105, -7.92806792579395 ] } },
{ "type": "Feature", "properties": { "sword_node_id": 62263900240391, "sword_reach_id": 62263900241, "sword_width": 1475.0, "sword_dist_out": 2335029.9702150002, "file": "62263900240391_2335029.txt", "water_level": 37.059482574462891 }, "geometry": { "type": "Point", "coordinates": [ -62.886866682497867, -7.886068029547939 ] } },
{ "type": "Feature", "properties": { "sword_node_id": 62263900240141, "sword_reach_id": 62263900241, "sword_width": 1331.0, "sword_dist_out": 2330082.6158488304, "file": "62263900240141_2330082.txt", "water_level": 36.981060028076172 }, "geometry": { "type": "Point", "coordinates": [ -62.908983609211312, -7.846242963749303 ] } },
{ "type": "Feature", "properties": { "sword_node_id": 62263900230391, "sword_reach_id": 62263900231, "sword_width": 1499.0, "sword_dist_out": 2324869.725755767, "file": "62263900230391_2324869.txt", "water_level": 36.858409881591797 }, "geometry": { "type": "Point", "coordinates": [ -62.926091965307457, -7.803741880289346 ] } },
{ "type": "Feature", "properties": { "sword_node_id": 62263900230151, "sword_reach_id": 62263900231, "sword_width": 1300.0, "sword_dist_out": 2320001.2631395007, "file": "62263900230151_2320001.txt", "water_level": 36.596385955810547 }, "geometry": { "type": "Point", "coordinates": [ -62.937757401988634, -7.760982553013866 ] } },
{ "type": "Feature", "properties": { "sword_node_id": 62263900220411, "sword_reach_id": 62263900221, "sword_width": 1010.0, "sword_dist_out": 2314809.8990959013, "file": "62263900220411_2314809.txt", "water_level": 36.405426025390625 }, "geometry": { "type": "Point", "coordinates": [ -62.937341324662448, -7.719670251186584 ] } },
{ "type": "Feature", "properties": { "sword_node_id": 62263900220211, "sword_reach_id": 62263900221, "sword_width": 1485.0, "sword_dist_out": 2310835.3554749847, "file": "62263900220211_2310835.txt", "water_level": 36.320426940917969 }, "geometry": { "type": "Point", "coordinates": [ -62.927275650503631, -7.687069625125949 ] } },
{ "type": "Feature", "properties": { "sword_node_id": 62263900220101, "sword_reach_id": 62263900221, "sword_width": 2177.5, "sword_dist_out": 2308635.5656397603, "file": "62263900220101_2308635.txt", "water_level": 36.115257263183594 }, "geometry": { "type": "Point", "coordinates": [ -62.92796506328488, -7.667089321472035 ] } },
{ "type": "Feature", "properties": { "sword_node_id": 62263900220061, "sword_reach_id": 62263900221, "sword_width": 2024.5, "sword_dist_out": 2307847.527550641, "file": "62263900220061_2307847.txt", "water_level": 36.014965057373047 }, "geometry": { "type": "Point", "coordinates": [ -62.927723111399189, -7.660184928714999 ] } },
{ "type": "Feature", "properties": { "sword_node_id": 62263900220021, "sword_reach_id": 62263900221, "sword_width": 1832.5, "sword_dist_out": 2307057.1120266202, "file": "62263900220021_2307057.txt", "water_level": 35.942367553710938 }, "geometry": { "type": "Point", "coordinates": [ -62.921577921384142, -7.648161899915119 ] } },
{ "type": "Feature", "properties": { "sword_node_id": 62263900210401, "sword_reach_id": 62263900211, "sword_width": 1626.0, "sword_dist_out": 2304293.8612855165, "file": "62263900210401_2304293.txt", "water_level": 35.788383483886719 }, "geometry": { "type": "Point", "coordinates": [ -62.920554231927582, -7.629282195418952 ] } },
{ "type": "Feature", "properties": { "sword_node_id": 62263900210361, "sword_reach_id": 62263900211, "sword_width": 1228.0, "sword_dist_out": 2303495.438771693, "file": "62263900210361_2303495.txt", "water_level": 35.687881469726562 }, "geometry": { "type": "Point", "coordinates": [ -62.920456456240693, -7.621939617195388 ] } },
{ "type": "Feature", "properties": { "sword_node_id": 62263900210261, "sword_reach_id": 62263900211, "sword_width": 1457.0, "sword_dist_out": 2301499.9188443935, "file": "62263900210261_2301499.txt", "water_level": 35.567348480224609 }, "geometry": { "type": "Point", "coordinates": [ -62.923091077244933, -7.607476228770707 ] } },
{ "type": "Feature", "properties": { "sword_node_id": 62263900210141, "sword_reach_id": 62263900211, "sword_width": 1632.0, "sword_dist_out": 2299117.8167811828, "file": "62263900210141_2299117.txt", "water_level": 35.539741516113281 }, "geometry": { "type": "Point", "coordinates": [ -62.94519774014578, -7.595797645220199 ] } },
{ "type": "Feature", "properties": { "sword_node_id": 62263900210061, "sword_reach_id": 62263900211, "sword_width": 995.0, "sword_dist_out": 2297530.0394340097, "file": "62263900210061_2297530.txt", "water_level": 35.509922027587891 }, "geometry": { "type": "Point", "coordinates": [ -62.954650953791706, -7.584542529697535 ] } },
{ "type": "Feature", "properties": { "sword_node_id": 62263900200371, "sword_reach_id": 62263900201, "sword_width": 1590.0, "sword_dist_out": 2293507.1561940988, "file": "62263900200371_2293507.txt", "water_level": 35.357475280761719 }, "geometry": { "type": "Point", "coordinates": [ -62.972141121493912, -7.553666702275589 ] } }
]
}
