{
"type": "FeatureCollection",
"name": "major_rivers",
"crs": { "type": "name", "properties": { "name": "urn:ogc:def:crs:OGC:1.3:CRS84" } },
"features": [
{ "type": "Feature", "properties": { "NAME": "Japura", "SYSTEM": "Amazon", "MILES": 1222.80771, "KILOMETERS": 1967.92219 }, "geometry": { "type": "MultiLineString", "coordinates": [ [ [ -76.710557363636369, 1.624165545454545 ], [ -76.700288363636361, 1.688335545454542 ], [ -76.691387363636366, 1.717783545454544 ], [ -76.68583436363636, 1.726945545454541 ], [ -76.580291363636363, 1.718611545454543 ], [ -76.568618363636361, 1.717216545454541 ], [ -76.557782363636363, 1.712500545454546 ], [ -76.550294363636368, 1.703608545454543 ], [ -76.508615363636366, 1.627495545454543 ], [ -76.501397363636372, 1.584448545454542 ], [ -76.501118363636365, 1.572784545454546 ], [ -76.505006363636369, 1.55500054545454 ], [ -76.517228363636363, 1.52694754545454 ], [ -76.573631363636366, 1.402783545454547 ], [ -76.565846363636368, 1.393333545454546 ], [ -76.527506363636363, 1.317778545454544 ], [ -76.51529336363636, 1.285000545454544 ], [ -76.51472636363637, 1.274164545454546 ], [ -76.516679363636371, 1.265002545454543 ], [ -76.53665936363636, 1.230280545454541 ], [ -76.54277936363637, 1.210282545454547 ], [ -76.555550363636371, 1.123891545454541 ], [ -76.555550363636371, 1.114999545454545 ], [ -76.554452363636372, 1.106107545454542 ], [ -76.525553363636362, 1.051945545454544 ], [ -76.507778363636362, 1.032784545454547 ], [ -76.496942363636364, 1.02527854545454 ], [ -76.391957363636365, 0.984166545454542 ], [ -76.369448363636366, 0.976660545454543 ], [ -76.336391363636366, 0.972502545454546 ], [ -76.222784363636364, 0.971107545454544 ], [ -76.208888363636362, 0.971107545454544 ], [ -76.189178363636373, 0.974716545454541 ], [ -76.180277363636364, 0.978055545454545 ], [ -76.108898363636371, 1.006108545454545 ], [ -76.06639136363637, 1.041667545454544 ], [ -76.055555363636373, 1.04805754545454 ], [ -76.043333363636364, 1.04805754545454 ], [ -75.947780363636369, 1.044448545454543 ], [ -75.937502363636369, 1.041667545454544 ], [ -75.926387363636366, 1.032784545454547 ], [ -75.915848363636371, 1.021948545454542 ], [ -75.910844363636372, 1.013056545454546 ], [ -75.910277363636368, 1.001941545454542 ], [ -75.91694636363637, 0.980836545454544 ], [ -75.910844363636372, 0.963052545454545 ], [ -75.902510363636367, 0.951388545454542 ], [ -75.847781363636372, 0.885553545454542 ], [ -75.838349363636368, 0.877219545454544 ], [ -75.827792363636362, 0.872503545454542 ], [ -75.74972636363637, 0.844441545454544 ], [ -75.738341363636366, 0.84305554545454 ], [ -75.688337363636364, 0.849166545454544 ], [ -75.677231363636366, 0.851947545454543 ], [ -75.646955363636366, 0.868336545454547 ], [ -75.635282363636364, 0.871108545454547 ], [ -75.625004363636364, 0.869722545454543 ], [ -75.54501236363636, 0.825838545454545 ], [ -75.536120363636371, 0.808891545454543 ], [ -75.525284363636359, 0.780838545454543 ], [ -75.518345363636371, 0.77194654545454 ], [ -75.505844363636371, 0.760840545454542 ], [ -75.496943363636362, 0.757501545454545 ], [ -75.416672363636366, 0.738889545454541 ], [ -75.357227363636369, 0.743056545454543 ], [ -75.32417036363637, 0.755278545454544 ], [ -75.31472936363636, 0.756664545454541 ], [ -75.291941363636369, 0.752497545454546 ], [ -75.28140236363636, 0.748609545454542 ], [ -75.251117363636368, 0.724444545454546 ], [ -75.213344363636367, 0.630556545454546 ], [ -75.210554363636362, 0.618334545454545 ], [ -75.211121363636366, 0.609442545454542 ], [ -75.219455363636371, 0.588337545454543 ], [ -75.222227363636364, 0.575836545454543 ], [ -75.218897363636373, 0.555838545454542 ], [ -75.191393363636365, 0.493054545454541 ], [ -75.181115363636366, 0.481948545454543 ], [ -75.170837363636366, 0.47778154545454 ], [ -75.161954363636369, 0.47778154545454 ], [ -75.127790363636365, 0.498337545454547 ], [ -75.105011363636365, 0.514996545454544 ], [ -75.094724363636359, 0.518335545454541 ], [ -75.011123363636372, 0.47778154545454 ], [ -74.989181363636362, 0.457216545454543 ], [ -74.97750836363636, 0.435283545454546 ], [ -74.975573363636371, 0.426391545454543 ], [ -74.976122363636364, 0.415555545454545 ], [ -74.990009363636361, 0.39694354545454 ], [ -74.994734363636368, 0.388051545454545 ], [ -74.993051363636368, 0.374443545454547 ], [ -74.976122363636364, 0.276946545454543 ], [ -74.970839363636372, 0.268054545454547 ], [ -74.961119363636371, 0.262780545454547 ], [ -74.855567363636368, 0.220840545454543 ], [ -74.831681363636363, 0.216106545454544 ], [ -74.729441363636369, 0.202498545454546 ], [ -74.719181363636366, 0.198889545454541 ], [ -74.708894363636361, 0.190834545454543 ], [ -74.70056036363637, 0.180556545454543 ], [ -74.688617363636368, 0.160000545454544 ], [ -74.649449363636364, 0.054448545454541 ], [ -74.652239363636369, 0.045556545454545 ], [ -74.66084336363636, 0.036664545454542 ], [ -74.691119363636361, 0.018610545454543 ], [ -74.689724363636373, 0.009160545454542 ], [ -74.670005363636363, -0.058051454545456 ], [ -74.662229363636371, -0.067780454545456 ], [ -74.593334363636373, -0.108892454545455 ], [ -74.581679363636368, -0.111664454545455 ], [ -74.47528136363637, -0.134164454545456 ], [ -74.462780363636369, -0.130834454545457 ], [ -74.451125363636365, -0.120556454545458 ], [ -74.448623363636372, -0.108892454545455 ], [ -74.454725363636371, -0.089722454545459 ], [ -74.443070363636366, -0.080002454545458 ], [ -74.431397363636364, -0.07944445454546 ], [ -74.412227363636362, -0.086113454545455 ], [ -74.349164363636362, -0.112780454545458 ], [ -74.260010363636368, -0.156106454545458 ], [ -74.274176363636371, -0.183052454545454 ], [ -74.276399363636372, -0.191944454545457 ], [ -74.27305136363637, -0.205840454545459 ], [ -74.266679363636371, -0.214714454545458 ], [ -74.256392363636365, -0.223606454545454 ], [ -74.245277363636362, -0.231112454545453 ], [ -74.169443363636361, -0.264718454545459 ], [ -74.15972336363636, -0.263890454545454 ], [ -74.150282363636364, -0.259165454545453 ], [ -74.139176363636366, -0.250282454545456 ], [ -74.119448363636366, -0.239167454545459 ], [ -74.110295363636368, -0.240553454545456 ], [ -74.054171363636371, -0.273610454545455 ], [ -74.031113363636365, -0.318889454545456 ], [ -74.023346363636364, -0.329167454545455 ], [ -74.003060363636365, -0.342217454545455 ], [ -73.956683363636373, -0.365554454545453 ], [ -73.920566363636368, -0.37833445454546 ], [ -73.836119363636371, -0.398890454545459 ], [ -73.771121363636368, -0.409996454545457 ], [ -73.761671363636367, -0.408610454545453 ], [ -73.75278836363637, -0.403894454545458 ], [ -73.698626363636365, -0.403057454545454 ], [ -73.676117363636365, -0.414721454545457 ], [ -73.608059363636372, -0.457777454545457 ], [ -73.567505363636371, -0.524449454545454 ], [ -73.558901363636366, -0.528337454545458 ], [ -73.462781363636367, -0.534718454545455 ], [ -73.38556136363637, -0.535285454545459 ], [ -73.376399363636367, -0.533890454545457 ], [ -73.31083436363636, -0.531388454545457 ], [ -73.243055363636373, -0.58333645454546 ], [ -73.20305936363637, -0.610840454545453 ], [ -73.19139536363636, -0.614719454545458 ], [ -73.18001036363637, -0.61416145454546 ], [ -73.081118363636364, -0.607222454545457 ], [ -73.072235363636366, -0.601111454545453 ], [ -73.061957363636367, -0.580555454545454 ], [ -73.05445136363636, -0.558613454545458 ], [ -73.033337363636363, -0.528337454545458 ], [ -73.02417536363636, -0.521659454545457 ], [ -73.01194436363636, -0.51750145454546 ], [ -72.99001136363637, -0.518887454545457 ], [ -72.967223363636364, -0.530002454545453 ], [ -72.955847363636366, -0.539443454545456 ], [ -72.944732363636362, -0.549721454545455 ], [ -72.93917936363637, -0.558613454545458 ], [ -72.933896363636364, -0.572221454545456 ], [ -72.932510363636368, -0.581392454545458 ], [ -72.92778536363636, -0.590284454545454 ], [ -72.918623363636371, -0.595000454545456 ], [ -72.870005363636366, -0.599167454545459 ], [ -72.839441363636368, -0.597781454545455 ], [ -72.819452363636373, -0.595000454545456 ], [ -72.809723363636365, -0.58610845454546 ], [ -72.797501363636371, -0.566947454545456 ], [ -72.78778136363637, -0.559999454545455 ], [ -72.747506363636361, -0.552502454545454 ], [ -72.736958363636361, -0.551665454545457 ], [ -72.728345363636365, -0.554446454545456 ], [ -72.68084336363637, -0.600553454545455 ], [ -72.672788363636371, -0.609445454545458 ], [ -72.674183363636359, -0.618337454545454 ], [ -72.673337363636364, -0.628606454545455 ], [ -72.66306836363637, -0.636112454545454 ], [ -72.583616363636366, -0.683893454545455 ], [ -72.563618363636365, -0.691660454545456 ], [ -72.54389936363637, -0.688888454545456 ], [ -72.537230363636368, -0.67999645454546 ], [ -72.534458363636361, -0.655282454545457 ], [ -72.527510363636367, -0.643051454545457 ], [ -72.453332363636363, -0.566110454545459 ], [ -72.424181363636364, -0.55528345454546 ], [ -72.41501036363637, -0.552502454545454 ], [ -72.405560363636368, -0.552502454545454 ], [ -72.400007363636362, -0.563338454545459 ], [ -72.401402363636365, -0.572221454545456 ], [ -72.400556363636369, -0.590833454545454 ], [ -72.391952363636364, -0.599167454545459 ], [ -72.326675363636369, -0.630001454545457 ], [ -72.316388363636364, -0.632782454545456 ], [ -72.30611936363637, -0.632782454545456 ], [ -72.293627363636361, -0.630001454545457 ], [ -72.275285363636371, -0.619714454545459 ], [ -72.266402363636359, -0.612784454545455 ], [ -72.244415363636364, -0.592183454545456 ], [ -72.236387363636368, -0.580555454545454 ], [ -72.210845363636366, -0.556660454545458 ], [ -72.201125363636365, -0.547777454545454 ], [ -72.181397363636364, -0.541387454545458 ], [ -72.160841363636365, -0.540001454545454 ], [ -72.142229363636361, -0.542215454545456 ], [ -72.134174363636362, -0.553051454545454 ], [ -72.11222336363636, -0.584722454545457 ], [ -72.105563363636364, -0.601111454545453 ], [ -72.101963363636372, -0.638056454545456 ], [ -72.064181363636365, -0.737497454545455 ], [ -72.059447363636366, -0.746389454545458 ], [ -72.049178363636372, -0.756109454545459 ], [ -72.03834236363636, -0.76083445454546 ], [ -71.977781363636367, -0.770284454545454 ], [ -71.968340363636372, -0.769717454545457 ], [ -71.935292363636364, -0.756667454545457 ], [ -71.923061363636364, -0.753886454545459 ], [ -71.912783363636365, -0.757216454545457 ], [ -71.903063363636363, -0.762778454545455 ], [ -71.803892363636365, -0.828613454545454 ], [ -71.796953363636362, -0.837496454545459 ], [ -71.795009363636368, -0.849160454545455 ], [ -71.799185363636369, -0.888886454545457 ], [ -71.79223736363636, -0.898606454545458 ], [ -71.762789363636372, -0.934165454545457 ], [ -71.753060363636365, -0.942220454545456 ], [ -71.732792363636364, -0.945838454545459 ], [ -71.692778363636364, -0.945838454545459 ], [ -71.678342363636361, -0.94360645454546 ], [ -71.618051363636368, -0.928612454545458 ], [ -71.567507363636366, -0.921664454545457 ], [ -71.54529536363637, -0.921106454545459 ], [ -71.535278363636365, -0.927217454545456 ], [ -71.53111136363637, -0.938890454545458 ], [ -71.53167836363636, -0.971947454545457 ], [ -71.539463363636372, -0.993052454545456 ], [ -71.564726363636368, -1.037503454545458 ], [ -71.571674363636362, -1.067779454545459 ], [ -71.571674363636362, -1.078057454545458 ], [ -71.569451363636361, -1.087498454545454 ], [ -71.562503363636367, -1.097218454545455 ], [ -71.553620363636369, -1.104166454545457 ], [ -71.541398363636361, -1.110835454545459 ], [ -71.528339363636363, -1.115551454545454 ], [ -71.508620363636368, -1.11778345454546 ], [ -71.449445363636372, -1.110835454545459 ], [ -71.40027836363636, -1.104715454545456 ], [ -71.389172363636362, -1.101943454545456 ], [ -71.370839363636364, -1.091665454545456 ], [ -71.360291363636364, -1.082782454545459 ], [ -71.343335363636371, -1.061659454545456 ], [ -71.320844363636368, -1.042498454545459 ], [ -71.298065363636368, -1.034722454545459 ], [ -71.21666936363637, -1.038889454545455 ], [ -71.17668236363636, -1.047781454545458 ], [ -71.164460363636366, -1.053334454545457 ], [ -71.110289363636369, -1.089721454545455 ], [ -71.080004363636363, -1.114444454545456 ], [ -71.051393363636365, -1.145278454545455 ], [ -71.024735363636367, -1.185004454545457 ], [ -70.990571363636363, -1.232218454545453 ], [ -70.979447363636368, -1.24249645454546 ], [ -70.960277363636365, -1.251946454545454 ], [ -70.948055363636371, -1.255555454545458 ], [ -70.821398363636362, -1.267219454545454 ], [ -70.810292363636364, -1.273339454545457 ], [ -70.800563363636371, -1.312219454545456 ], [ -70.793336363636371, -1.324720454545457 ], [ -70.782788363636371, -1.334998454545456 ], [ -70.76362736363636, -1.345285454545454 ], [ -70.699169363636372, -1.372501454545457 ], [ -70.676390363636372, -1.385551454545457 ], [ -70.660424363636366, -1.415044454545459 ], [ -70.640840363636372, -1.399996454545459 ], [ -70.608611363636371, -1.375282454545456 ], [ -70.599728363636359, -1.374715454545459 ], [ -70.580567363636362, -1.379449454545458 ], [ -70.560011363636363, -1.388332454545456 ], [ -70.536953363636371, -1.403335454545456 ], [ -70.521662363636366, -1.436941454545455 ], [ -70.51610936363636, -1.445833454545458 ], [ -70.506659363636359, -1.450837454545457 ], [ -70.484168363636371, -1.449442454545455 ], [ -70.457231363636367, -1.440550454545459 ], [ -70.407227363636366, -1.416394454545454 ], [ -70.397777363636365, -1.41221845454546 ], [ -70.388624363636367, -1.410283454545457 ], [ -70.368050363636371, -1.408888454545455 ], [ -70.290848363636371, -1.413613454545455 ], [ -70.279724363636362, -1.414999454545459 ], [ -70.269455363636368, -1.418608454545456 ], [ -70.246946363636368, -1.430839454545456 ], [ -70.224455363636366, -1.454167454545455 ], [ -70.171670363636366, -1.498609454545459 ], [ -70.14001736363636, -1.517779454545455 ], [ -70.115843363636372, -1.527499454545456 ], [ -70.083344363636371, -1.534996454545457 ], [ -70.061672363636362, -1.536949454545457 ], [ -70.049450363636367, -1.536391454545459 ], [ -70.02833636363637, -1.526662454545459 ], [ -70.009733363636371, -1.514449454545456 ], [ -69.993344363636368, -1.49305645454546 ], [ -69.950288363636361, -1.365832454545455 ], [ -69.937229363636362, -1.317781454545454 ], [ -69.913073363636371, -1.25749945454546 ], [ -69.899447363636369, -1.230004454545458 ], [ -69.885011363636366, -1.209448454545459 ], [ -69.874724363636361, -1.199161454545454 ], [ -69.853619363636369, -1.186948454545458 ], [ -69.843332363636364, -1.186948454545458 ], [ -69.778901363636365, -1.199161454545454 ], [ -69.760280363636369, -1.206109454545455 ], [ -69.750002363636369, -1.21444345454546 ], [ -69.733613363636366, -1.232785454545457 ], [ -69.721121363636371, -1.251946454545454 ], [ -69.71167136363637, -1.260838454545457 ], [ -69.700565363636372, -1.267219454545454 ], [ -69.670559363636372, -1.277497454545454 ], [ -69.608900363636366, -1.275283454545459 ], [ -69.589172363636365, -1.273888454545457 ], [ -69.576671363636365, -1.270558454545458 ], [ -69.555557363636368, -1.256113454545456 ], [ -69.529448363636362, -1.22472145454546 ], [ -69.520574363636371, -1.217215454545453 ], [ -69.497228363636367, -1.205281454545457 ], [ -69.477239363636372, -1.203337454545455 ], [ -69.454730363636372, -1.206109454545455 ], [ -69.43556036363637, -1.21444345454546 ], [ -69.42611936363636, -1.223893454545454 ], [ -69.421952363636365, -1.232785454545457 ], [ -69.419171363636366, -1.254718454545454 ], [ -69.422501363636371, -1.299448454545455 ], [ -69.438332363636363, -1.402777454545458 ], [ -69.434768363636366, -1.422298454545455 ], [ -69.454406363636366, -1.476334454545459 ], [ -69.458069363636369, -1.486414454545454 ], [ -69.452678363636366, -1.526311454545457 ], [ -69.430277363636364, -1.555552454545456 ], [ -69.415013363636362, -1.568611454545454 ], [ -69.390290363636367, -1.585000454545458 ], [ -69.371129363636371, -1.595278454545458 ], [ -69.313061363636365, -1.606105454545457 ], [ -69.280022363636363, -1.616392454545455 ], [ -69.249728363636365, -1.64250145454546 ], [ -69.121946363636368, -1.763056454545456 ], [ -69.095000363636359, -1.79194645454546 ], [ -69.067505363636371, -1.832221454545454 ], [ -69.048335363636369, -1.84528045454546 ], [ -69.038075363636366, -1.848610454545458 ], [ -69.006665363636372, -1.840555454545459 ], [ -68.899736363636364, -1.810837454545457 ], [ -68.731670363636368, -1.791109454545456 ], [ -68.64805136363637, -1.792504454545458 ], [ -68.612501363636369, -1.781659454545455 ], [ -68.589740363636366, -1.768609454545455 ], [ -68.568617363636363, -1.75416445454546 ], [ -68.539466363636365, -1.740556454545455 ], [ -68.496131363636366, -1.73638945454546 ], [ -68.443346363636365, -1.738333454545455 ], [ -68.334167363636368, -1.719163454545459 ], [ -68.313332363636363, -1.713052454545455 ], [ -68.292506363636363, -1.703611454545459 ], [ -68.261123363636372, -1.678051454545454 ], [ -68.226959363636368, -1.659718454545455 ], [ -68.028896363636363, -1.645282454545459 ], [ -67.993058363636365, -1.643338454545457 ], [ -67.80195236363636, -1.650835454545458 ], [ -67.760012363636363, -1.658890454545457 ], [ -67.674458363636361, -1.68083245454546 ], [ -67.654442363636363, -1.69583545454546 ], [ -67.604447363636368, -1.743886454545454 ], [ -67.594997363636367, -1.750834454545455 ], [ -67.561400363636366, -1.770004454545457 ], [ -67.538891363636367, -1.778050454545458 ], [ -67.442780363636359, -1.800838454545456 ], [ -67.25168336363636, -1.854163454545457 ], [ -67.226960363636366, -1.86305545454546 ], [ -67.092788363636359, -1.907497454545457 ], [ -67.082231363636367, -1.908892454545459 ], [ -66.978902363636365, -1.898056454545454 ], [ -66.958346363636366, -1.893052454545455 ], [ -66.948059363636361, -1.887778454545455 ], [ -66.939185363636369, -1.87805845454546 ], [ -66.919169363636371, -1.861111454545458 ], [ -66.907793363636372, -1.855558454545459 ], [ -66.780290363636368, -1.809721454545453 ], [ -66.756116363636366, -1.805554454545458 ], [ -66.734453363636362, -1.804717454545454 ], [ -66.724724363636369, -1.806112454545456 ], [ -66.703340363636372, -1.810837454545457 ], [ -66.671111363636371, -1.820557454545458 ], [ -66.641951363636366, -1.828891454545456 ], [ -66.620567363636368, -1.830835454545458 ], [ -66.610838363636361, -1.829449454545454 ], [ -66.416402363636365, -1.768609454545455 ], [ -66.264176363636366, -1.71110845454546 ], [ -66.172502363636369, -1.675279454545453 ], [ -66.162782363636367, -1.671949454545455 ], [ -66.153062363636366, -1.671949454545455 ], [ -66.142226363636368, -1.676665454545457 ], [ -65.993348363636372, -1.740556454545455 ], [ -65.841941363636366, -1.786393454545454 ], [ -65.715284363636371, -1.813888454545456 ], [ -65.694737363636364, -1.821394454545455 ], [ -65.661950363636365, -1.83555145454546 ], [ -65.608337363636366, -1.871389454545458 ], [ -65.505575363636368, -1.936387454545454 ], [ -65.483606363636369, -1.948051454545457 ], [ -65.462510363636369, -1.949446454545459 ], [ -65.452223363636364, -1.94666545454546 ], [ -65.442512363636368, -1.940554454545456 ], [ -65.43251336363636, -1.92889045454546 ], [ -65.420561363636367, -1.90138645454546 ], [ -65.411120363636371, -1.893889454545459 ], [ -65.398619363636371, -1.889164454545458 ], [ -65.346680363636366, -1.883611454545459 ], [ -65.303345363636367, -1.891945454545457 ], [ -65.271953363636371, -1.90333945454546 ], [ -65.175293363636371, -2.084167454545458 ], [ -65.170289363636371, -2.095282454545455 ], [ -65.161667363636369, -2.249443454545457 ], [ -65.157482363636362, -2.297782454545455 ], [ -65.190566363636364, -2.295838454545454 ], [ -65.197235363636366, -2.307502454545457 ], [ -65.19584936363637, -2.338336454545455 ], [ -65.19168236363636, -2.370556454545458 ], [ -65.194454363636368, -2.380834454545457 ], [ -65.204723363636361, -2.390284454545458 ], [ -65.223893363636364, -2.391112454545457 ], [ -65.295290363636369, -2.382778454545459 ], [ -65.31528836363637, -2.382778454545459 ], [ -65.345834363636371, -2.388340454545457 ], [ -65.355563363636364, -2.393056454545459 ], [ -65.365283363636365, -2.401948454545455 ], [ -65.363888363636363, -2.411659454545457 ], [ -65.354168363636362, -2.416393454545457 ], [ -65.312228363636365, -2.420551454545453 ], [ -65.29250936363637, -2.427220454545456 ], [ -65.283059363636369, -2.434717454545456 ], [ -65.283617363636367, -2.44583245454546 ], [ -65.293337363636368, -2.456659454545459 ], [ -65.312228363636365, -2.470555454545455 ], [ -65.326556363636371, -2.481076454545459 ], [ -65.357138363636366, -2.499706454545453 ], [ -65.366093363636367, -2.507194454545456 ], [ -65.389268363636361, -2.53435645454546 ], [ -65.402867363636361, -2.554138454545459 ], [ -65.41376636363637, -2.574847454545456 ], [ -65.416430363636366, -2.586214454545456 ], [ -65.417789363636359, -2.622727454545455 ], [ -65.422145363636361, -2.63278945454546 ], [ -65.429885363636359, -2.641096454545455 ], [ -65.459126363636372, -2.661373454545455 ] ], [ [ -65.157482363636362, -2.297782454545455 ], [ -65.164466363636365, -2.298610454545454 ], [ -65.160281363636372, -2.322496454545458 ], [ -65.107505363636363, -2.418337454545458 ], [ -65.101394363636359, -2.429443454545456 ], [ -65.050562363636359, -2.497222454545458 ], [ -65.017226363636368, -2.540278454545458 ], [ -64.977239363636372, -2.585557454545459 ], [ -64.963631363636367, -2.606113454545458 ], [ -64.960841363636362, -2.617498454545455 ], [ -64.963631363636367, -2.638054454545454 ], [ -64.97167736363636, -2.659447454545457 ], [ -64.983332363636364, -2.681947454545458 ], [ -64.986122363636369, -2.693611454545454 ], [ -64.986122363636369, -2.704447454545459 ], [ -64.982792363636364, -2.714167454545453 ], [ -64.960841363636362, -2.731105454545457 ], [ -64.945847363636361, -2.736667454545454 ], [ -64.934174363636359, -2.737504454545459 ], [ -64.923059363636369, -2.736109454545456 ], [ -64.910846363636367, -2.737504454545459 ], [ -64.900010363636369, -2.738890454545455 ], [ -64.890020363636367, -2.743057454545458 ], [ -64.878617363636366, -2.750284454545458 ], [ -64.85999636363637, -2.771659454545457 ], [ -64.855280363636368, -2.781109454545458 ], [ -64.853903363636363, -2.790838454545458 ], [ -64.864181363636362, -2.842777454545455 ], [ -64.86695336363637, -2.852497454545457 ], [ -64.87306436363636, -2.863333454545455 ], [ -64.879184363636369, -2.885284454545456 ], [ -64.879184363636369, -2.896948454545459 ], [ -64.877231363636369, -2.906389454545454 ], [ -64.80389036363637, -2.99055745454546 ], [ -64.751681363636365, -3.077497454545458 ], [ -64.751114363636361, -3.096667454545454 ], [ -64.75389536363636, -3.106387454545455 ], [ -64.768349363636361, -3.12750145454546 ], [ -64.784729363636359, -3.205180454545456 ] ] ] } },
{ "type": "Feature", "properties": { "NAME": "Putumayo", "SYSTEM": "Amazon", "MILES": 889.91926, "KILOMETERS": 1432.18908 }, "geometry": { "type": "MultiLineString", "coordinates": [ [ [ -76.868057363636368, 1.300552545454543 ], [ -76.866950363636363, 1.294999545454544 ], [ -76.862225363636369, 1.249441545454545 ], [ -76.877228363636362, 1.203613545454544 ], [ -76.881665363636372, 1.194163545454543 ], [ -76.888334363636361, 1.187782545454546 ], [ -76.902239363636369, 1.180555545454546 ], [ -76.956950363636366, 1.168612545454543 ], [ -76.970837363636363, 1.16222254545454 ], [ -76.980836363636371, 1.151665545454541 ], [ -76.98445436363636, 1.141666545454541 ], [ -76.987793363636371, 1.117222545454545 ], [ -76.985003363636366, 1.106944545454546 ], [ -76.957778363636365, 1.099447545454545 ], [ -76.948625363636367, 1.095001545454544 ], [ -76.893887363636367, 1.034161545454545 ], [ -76.885283363636361, 1.022497545454542 ], [ -76.872224363636363, 0.981943545454541 ], [ -76.863890363636372, 0.963340545454543 ], [ -76.844450363636369, 0.935557545454543 ], [ -76.680011363636368, 0.771667545454541 ], [ -76.64723336363636, 0.75639454545454 ], [ -76.63916936363637, 0.750832545454543 ], [ -76.574720363636359, 0.672496545454543 ], [ -76.56751136363637, 0.646666545454543 ], [ -76.556117363636361, 0.584161545454542 ], [ -76.554173363636366, 0.559717545454546 ], [ -76.551680363636365, 0.528892545454546 ], [ -76.549727363636364, 0.524167545454546 ], [ -76.456388363636364, 0.416662545454543 ], [ -76.44473336363636, 0.408886545454543 ], [ -76.430558363636365, 0.40221754545454 ], [ -76.401362363636366, 0.392848545454541 ], [ -76.400084363636367, 0.392335545454543 ], [ -76.243052363636366, 0.395557545454544 ], [ -76.145285363636361, 0.370834545454542 ], [ -76.040120363636362, 0.337633545454544 ], [ -76.024874363636371, 0.320128545454544 ], [ -75.98027936363637, 0.256390545454543 ], [ -75.912779363636361, 0.163339545454541 ], [ -75.760841363636359, 0.046807545454541 ], [ -75.727505363636368, 0.035557545454544 ], [ -75.694034363636362, 0.043054545454545 ], [ -75.575423363636361, 0.03181354545454 ], [ -75.518894363636363, -0.008056454545454 ], [ -75.434447363636366, -0.059446454545458 ], [ -75.399032363636366, -0.072082454545459 ], [ -75.349730363636368, -0.078337454545455 ], [ -75.325565363636372, -0.088336454545455 ], [ -75.300005363636359, -0.102214454545454 ], [ -75.285848363636362, -0.119719454545454 ], [ -75.259145363636364, -0.122482454545455 ], [ -75.225908363636364, -0.095968454545456 ], [ -75.216674363636372, -0.068338454545454 ], [ -75.205010363636362, -0.036874454545455 ], [ -75.137015363636365, -0.04534345454546 ], [ -75.021392363636366, -0.123058454545458 ], [ -74.960552363636367, -0.170551454545453 ], [ -74.938061363636365, -0.198892454545458 ], [ -74.86028336363637, -0.232498454545457 ], [ -74.841131363636364, -0.225280454545455 ], [ -74.812646363636361, -0.205687454545455 ], [ -74.79194636363637, -0.200278454545455 ], [ -74.772371363636367, -0.207919454545454 ], [ -74.749169363636369, -0.235558454545455 ], [ -74.733608363636364, -0.260974454545455 ], [ -74.721116363636369, -0.28972045454546 ], [ -74.71694936363636, -0.311662454545456 ], [ -74.715833363636364, -0.333613454545457 ], [ -74.708759363636361, -0.361666454545457 ], [ -74.632916363636369, -0.406531454545458 ], [ -74.607509363636368, -0.38360845454546 ], [ -74.556947363636368, -0.417781454545455 ], [ -74.393894363636363, -0.543340454545458 ], [ -74.376119363636363, -0.568054454545454 ], [ -74.370278363636359, -0.577558454545454 ], [ -74.358065363636371, -0.633052454545457 ], [ -74.33890436363636, -0.706393454545456 ], [ -74.316116363636368, -0.78166045454546 ], [ -74.290277363636363, -0.809722454545458 ], [ -74.24778836363636, -0.853606454545456 ], [ -74.264168363636372, -0.898894454545456 ], [ -74.282789363636368, -0.930277454545454 ], [ -74.255285363636361, -0.98666245454546 ], [ -74.24069636363636, -1.012915454545457 ], [ -74.215424363636359, -1.034866454545458 ], [ -74.077787363636361, -1.072783454545458 ], [ -73.868051363636368, -1.208611454545455 ], [ -73.840979363636364, -1.26514045454546 ], [ -73.752239363636363, -1.289719454545455 ], [ -73.713053363636362, -1.279162454545457 ], [ -73.653617363636371, -1.284445454545455 ], [ -73.555697363636369, -1.375282454545456 ], [ -73.547498363636365, -1.436662454545456 ], [ -73.542782363636363, -1.468054454545459 ], [ -73.520003363636363, -1.49360545454546 ], [ -73.476965363636367, -1.552501454545457 ], [ -73.447157363636364, -1.610344454545455 ], [ -73.476965363636367, -1.636660454545456 ], [ -73.486955363636369, -1.654444454545455 ], [ -73.507511363636368, -1.748332454545455 ], [ -73.490573363636372, -1.76694445454546 ], [ -73.41640436363636, -1.816660454545456 ], [ -73.296947363636363, -1.873549454545454 ], [ -73.238888363636363, -1.84555045454546 ], [ -73.197020363636369, -1.806454454545459 ], [ -73.132778363636362, -1.849159454545457 ], [ -73.090424363636359, -1.923607454545454 ], [ -73.058213363636369, -2.145556454545456 ], [ -73.077788363636373, -2.200285454545458 ], [ -73.101251363636365, -2.231947454545455 ], [ -73.13174336363636, -2.246257454545457 ], [ -73.115291363636359, -2.328751454545454 ], [ -73.104734363636368, -2.346949454545459 ], [ -73.073900363636369, -2.371393454545455 ], [ -73.003061363636363, -2.41055245454546 ], [ -72.975008363636363, -2.401660454545457 ], [ -72.934580363636371, -2.40000445454546 ], [ -72.902513363636359, -2.45360845454546 ], [ -72.88195736363636, -2.50639345454546 ], [ -72.814736363636371, -2.490004454545456 ], [ -72.683336363636371, -2.440000454545455 ], [ -72.590141363636363, -2.407222454545455 ], [ -72.450839363636362, -2.441386454545459 ], [ -72.327782363636359, -2.483056454545455 ], [ -72.299450363636367, -2.49139045454546 ], [ -72.227513363636362, -2.498887454545454 ], [ -72.070013363636363, -2.40778045454546 ], [ -71.982227363636369, -2.369449454545453 ], [ -71.931404363636361, -2.379007454545459 ], [ -71.889797363636362, -2.377783454545458 ], [ -71.871401363636366, -2.320282454545456 ], [ -71.808482363636372, -2.230840454545458 ], [ -71.721956363636366, -2.159164454545454 ], [ -71.693201363636362, -2.147914454545457 ], [ -71.68321136363636, -2.166526454545455 ], [ -71.684174363636359, -2.196109454545457 ], [ -71.674319363636371, -2.224999454545454 ], [ -71.57666936363637, -2.236663454545457 ], [ -71.520149363636364, -2.234584454545455 ], [ -71.412230363636368, -2.281258454545458 ], [ -71.36167736363636, -2.346949454545459 ], [ -71.188067363636364, -2.360557454545457 ], [ -71.10111836363636, -2.311948454545458 ], [ -70.976387363636363, -2.278333454545454 ], [ -70.85896436363636, -2.225341454545458 ], [ -70.657643363636367, -2.358190454545458 ], [ -70.649723363636369, -2.401255454545456 ], [ -70.582376363636371, -2.483893454545459 ], [ -70.564457363636365, -2.493334454545455 ], [ -70.37774336363637, -2.51166745454546 ], [ -70.35580136363636, -2.498176454545458 ], [ -70.33564136363637, -2.492398454545459 ], [ -70.295393363636364, -2.501281454545456 ], [ -70.218830363636371, -2.570347454545455 ], [ -70.208867363636372, -2.609425454545459 ], [ -70.194593363636372, -2.644021454545459 ], [ -70.120685363636369, -2.701657454545455 ], [ -70.098482363636364, -2.698336454545455 ], [ -70.09166936363637, -2.691109454545455 ], [ -70.080563363636372, -2.670553454545455 ], [ -70.071671363636369, -2.660284454545454 ], [ -70.06223036363636, -2.664442454545458 ], [ -70.055849363636369, -2.676106454545454 ], [ -70.053887363636363, -2.684998454545457 ], [ -70.05195236363636, -2.721943454545453 ], [ -70.047227363636367, -2.731663454545455 ], [ -70.028624363636368, -2.738332454545457 ], [ -70.017500363636373, -2.739160454545456 ], [ -70.008896363636367, -2.738332454545457 ], [ -69.994442363636367, -2.73222145454546 ], [ -69.982787363636362, -2.724715454545453 ], [ -69.950567363636367, -2.69889445454546 ], [ -69.939452363636363, -2.692504454545457 ], [ -69.930011363636368, -2.68916545454546 ], [ -69.918338363636366, -2.688607454545455 ], [ -69.908618363636364, -2.690002454545457 ], [ -69.897782363636367, -2.693332454545455 ], [ -69.887513363636373, -2.700838454545455 ], [ -69.880007363636366, -2.711107454545456 ], [ -69.878063363636372, -2.721394454545454 ], [ -69.878342363636364, -2.730835454545456 ], [ -69.882509363636359, -2.741113454545456 ], [ -69.884174363636362, -2.750833454545457 ], [ -69.882509363636359, -2.759716454545455 ], [ -69.875840363636371, -2.770552454545459 ], [ -69.866120363636369, -2.777500454545454 ], [ -69.855833363636364, -2.777500454545454 ], [ -69.824441363636367, -2.771389454545456 ], [ -69.803615363636368, -2.758888454545456 ], [ -69.785282363636369, -2.74249945454546 ], [ -69.768893363636366, -2.733607454545457 ], [ -69.758615363636366, -2.731663454545455 ], [ -69.749723363636363, -2.73222145454546 ], [ -69.727781363636367, -2.739160454545456 ], [ -69.716126363636363, -2.746666454545455 ], [ -69.708071363636364, -2.756386454545456 ], [ -69.706685363636367, -2.765278454545459 ], [ -69.708620363636371, -2.774719454545455 ], [ -69.717521363636365, -2.785834454545459 ], [ -69.722777363636368, -2.796661454545458 ], [ -69.721679363636369, -2.807497454545455 ], [ -69.706685363636367, -2.863054454545455 ], [ -69.703904363636369, -2.871946454545458 ], [ -69.695660363636364, -2.873503454545457 ], [ -69.663341363636363, -2.847214454545458 ], [ -69.65444936363636, -2.842498454545456 ], [ -69.643622363636368, -2.845279454545455 ], [ -69.636674363636359, -2.85416245454546 ], [ -69.633902363636366, -2.863054454545455 ], [ -69.636674363636359, -2.874718454545459 ], [ -69.617513363636363, -2.91222145454546 ], [ -69.516110363636372, -2.923894454545454 ], [ -69.50695736363636, -2.915839454545456 ], [ -69.494168363636362, -2.909449454545459 ], [ -69.472784363636364, -2.904166454545454 ], [ -69.442508363636364, -2.899441454545453 ], [ -69.422789363636369, -2.899999454545458 ], [ -69.353057363636367, -2.904166454545454 ], [ -69.333617363636364, -2.91222145454546 ], [ -69.192506363636369, -2.964160454545457 ], [ -69.046670363636366, -3.012220454545457 ], [ -68.930282363636366, -3.024442454545458 ], [ -68.918339363636363, -3.025279454545455 ], [ -68.908889363636362, -3.02111245454546 ], [ -68.815559363636368, -2.95527745454546 ], [ -68.802779363636361, -2.941111454545457 ], [ -68.797793363636359, -2.932219454545454 ], [ -68.795291363636366, -2.921113454545456 ], [ -68.796398363636371, -2.902780454545457 ], [ -68.801393363636365, -2.893888454545454 ], [ -68.809448363636363, -2.888335454545455 ], [ -68.805596363636369, -2.868427454545454 ], [ -68.71444436363636, -2.858338454545454 ], [ -68.555846363636363, -2.885554454545456 ], [ -68.38112036363637, -2.886949454545459 ], [ -68.331683363636373, -2.952784454545458 ], [ -68.28946436363637, -3.019717454545457 ], [ -68.283893363636366, -3.028051454545455 ], [ -68.262788363636361, -3.034162454545459 ], [ -68.228903363636363, -3.034720454545457 ], [ -68.206682363636361, -3.030004454545455 ], [ -68.196944363636362, -3.02583745454546 ], [ -68.142791363636363, -3.060838454545454 ], [ -68.109176363636365, -3.088891454545454 ], [ -68.056400363636371, -3.117502454545459 ], [ -68.047499363636362, -3.122218454545454 ], [ -67.938581363636359, -3.122677454545453 ] ] ] } },
{ "type": "Feature", "properties": { "NAME": "Rio Maranon", "SYSTEM": "Amazon", "MILES": 889.35232, "KILOMETERS": 1431.27668 }, "geometry": { "type": "MultiLineString", "coordinates": [ [ [ -73.507898363636372, -4.459834454545458 ], [ -73.791965363636365, -4.621942454545454 ], [ -73.954748363636369, -4.483333454545459 ], [ -74.100197363636369, -4.471750454545457 ], [ -74.209178363636369, -4.52333845454546 ], [ -74.237519363636366, -4.675834454545459 ], [ -74.266967363636368, -4.678606454545459 ], [ -74.585576363636363, -4.457782454545459 ], [ -74.650304363636366, -4.531393454545459 ], [ -74.763074363636363, -4.553605454545455 ], [ -74.812223363636363, -4.672225454545455 ], [ -75.050003363636364, -4.783051454545458 ], [ -75.376118363636365, -4.789441454545454 ], [ -75.444455363636365, -4.928887454545453 ], [ -75.52750736363636, -4.932496454545458 ], [ -75.638549363636372, -5.083921454545457 ], [ -75.685565363636371, -5.013892454545456 ], [ -75.750851363636372, -5.058334454545456 ], [ -75.83308436363636, -5.008609454545457 ], [ -76.050560363636365, -5.041945454545456 ], [ -76.166408363636364, -4.989727454545456 ], [ -76.186955363636372, -4.926394454545459 ], [ -76.431350363636369, -4.919536454545458 ], [ -76.54250936363637, -4.896388454545459 ], [ -76.581704363636362, -4.825558454545458 ], [ -76.926116363636368, -4.823605454545458 ], [ -77.255021363636359, -4.675834454545459 ], [ -77.305007363636363, -4.74916645454546 ], [ -77.355281363636365, -4.650553454545459 ], [ -77.31947036363637, -4.621393454545455 ], [ -77.414177363636369, -4.610836454545456 ], [ -77.398634363636361, -4.500280454545454 ], [ -77.500307363636367, -4.428055454545458 ], [ -77.559734363636366, -4.464163454545456 ], [ -77.63006036363636, -4.428037454545453 ], [ -77.686400363636366, -4.489165454545457 ], [ -77.79169136363636, -4.491946454545456 ], [ -77.850569363636367, -4.577500454545458 ], [ -77.906396363636361, -4.572226454545458 ], [ -78.099743363636364, -4.70360845454546 ], [ -78.172931363636366, -4.651543454545454 ], [ -78.212801363636359, -4.755556454545456 ], [ -78.328082363636369, -4.773610454545455 ], [ -78.41446436363637, -5.112784454545455 ], [ -78.344741363636359, -5.191111454545457 ], [ -78.408353363636365, -5.214448454545458 ], [ -78.606965363636363, -5.496661454545457 ], [ -78.751127363636371, -5.691106454545455 ], [ -78.769181363636363, -5.770558454545458 ], [ -78.770855363636372, -5.840839454545456 ], [ -78.618071363636361, -6.062500454545457 ], [ -78.533336363636366, -6.088339454545459 ], [ -78.335570363636364, -6.379714454545457 ], [ -78.165299363636365, -6.469714454545457 ], [ -78.00863636363637, -6.770836454545456 ], [ -78.017789363636368, -6.944167454545457 ], [ -77.979152363636359, -7.033924454545456 ], [ -77.754746363636372, -7.468606454545458 ], [ -77.616956363636362, -7.879168454545457 ], [ -77.645963363636369, -8.009569454545456 ], [ -77.646134363636364, -8.059447454545456 ], [ -77.334455363636366, -8.455555454545458 ], [ -77.106404363636372, -8.938333454545457 ], [ -76.735019363636368, -9.179443454545456 ], [ -76.795850363636362, -9.512497454545457 ], [ -76.638629363636369, -9.872497454545456 ], [ -76.692512363636368, -9.997228454545457 ], [ -76.617506363636366, -10.225558454545457 ], [ -76.705850363636372, -10.394731454545457 ] ] ] } },
{ "type": "Feature", "properties": { "NAME": "Ucayali", "SYSTEM": "Amazon", "MILES": 1297.90218, "KILOMETERS": 2088.77526 }, "geometry": { "type": "MultiLineString", "coordinates": [ [ [ -73.507898363636372, -4.459834454545458 ], [ -73.515854363636365, -4.506949454545456 ], [ -73.462799363636364, -4.528891454545459 ], [ -73.577522363636362, -4.634731454545459 ], [ -73.545005363636363, -4.706389454545459 ], [ -73.733078363636366, -4.806109454545457 ], [ -73.678349363636372, -4.888612454545459 ], [ -73.696673363636364, -4.91111245454546 ], [ -73.769177363636359, -4.864726454545455 ], [ -73.777511363636364, -4.975282454545457 ], [ -73.952516363636363, -5.086666454545458 ], [ -74.031401363636363, -4.983607454545457 ], [ -74.110016363636362, -5.176666454545458 ], [ -74.099450363636365, -5.362498454545456 ], [ -74.189450363636368, -5.390281454545455 ], [ -74.14501736363637, -5.427784454545456 ], [ -74.202239363636366, -5.480281454545455 ], [ -74.153072363636369, -5.513887454545458 ], [ -74.209457363636361, -5.554171454545457 ], [ -74.150012363636364, -5.608054454545456 ], [ -74.283338363636361, -5.652226454545456 ], [ -74.267516363636361, -5.699998454545458 ], [ -74.331974363636363, -5.785282454545456 ], [ -74.373059363636372, -5.734162454545459 ], [ -74.399177363636369, -5.798332454545456 ], [ -74.513648363636364, -5.709448454545456 ], [ -74.696672363636367, -5.925556454545458 ], [ -74.680841363636361, -6.019165454545458 ], [ -74.70751736363637, -6.027778454545455 ], [ -74.738909363636367, -5.950837454545457 ], [ -74.795852363636371, -6.003334454545456 ], [ -74.857232363636371, -5.979448454545455 ], [ -74.876681363636365, -6.054445454545458 ], [ -74.948627363636362, -6.091111454545455 ], [ -75.005579363636372, -6.037498454545457 ], [ -75.065564363636369, -6.052501454545457 ], [ -75.05750936363637, -6.133609454545457 ], [ -75.093896363636361, -6.146389454545456 ], [ -75.121949363636361, -6.085837454545455 ], [ -75.203606363636368, -6.196105454545457 ], [ -75.159182363636361, -6.221386454545456 ], [ -75.139733363636367, -6.414166454545455 ], [ -75.20863736363637, -6.454999454545458 ], [ -75.186128363636371, -6.542227454545458 ], [ -75.077237363636371, -6.565285454545457 ], [ -75.071963363636371, -6.595840454545456 ], [ -75.150011363636366, -6.635557454545456 ], [ -75.082520363636363, -6.693337454545457 ], [ -75.06751736363637, -6.814441454545456 ], [ -75.134180363636361, -6.840838454545455 ], [ -75.178073363636372, -6.945004454545458 ], [ -75.121796363636363, -7.023754454545458 ], [ -75.313631363636361, -7.175278454545456 ], [ -75.245006363636364, -7.191388454545457 ], [ -75.26057636363636, -7.254730454545456 ], [ -75.166409363636362, -7.238890454545455 ], [ -74.978903363636363, -7.389442454545456 ], [ -75.029195363636362, -7.541110454545457 ], [ -74.958635363636361, -7.657498454545458 ], [ -75.04084136363636, -7.643053454545456 ], [ -74.934443363636362, -7.797223454545456 ], [ -74.973062363636359, -7.860556454545456 ], [ -74.865287363636369, -7.950277454545457 ], [ -74.855855363636365, -7.869448454545456 ], [ -74.783333363636359, -7.873894454545457 ], [ -74.749736363636373, -7.884442454545457 ], [ -74.693342363636361, -7.958332454545456 ], [ -74.754470363636372, -7.957783454545456 ], [ -74.773073363636371, -8.002225454545457 ], [ -74.665298363636367, -7.984729454545455 ], [ -74.638073363636366, -8.174728454545455 ], [ -74.569178363636368, -8.161120454545458 ], [ -74.601965363636367, -8.238052454545457 ], [ -74.496125363636367, -8.307496454545458 ], [ -74.503082363636366, -8.477497454545457 ], [ -74.452520363636367, -8.446105454545457 ], [ -74.386082363636362, -8.484283454545459 ], [ -74.319473363636362, -8.439445454545456 ], [ -74.268623363636365, -8.438338454545455 ], [ -74.262800363636373, -8.581672454545458 ], [ -74.285003363636363, -8.608339454545458 ], [ -74.356382363636371, -8.563888454545456 ], [ -74.390015363636365, -8.642503454545459 ], [ -74.538461363636372, -8.767864454545457 ], [ -74.490842363636361, -9.021673454545457 ], [ -74.47723436363637, -9.073891454545457 ], [ -74.37445436363636, -9.175834454545456 ], [ -74.410841363636365, -9.350839454545458 ], [ -74.32751936363637, -9.387226454545456 ], [ -74.280584363636365, -9.508051454545456 ], [ -74.218358363636369, -9.477496454545456 ], [ -74.214740363636366, -9.558613454545458 ], [ -74.166671363636368, -9.571393454545458 ], [ -74.148068363636369, -9.827227454545458 ], [ -73.94916836363636, -9.839170454545457 ], [ -74.004203363636364, -9.943894454545458 ], [ -74.061398363636371, -9.906670454545456 ], [ -74.075303363636365, -9.934723454545455 ], [ -74.055008363636361, -10.038889454545458 ], [ -73.958906363636359, -10.070551454545456 ], [ -74.039465363636367, -10.135567454545455 ], [ -74.003078363636362, -10.215280454545457 ], [ -74.043353363636371, -10.336105454545457 ], [ -73.981127363636361, -10.572778454545457 ], [ -73.742447363636373, -10.728523454545456 ], [ -73.782245363636363, -10.992223454545456 ], [ -73.693892363636365, -11.269171454545457 ], [ -73.783334363636371, -11.293894454545455 ], [ -74.059175363636371, -11.162782454545457 ], [ -74.076419363636361, -11.194165454545455 ], [ -74.252810363636371, -11.146942454545457 ], [ -74.271953363636371, -11.262781454545458 ], [ -73.958357363636367, -11.884447454545455 ], [ -74.055575363636365, -11.961946454545458 ], [ -74.087804363636366, -12.060280454545456 ], [ -74.023913363636368, -12.115558454545457 ], [ -73.85999636363637, -12.504169454545458 ], [ -73.668350363636364, -12.691945454545458 ], [ -73.553888363636361, -13.081942454545455 ], [ -73.23004136363636, -13.428163454545459 ], [ -73.093079363636363, -13.458889454545456 ], [ -73.043354363636368, -13.423888454545455 ], [ -72.809444363636359, -13.430836454545457 ], [ -72.327521363636365, -13.702501454545455 ], [ -72.275303363636368, -13.697785454545457 ], [ -72.162227363636362, -13.788622454545457 ], [ -72.019469363636361, -13.778335454545456 ], [ -71.825024363636359, -13.828339454545457 ], [ -71.696963363636371, -14.134447454545455 ], [ -71.543900363636368, -14.194441454545458 ], [ -71.462801363636359, -14.440564454545456 ], [ -71.468624363636366, -14.720554454545457 ], [ -71.623901363636364, -14.977225454545458 ], [ -71.636690363636362, -15.075550454545457 ], [ -71.585300363636364, -15.160285454545456 ], [ -71.653358363636372, -15.183613454545458 ], [ -71.680304363636367, -15.352777454545457 ], [ -71.731127363636361, -15.338332454545458 ], [ -71.888069363636362, -15.448339454545458 ] ] ] } },
{ "type": "Feature", "properties": { "NAME": "Guapore", "SYSTEM": "Amazon", "MILES": 394.11109, "KILOMETERS": 634.26158 }, "geometry": { "type": "MultiLineString", "coordinates": [ [ [ -65.395847363636364, -10.393327454545457 ], [ -65.395775363636361, -10.393579454545456 ], [ -65.39125736363637, -10.413757454545458 ], [ -65.402363363636368, -10.442215454545458 ], [ -65.441972363636367, -10.473481454545457 ], [ -65.438066363636366, -10.618750454545456 ], [ -65.390015363636365, -10.755838454545458 ], [ -65.329193363636364, -10.851886454545458 ], [ -65.315846363636368, -10.880839454545455 ], [ -65.302652363636369, -10.985554454545458 ], [ -65.343332363636364, -11.058058454545456 ], [ -65.393615363636371, -11.149444454545456 ], [ -65.401949363636362, -11.169730454545459 ], [ -65.390708363636364, -11.274724454545456 ], [ -65.348345363636369, -11.404729454545457 ], [ -65.31028436363637, -11.494135454545457 ], [ -65.289737363636362, -11.504998454545458 ], [ -65.241533363636364, -11.505970454545459 ], [ -65.222930363636365, -11.518750454545458 ], [ -65.169452363636367, -11.614726454545458 ], [ -65.188334363636372, -11.656387454545456 ], [ -65.200835363636372, -11.685556454545456 ], [ -65.209160363636371, -11.711665454545457 ], [ -65.191745363636372, -11.752021454545456 ], [ -65.149517363636363, -11.772154454545458 ], [ -65.11837736363637, -11.698957454545457 ], [ -65.062370363636362, -11.754865454545456 ], [ -65.043335363636359, -11.809729454545458 ], [ -65.035568363636372, -11.881666454545456 ], [ -65.016956363636368, -11.970001454545457 ], [ -65.008343363636371, -11.989441454545457 ], [ -64.984322363636366, -12.011113454545455 ], [ -64.896122363636366, -12.023335454545457 ], [ -64.83584936363637, -12.023200454545456 ], [ -64.809587363636368, -12.028609454545457 ], [ -64.791119363636369, -12.041524454545456 ], [ -64.76333636363637, -12.097783454545457 ], [ -64.738622363636367, -12.150073454545456 ], [ -64.617653363636364, -12.210976454545456 ], [ -64.516538363636371, -12.242224454545457 ], [ -64.496945363636371, -12.366253454545458 ], [ -64.421399363636368, -12.441106454545459 ], [ -64.399448363636367, -12.458089454545458 ], [ -64.37306036363637, -12.468340454545459 ], [ -64.293302363636371, -12.482074454545458 ], [ -64.238888363636363, -12.479167454545458 ], [ -64.176392363636367, -12.485557454545457 ], [ -64.03952036363637, -12.517993454545458 ], [ -64.020008363636364, -12.537082454545455 ], [ -63.927965363636361, -12.547270454545458 ], [ -63.898607363636373, -12.528613454545457 ], [ -63.870563363636364, -12.493891454545459 ], [ -63.832502363636365, -12.474163454545458 ], [ -63.797501363636371, -12.459997454545459 ], [ -63.671951363636367, -12.470554454545457 ], [ -63.471395363636361, -12.570418454545457 ], [ -63.464366363636373, -12.595915454545455 ], [ -63.41555036363637, -12.653893454545457 ], [ -63.394616363636359, -12.668365454545459 ], [ -63.324875363636366, -12.704212454545456 ], [ -63.247088363636365, -12.705832454545458 ], [ -63.216119363636366, -12.680902454545457 ], [ -63.163334363636366, -12.648889454545458 ], [ -63.133346363636363, -12.635884454545458 ], [ -63.067097363636364, -12.659869454545458 ], [ -63.062300363636368, -12.697894454545455 ], [ -63.049169363636366, -12.747502454545458 ], [ -62.994170363636371, -12.839338454545459 ], [ -62.97376736363637, -12.852901454545457 ], [ -62.896664363636361, -12.900277454545456 ], [ -62.843843363636367, -12.942334454545456 ], [ -62.769728363636361, -13.005838454545458 ], [ -62.688251363636368, -12.968596454545455 ], [ -62.645861363636371, -13.007359454545458 ], [ -62.645483363636359, -13.032361454545455 ], [ -62.419214363636371, -13.132522454545455 ], [ -62.384726363636361, -13.145833454545457 ], [ -62.33083436363637, -13.147777454545459 ], [ -62.268527363636366, -13.140892454545458 ], [ -62.24458736363637, -13.126663454545458 ], [ -62.213753363636371, -13.120975454545459 ], [ -62.113673363636366, -13.153708454545455 ], [ -62.109731363636371, -13.183336454545458 ], [ -62.085557363636369, -13.271392454545456 ] ] ] } },
{ "type": "Feature", "properties": { "NAME": "Madre de Dios", "SYSTEM": "Amazon", "MILES": 567.87075, "KILOMETERS": 913.90121 }, "geometry": { "type": "MultiLineString", "coordinates": [ [ [ -65.395847363636364, -10.393327454545457 ], [ -65.452790363636367, -10.401112454545459 ], [ -65.461943363636365, -10.406107454545456 ], [ -65.483606363636369, -10.426105454545457 ], [ -65.501678363636373, -10.450558454545458 ], [ -65.510840363636362, -10.469161454545457 ], [ -65.522783363636364, -10.485280454545457 ], [ -65.535284363636364, -10.493605454545456 ], [ -65.658332363636362, -10.567504454545457 ], [ -65.759168363636363, -10.684162454545458 ], [ -65.770571363636364, -10.694449454545456 ], [ -65.878346363636368, -10.784728454545458 ], [ -65.938898363636369, -10.803610454545456 ], [ -66.00250136363637, -10.790002454545458 ], [ -66.01583936363636, -10.790839454545456 ], [ -66.020843363636359, -10.792783454545457 ], [ -66.030563363636361, -10.796941454545458 ], [ -66.043946363636366, -10.807012454545458 ], [ -66.047501363636371, -10.881667454545457 ], [ -66.079451363636366, -10.967500454545458 ], [ -66.087236363636364, -10.973611454545456 ], [ -66.097784363636364, -10.977220454545456 ], [ -66.111950363636367, -10.977220454545456 ], [ -66.123902363636361, -10.974160454545459 ], [ -66.138338363636365, -10.988605454545457 ], [ -66.14445836363636, -10.997227454545456 ], [ -66.162512363636367, -11.107504454545456 ], [ -66.270845363636369, -11.259730454545458 ], [ -66.27944936363636, -11.279161454545456 ], [ -66.275012363636364, -11.289718454545458 ], [ -66.268343363636362, -11.296666454545456 ], [ -66.241676363636373, -11.312227454545457 ], [ -66.234458363636364, -11.318887454545457 ], [ -66.236393363636367, -11.328886454545458 ], [ -66.245006363636364, -11.333332454545456 ], [ -66.321947363636369, -11.355553454545458 ], [ -66.400013363636361, -11.389726454545457 ], [ -66.425843363636361, -11.405557454545455 ], [ -66.45305936363637, -11.423611454545458 ], [ -66.460556363636371, -11.430838454545459 ], [ -66.597500363636371, -11.428057454545456 ], [ -66.617237363636363, -11.430001454545458 ], [ -66.67279436363637, -11.439730454545458 ], [ -66.682784363636372, -11.443339454545455 ], [ -66.692513363636365, -11.453338454545456 ], [ -66.700559363636373, -11.474731454545456 ], [ -66.723887363636365, -11.571949454545457 ], [ -66.714734363636367, -11.641393454545458 ], [ -66.76501736363636, -11.683891454545456 ], [ -66.809441363636367, -11.694727454545458 ], [ -66.895841363636364, -11.724445454545457 ], [ -66.90639836363637, -11.729998454545456 ], [ -66.913895363636371, -11.748889454545456 ], [ -66.930554363636361, -11.906659454545458 ], [ -66.899738363636359, -11.959444454545459 ], [ -66.896120363636371, -11.970001454545457 ], [ -66.869174363636361, -12.051388454545457 ], [ -66.866672363636368, -12.061945454545459 ], [ -66.869174363636361, -12.083050454545457 ], [ -66.886130363636369, -12.224998454545457 ], [ -66.888335363636372, -12.235834454545458 ], [ -66.920294363636373, -12.311947454545457 ], [ -66.944450363636363, -12.398608454545457 ], [ -66.945557363636368, -12.408886454545456 ], [ -66.934172363636364, -12.463606454545456 ], [ -66.953333363636361, -12.554731454545458 ], [ -66.96670736363636, -12.581542454545456 ], [ -66.939185363636369, -12.623338454545458 ], [ -66.936674363636371, -12.633886454545458 ], [ -66.96138836363636, -12.734164454545457 ], [ -67.025846363636362, -12.955834454545457 ], [ -67.046105363636372, -13.021660454545458 ], [ -67.054457363636359, -13.035556454545457 ], [ -67.064996363636368, -13.033054454545457 ], [ -67.07223236363636, -13.023055454545457 ], [ -67.083068363636372, -13.014442454545456 ], [ -67.092788363636359, -13.011112454545458 ], [ -67.104443363636364, -13.017502454545458 ], [ -67.174454363636372, -13.118338454545459 ], [ -67.200833363636363, -13.168054454545459 ], [ -67.206395363636361, -13.178053454545456 ], [ -67.21583636363637, -13.184443454545455 ], [ -67.226672363636368, -13.186675454545458 ], [ -67.240280363636373, -13.192219454545459 ], [ -67.335284363636362, -13.298338454545458 ], [ -67.392497363636366, -13.384729454545457 ], [ -67.400849363636368, -13.406392454545458 ], [ -67.402784363636371, -13.417228454545459 ], [ -67.402505363636365, -13.426948454545457 ], [ -67.384172363636367, -13.523338454545456 ], [ -67.380005363636371, -13.536109454545457 ], [ -67.369736363636363, -13.541941454545459 ], [ -67.359170363636366, -13.543336454545457 ], [ -67.344455363636371, -13.549996454545457 ], [ -67.349162363636367, -13.569724454545458 ], [ -67.433627363636361, -13.685284454545457 ], [ -67.44416636363637, -13.695004454545458 ], [ -67.465280363636367, -13.697497454545456 ], [ -67.473614363636372, -13.707226454545456 ], [ -67.477781363636367, -13.716667454545458 ], [ -67.49890436363637, -13.775554454545457 ], [ -67.538891363636367, -14.007223454545457 ], [ -67.533617363636367, -14.113333454545458 ], [ -67.524734363636369, -14.199166454545455 ], [ -67.521665363636359, -14.210839454545457 ], [ -67.561112363636369, -14.307220454545458 ], [ -67.534724363636371, -14.468050454545455 ], [ -67.539467363636362, -14.563612454545456 ], [ -67.618055363636373, -14.768056454545459 ], [ -67.62889136363637, -14.790277454545457 ], [ -67.680551363636368, -14.875003454545457 ], [ -67.758050363636372, -14.982499454545458 ], [ -67.765016363636363, -14.993335454545456 ], [ -67.765016363636363, -15.002785454545457 ], [ -67.708073363636359, -15.084721454545456 ], [ -67.683989363636371, -15.118723454545457 ], [ -67.700009363636369, -15.133339454545457 ], [ -67.701953363636363, -15.144166454545456 ], [ -67.706120363636373, -15.261661454545457 ], [ -67.705004363636363, -15.281659454545458 ], [ -67.701404363636371, -15.292225454545456 ], [ -67.676114363636373, -15.338890454545457 ], [ -67.654442363636363, -15.361948454545455 ], [ -67.628063363636372, -15.392224454545456 ], [ -67.632239363636373, -15.403609454545457 ], [ -67.640834363636372, -15.414166454545455 ], [ -67.651130363636369, -15.419728454545456 ], [ -67.714175363636372, -15.452497454545458 ], [ -67.737503363636364, -15.463054454545457 ], [ -67.836674363636362, -15.488335454545457 ], [ -67.848068363636372, -15.489730454545459 ], [ -67.858067363636366, -15.488056454545458 ], [ -67.903067363636367, -15.474727454545459 ], [ -67.912778363636363, -15.469444454545457 ], [ -68.020571363636364, -15.389731454545458 ], [ -68.051117363636365, -15.362497454545458 ], [ -68.059172363636364, -15.353335454545459 ], [ -68.10527936363637, -15.308056454545458 ], [ -68.126681363636365, -15.299443454545457 ], [ -68.195846363636363, -15.284998454545455 ], [ -68.216942363636363, -15.291946454545457 ], [ -68.249999363636363, -15.295285454545457 ], [ -68.368052363636366, -15.290281454545458 ], [ -68.42167436363637, -15.279166454545457 ], [ -68.441681363636363, -15.277501454545458 ], [ -68.45251736363636, -15.281659454545458 ], [ -68.472227363636364, -15.300550454545458 ], [ -68.518892363636368, -15.355279454545457 ], [ -68.561399363636369, -15.399163454545459 ], [ -68.712509363636372, -15.506389454545456 ], [ -68.785283363636367, -15.546394454545457 ], [ -68.805848363636372, -15.552226454545458 ], [ -68.838626363636365, -15.550552454545457 ], [ -68.872223363636365, -15.540283454545456 ], [ -68.987792363636359, -15.488605454545457 ], [ -68.998898363636371, -15.482503454545459 ], [ -69.020570363636367, -15.463333454545456 ], [ -69.051953363636372, -15.431392454545456 ], [ -69.059441363636367, -15.420556454545459 ] ] ] } },
{ "type": "Feature", "properties": { "NAME": "Amazon", "SYSTEM": "Amazon", "MILES": 1890.42772, "KILOMETERS": 3042.35459 }, "geometry": { "type": "MultiLineString", "coordinates": [ [ [ -73.507898363636372, -4.459834454545458 ], [ -73.45141436363636, -4.427785454545457 ], [ -73.456679363636368, -4.30610545454546 ], [ -73.364456363636364, -4.217779454545457 ], [ -73.371674363636359, -4.100284454545459 ], [ -73.216964363636365, -4.140001454545455 ], [ -73.155854363636365, -4.039444454545453 ], [ -73.22640536363636, -3.927502454545454 ], [ -73.175294363636368, -3.807784454545455 ], [ -73.238618363636363, -3.764728454545455 ], [ -73.235567363636363, -3.688057454545458 ], [ -73.115300363636365, -3.593053454545455 ], [ -73.074935363636371, -3.550591454545454 ], [ -72.999452363636365, -3.512197454545458 ], [ -72.911162363636365, -3.496843454545456 ], [ -72.85231136363636, -3.49045345454546 ], [ -72.808805363636367, -3.473821454545458 ], [ -72.794729363636364, -3.431593454545457 ], [ -72.76509236363637, -3.431593454545457 ], [ -72.74328536363636, -3.442447454545459 ], [ -72.60066236363636, -3.473002454545458 ], [ -72.512372363636359, -3.486583454545453 ], [ -72.46824536363637, -3.503566454545457 ], [ -72.447860363636366, -3.523933454545457 ], [ -72.42410036363637, -3.527326454545459 ], [ -72.37995536363637, -3.530728454545454 ], [ -72.288272363636366, -3.537514454545459 ], [ -72.240734363636363, -3.534121454545456 ], [ -72.216965363636362, -3.527326454545459 ], [ -72.091334363636363, -3.479788454545456 ], [ -72.040412363636364, -3.459421454545456 ], [ -71.952122363636363, -3.411883454545453 ], [ -71.907968363636371, -3.381319454545455 ], [ -71.887601363636364, -3.364345454545457 ], [ -71.863823363636371, -3.350764454545455 ], [ -71.833259363636373, -3.347362454545454 ], [ -71.812901363636371, -3.350764454545455 ], [ -71.775542363636362, -3.374524454545458 ], [ -71.76196136363636, -3.391507454545454 ], [ -71.73479936363637, -3.466207454545454 ], [ -71.73479936363637, -3.493369454545459 ], [ -71.741594363636366, -3.513745454545457 ], [ -71.744978363636363, -3.534121454545456 ], [ -71.748380363636372, -3.591847454545459 ], [ -71.748380363636372, -3.619009454545456 ], [ -71.741594363636366, -3.642778454545457 ], [ -71.711030363636368, -3.70050445454546 ], [ -71.694065363636369, -3.714085454545454 ], [ -71.619356363636371, -3.751435454545458 ], [ -71.58539936363637, -3.76501645454546 ], [ -71.565014363636365, -3.778597454545455 ], [ -71.548049363636366, -3.792178454545457 ], [ -71.537852363636361, -3.822742454545455 ], [ -71.469956363636371, -3.856699454545456 ], [ -71.446178363636363, -3.86349445454546 ], [ -71.419016363636359, -3.86349445454546 ], [ -71.38166636363637, -3.856699454545456 ], [ -71.330735363636364, -3.853297454545455 ], [ -71.252633363636363, -3.860092454545459 ], [ -71.225462363636368, -3.870280454545458 ], [ -71.20509536363636, -3.907630454545455 ], [ -71.201711363636363, -3.931399454545456 ], [ -71.181317363636367, -3.965356454545457 ], [ -71.167736363636365, -3.975544454545457 ], [ -71.147369363636372, -3.985723454545457 ], [ -71.110019363636368, -3.999313454545458 ], [ -71.059079363636371, -4.006099454545456 ], [ -71.035328363636367, -4.002706454545454 ], [ -71.008148363636366, -3.995920454545455 ], [ -70.902893363636366, -3.965356454545457 ], [ -70.831595363636367, -3.941587454545456 ], [ -70.811219363636368, -3.924613454545458 ], [ -70.777253363636362, -3.904237454545459 ], [ -70.73651036363637, -3.887254454545456 ], [ -70.70256236363636, -3.877075454545455 ], [ -70.607477363636363, -3.856699454545456 ], [ -70.549724363636372, -3.853333454545457 ], [ -70.544576363636367, -3.853162454545455 ], [ -70.528034363636365, -3.859336454545456 ], [ -70.500800363636372, -3.859336454545456 ], [ -70.479443363636364, -3.850003454545458 ], [ -70.423868363636359, -3.816136454545457 ], [ -70.406534363636368, -3.802501454545457 ], [ -70.362227363636364, -3.787813454545457 ], [ -70.341671363636365, -3.790000454545456 ], [ -70.323059363636361, -3.79916245454546 ], [ -70.234436363636362, -3.87127045454546 ], [ -70.181858363636366, -3.937456454545455 ], [ -70.162634363636371, -3.974896454545458 ], [ -70.144292363636367, -4.031866454545458 ], [ -70.136084363636371, -4.050901454545453 ], [ -70.123070363636373, -4.072357454545454 ], [ -70.040846363636362, -4.140550454545455 ], [ -69.988556363636363, -4.176082454545458 ], [ -69.956678363636371, -4.20944545454546 ], [ -69.95693036363636, -4.236868454545458 ], [ -69.950288363636361, -4.26250045454546 ], [ -69.960629363636372, -4.283272454545454 ], [ -69.972131363636365, -4.30101145454546 ], [ -69.93176636363637, -4.325284454545454 ], [ -69.884228363636367, -4.349053454545455 ], [ -69.850262363636361, -4.362634454545457 ], [ -69.795947363636373, -4.372822454545457 ], [ -69.73822136363637, -4.376215454545459 ], [ -69.680504363636359, -4.36602745454546 ], [ -69.622769363636365, -4.349053454545455 ], [ -69.578624363636365, -4.328677454545456 ], [ -69.541274363636361, -4.304908454545455 ], [ -69.493745363636364, -4.267567454545457 ], [ -69.412241363636369, -4.192858454545458 ], [ -69.402053363636369, -4.169089454545457 ], [ -69.402053363636369, -4.155508454545455 ], [ -69.419036363636366, -4.138525454545459 ], [ -69.442805363636367, -4.131739454545453 ], [ -69.49034336363637, -4.131739454545453 ], [ -69.503915363636366, -4.118158454545458 ], [ -69.507326363636366, -4.101184454545454 ], [ -69.493745363636364, -4.070620454545455 ], [ -69.476762363636368, -4.046842454545455 ], [ -69.452993363636367, -4.036663454545454 ], [ -69.412241363636369, -3.985723454545457 ], [ -69.395267363636364, -3.951775454545455 ], [ -69.395267363636364, -3.907630454545455 ], [ -69.398660363636367, -3.877075454545455 ], [ -69.419036363636366, -3.754828454545454 ], [ -69.425831363636362, -3.737854454545456 ], [ -69.425831363636362, -3.707290454545458 ], [ -69.402053363636369, -3.64617145454546 ], [ -69.354524363636372, -3.547702454545458 ], [ -69.334157363636365, -3.510352454545455 ], [ -69.320576363636363, -3.500164454545455 ], [ -69.038741363636362, -3.428866454545457 ], [ -69.011561363636361, -3.425464454545455 ], [ -68.92668236363636, -3.425464454545455 ], [ -68.828222363636371, -3.428866454545457 ], [ -68.756897363636369, -3.415276454545456 ], [ -68.695778363636364, -3.398302454545458 ], [ -68.590514363636359, -3.377926454545459 ], [ -68.386790363636365, -3.360943454545456 ], [ -68.267945363636372, -3.340576454545456 ], [ -68.108357363636372, -3.337183454545453 ], [ -68.06760536363636, -3.337183454545453 ], [ -68.030255363636371, -3.340576454545456 ], [ -68.009888363636364, -3.350764454545455 ], [ -67.986119363636362, -3.354157454545458 ], [ -67.965743363636363, -3.350764454545455 ], [ -67.952162363636361, -3.343969454545459 ], [ -67.92839336363636, -3.306619454545455 ], [ -67.918196363636369, -3.248902454545458 ], [ -67.921598363636363, -3.208141454545455 ], [ -67.938581363636359, -3.122677454545453 ], [ -67.938581363636359, -3.096091454545459 ], [ -67.908017363636361, -3.014596454545455 ], [ -67.887641363636362, -2.963674454545455 ], [ -67.874051363636369, -2.943298454545456 ], [ -67.850300363636364, -2.919529454545454 ], [ -67.772198363636363, -2.841427454545453 ], [ -67.728053363636363, -2.807470454545459 ], [ -67.683917363636368, -2.787103454545459 ], [ -67.64994236363637, -2.77691545454546 ], [ -67.534499363636371, -2.759932454545456 ], [ -67.473389363636372, -2.742967454545457 ], [ -67.453022363636364, -2.729377454545457 ], [ -67.439432363636371, -2.712403454545459 ], [ -67.398680363636359, -2.644489454545457 ], [ -67.351151363636362, -2.57318245454546 ], [ -67.33757036363636, -2.566387454545456 ], [ -67.313801363636372, -2.562994454545453 ], [ -67.290023363636365, -2.569780454545459 ], [ -67.273058363636366, -2.579968454545458 ], [ -67.259459363636367, -2.600344454545457 ], [ -67.245878363636365, -2.630908454545455 ], [ -67.225511363636372, -2.651284454545454 ], [ -67.201733363636365, -2.661463454545455 ], [ -67.171187363636363, -2.658070454545459 ], [ -67.13383736363636, -2.641087454545456 ], [ -67.113461363636361, -2.641087454545456 ], [ -67.096478363636365, -2.644489454545457 ], [ -67.082897363636363, -2.651284454545454 ], [ -67.069316363636361, -2.664865454545456 ], [ -67.06253036363637, -2.685232454545456 ], [ -67.031966363636371, -2.725984454545454 ], [ -67.008188363636364, -2.742967454545457 ], [ -66.987830363636363, -2.746351454545454 ], [ -66.970838363636361, -2.746351454545454 ], [ -66.953873363636362, -2.739565454545456 ], [ -66.947078363636365, -2.736163454545455 ], [ -66.93010436363636, -2.72258245454546 ], [ -66.909728363636361, -2.695420454545456 ], [ -66.885950363636368, -2.688625454545459 ], [ -66.868976363636364, -2.688625454545459 ], [ -66.835019363636363, -2.695420454545456 ], [ -66.818036363636367, -2.705608454545455 ], [ -66.76031936363637, -2.715796454545455 ], [ -66.736550363636368, -2.715796454545455 ], [ -66.699200363636365, -2.709001454545458 ], [ -66.682217363636369, -2.705608454545455 ], [ -66.66184136363637, -2.698822454545457 ], [ -66.624500363636372, -2.671651454545454 ], [ -66.600740363636362, -2.627506454545454 ], [ -66.597338363636368, -2.610532454545456 ], [ -66.597338363636368, -2.593558454545459 ], [ -66.604124363636359, -2.546020454545456 ], [ -66.607526363636367, -2.532439454545454 ], [ -66.607526363636367, -2.501875454545456 ], [ -66.600740363636362, -2.461123454545458 ], [ -66.593936363636359, -2.447542454545456 ], [ -66.583757363636366, -2.433961454545454 ], [ -66.556595363636362, -2.416987454545456 ], [ -66.478484363636369, -2.423773454545454 ], [ -66.420767363636372, -2.440756454545458 ], [ -66.413972363636361, -2.45433745454546 ], [ -66.403793363636368, -2.49848245454546 ], [ -66.400391363636359, -2.522242454545456 ], [ -66.386810363636371, -2.549413454545459 ], [ -66.369827363636361, -2.559601454545458 ], [ -66.33928136363636, -2.57318245454546 ], [ -66.318905363636361, -2.57318245454546 ], [ -66.291734363636365, -2.569780454545459 ], [ -66.267965363636364, -2.552806454545454 ], [ -66.247589363636365, -2.52903745454546 ], [ -66.234008363636363, -2.495080454545459 ], [ -66.193265363636371, -2.427175454545456 ], [ -66.176282363636361, -2.413594454545454 ], [ -66.159317363636362, -2.413594454545454 ], [ -66.138923363636366, -2.420380454545459 ], [ -66.118565363636364, -2.433961454545454 ], [ -66.111770363636367, -2.457739454545454 ], [ -66.088001363636366, -2.478106454545454 ], [ -66.067625363636367, -2.488294454545454 ], [ -66.050660363636368, -2.488294454545454 ], [ -65.975951363636369, -2.464525454545459 ], [ -65.863892363636367, -2.49848245454546 ], [ -65.829935363636366, -2.512063454545455 ], [ -65.81636336363637, -2.522242454545456 ], [ -65.795987363636371, -2.546020454545456 ], [ -65.765423363636373, -2.579968454545458 ], [ -65.721278363636372, -2.613925454545459 ], [ -65.700911363636365, -2.620720454545456 ], [ -65.66355236363637, -2.620720454545456 ], [ -65.602442363636371, -2.603746454545458 ], [ -65.54472536363636, -2.603746454545458 ], [ -65.520956363636373, -2.613925454545459 ], [ -65.503964363636371, -2.624122454545457 ], [ -65.459126363636372, -2.661373454545455 ], [ -65.422469363636367, -2.695420454545456 ], [ -65.37494036363637, -2.725984454545454 ], [ -65.347778363636365, -2.739565454545456 ], [ -65.330795363636369, -2.742967454545457 ], [ -65.262881363636367, -2.742967454545457 ], [ -65.235719363636363, -2.756548454545459 ], [ -65.208557363636359, -2.790496454545455 ], [ -65.177993363636361, -2.855008454545455 ], [ -65.147429363636363, -2.892367454545457 ], [ -65.059157363636359, -2.990836454545459 ], [ -65.045567363636366, -3.004417454545454 ], [ -65.001440363636362, -3.041767454545457 ], [ -64.970876363636364, -3.058741454545455 ], [ -64.940312363636366, -3.072331454545456 ], [ -64.899560363636368, -3.09949345454546 ], [ -64.831646363636366, -3.150424454545458 ], [ -64.784729363636359, -3.205180454545456 ], [ -64.760348363636368, -3.225124454545458 ], [ -64.699220363636371, -3.282850454545454 ], [ -64.66526336363637, -3.316807454545454 ], [ -64.62452936363637, -3.343969454545459 ], [ -64.55321336363636, -3.381319454545455 ], [ -64.49888036363636, -3.425464454545455 ], [ -64.471727363636361, -3.459421454545456 ], [ -64.454744363636365, -3.486583454545453 ], [ -64.437761363636369, -3.520540454545454 ], [ -64.397018363636363, -3.564685454545454 ], [ -64.369856363636359, -3.57147145454546 ], [ -64.332497363636364, -3.588445454545457 ], [ -64.301933363636365, -3.605428454545454 ], [ -64.244216363636369, -3.656359454545459 ], [ -64.162721363636365, -3.703897454545455 ], [ -64.084628363636369, -3.727666454545457 ], [ -64.006526363636368, -3.754828454545454 ], [ -63.982757363636367, -3.771811454545457 ], [ -63.958988363636365, -3.792178454545457 ], [ -63.948800363636366, -3.805759454545459 ], [ -63.92504036363637, -3.809161454545453 ], [ -63.806195363636363, -3.832930454545455 ], [ -63.75865736363636, -3.846511454545457 ], [ -63.728102363636367, -3.860092454545459 ], [ -63.711110363636365, -3.873673454545454 ], [ -63.690743363636372, -3.877075454545455 ], [ -63.656777363636365, -3.877075454545455 ], [ -63.629624363636367, -3.866878454545457 ], [ -63.595667363636366, -3.849913454545458 ], [ -63.558317363636363, -3.843118454545454 ], [ -63.507377363636365, -3.846511454545457 ], [ -63.466634363636359, -3.86349445454546 ], [ -63.357977363636365, -3.904237454545459 ], [ -63.283277363636373, -3.928006454545454 ], [ -63.222158363636368, -3.941587454545456 ], [ -63.18140636363637, -3.944980454545458 ], [ -63.167825363636368, -3.951775454545455 ], [ -63.161039363636363, -3.958561454545453 ], [ -63.157637363636368, -3.968758454545458 ], [ -63.161039363636363, -4.006099454545456 ], [ -63.154244363636366, -4.029868454545458 ], [ -63.148331363636359, -4.040839454545456 ], [ -63.133868363636367, -4.057039454545453 ], [ -63.10331336363636, -4.067218454545454 ], [ -63.059159363636368, -4.067218454545454 ], [ -63.038801363636367, -4.057039454545453 ], [ -62.967494363636362, -4.009501454545457 ], [ -62.892785363636364, -3.958561454545453 ], [ -62.78412836363637, -3.900835454545458 ], [ -62.750171363636369, -3.883861454545453 ], [ -62.726402363636367, -3.877075454545455 ], [ -62.638121363636373, -3.883861454545453 ], [ -62.593985363636364, -3.880459454545459 ], [ -62.543045363636367, -3.866878454545457 ], [ -62.515883363636362, -3.856699454545456 ], [ -62.468345363636359, -3.829537454545459 ], [ -62.437781363636361, -3.809161454545453 ], [ -62.420807363636371, -3.771811454545457 ], [ -62.417405363636362, -3.74464945454546 ], [ -62.346107363636364, -3.710692454545459 ], [ -62.227253363636365, -3.785392454545459 ], [ -62.12878436363637, -3.829537454545459 ], [ -62.050691363636361, -3.866878454545457 ], [ -61.999751363636364, -3.900835454545458 ], [ -61.962410363636366, -3.928006454545454 ], [ -61.938632363636373, -3.941587454545456 ], [ -61.911470363636369, -3.94838245454546 ], [ -61.85714636363636, -3.94838245454546 ], [ -61.826582363636362, -3.93819445454546 ], [ -61.670387363636365, -3.873673454545454 ], [ -61.646618363636364, -3.856699454545456 ], [ -61.595687363636372, -3.781999454545456 ], [ -61.517585363636371, -3.693709454545456 ], [ -61.488848363636365, -3.672154454545456 ], [ -61.476842363636365, -3.663154454545456 ], [ -61.412330363636372, -3.622411454545457 ], [ -61.391954363636373, -3.612214454545459 ], [ -61.347818363636364, -3.605428454545454 ], [ -61.154264363636372, -3.595240454545454 ], [ -61.096547363636361, -3.595240454545454 ], [ -61.072769363636368, -3.598633454545457 ], [ -60.987881363636362, -3.61561645454546 ], [ -60.896198363636373, -3.602026454545459 ], [ -60.879224363636368, -3.591847454545459 ], [ -60.858857363636361, -3.574864454545455 ], [ -60.801140363636364, -3.510352454545455 ], [ -60.787541363636365, -3.493369454545459 ], [ -60.74340536363637, -3.418669454545459 ], [ -60.723029363636371, -3.38810545454546 ], [ -60.689081363636362, -3.347362454545454 ], [ -60.641534363636367, -3.326986454545455 ], [ -60.424229363636371, -3.313405454545453 ], [ -60.32914436363636, -3.29303845454546 ], [ -60.281606363636371, -3.299824454545458 ], [ -60.251051363636364, -3.306619454545455 ], [ -60.227282363636363, -3.320200454545457 ], [ -60.179735363636368, -3.330388454545457 ], [ -60.162761363636363, -3.330388454545457 ], [ -60.091463363636365, -3.310021454545456 ], [ -59.972618363636371, -3.262483454545453 ], [ -59.938661363636371, -3.242098454545456 ], [ -59.90470436363637, -3.214936454545459 ], [ -59.89451636363637, -3.191176454545456 ], [ -59.89451636363637, -3.17419345454546 ], [ -59.911490363636361, -3.150424454545458 ], [ -59.900744363636363, -3.131848454545455 ], [ -59.87474336363637, -3.10585645454546 ], [ -59.83720436363636, -3.091411454545458 ], [ -59.747654363636371, -3.065410454545457 ], [ -59.721653363636364, -3.065410454545457 ], [ -59.67832736363637, -3.071188454545457 ], [ -59.635001363636363, -3.085633454545459 ], [ -59.597453363636362, -3.111625454545454 ], [ -59.565683363636367, -3.128959454545459 ], [ -59.496356363636366, -3.128959454545459 ], [ -59.406806363636363, -3.157849454545456 ], [ -59.351924363636371, -3.180952454545455 ], [ -59.334590363636366, -3.198277454545455 ], [ -59.273939363636359, -3.218509454545455 ], [ -59.161277363636358, -3.24739045454546 ], [ -59.094848363636359, -3.250279454545456 ], [ -59.065967363636361, -3.238723454545458 ], [ -59.028410363636368, -3.232945454545458 ], [ -58.996640363636359, -3.241621454545459 ], [ -58.96775036363637, -3.256057454545456 ], [ -58.909979363636367, -3.302272454545459 ], [ -58.840652363636366, -3.34559845454546 ], [ -58.745324363636371, -3.342709454545457 ], [ -58.714058363636369, -3.337030454545456 ], [ -58.624022363636371, -3.302272454545459 ], [ -58.592234363636365, -3.270502454545458 ], [ -58.572020363636369, -3.244501454545457 ], [ -58.55469536363637, -3.209833454545453 ], [ -58.531583363636372, -3.186730454545454 ], [ -58.50847136363636, -3.16650745454546 ], [ -58.47958136363637, -3.157849454545456 ], [ -58.462256363636371, -3.157849454545456 ], [ -58.433375363636372, -3.172294454545458 ], [ -58.303379363636367, -3.206953454545456 ], [ -58.239839363636364, -3.20406445454546 ], [ -58.216727363636366, -3.195397454545457 ], [ -58.199393363636361, -3.180952454545455 ], [ -58.184957363636371, -3.160738454545459 ], [ -58.170512363636362, -3.12318145454546 ], [ -58.167623363636366, -3.071188454545457 ], [ -58.14452036363636, -2.955646454545459 ], [ -58.11563036363637, -2.889208454545454 ], [ -58.098296363636365, -2.866096454545456 ], [ -58.052081363636361, -2.837215454545458 ], [ -57.994310363636359, -2.817001454545455 ], [ -57.88454636363636, -2.782333454545459 ], [ -57.858554363636372, -2.782333454545459 ], [ -57.789227363636371, -2.744785454545458 ], [ -57.705464363636366, -2.666791454545454 ], [ -57.66790736363636, -2.623465454545453 ], [ -57.61880336363636, -2.551258454545454 ], [ -57.561023363636366, -2.424151454545459 ], [ -57.529253363636371, -2.40104845454546 ], [ -57.497483363636363, -2.389492454545454 ], [ -57.45703736363636, -2.389492454545454 ], [ -57.422378363636369, -2.395270454545454 ], [ -57.39060836363636, -2.412604454545459 ], [ -57.361718363636371, -2.435707454545458 ], [ -57.321281363636359, -2.490589454545457 ], [ -57.220184363636363, -2.562805454545455 ], [ -57.191303363636365, -2.568583454545454 ], [ -57.159524363636365, -2.568583454545454 ], [ -57.06419636363637, -2.528146454545457 ], [ -57.041660363636367, -2.515249454545454 ], [ -56.993051363636368, -2.519722454545459 ], [ -56.936675363636368, -2.538613454545455 ], [ -56.900279363636372, -2.556667454545455 ], [ -56.777780363636367, -2.589445454545455 ], [ -56.731673363636361, -2.59000345454546 ], [ -56.701667363636361, -2.584999454545454 ], [ -56.663606363636362, -2.573335454545457 ], [ -56.575838363636365, -2.535553454545457 ], [ -56.493335363636362, -2.473336454545453 ], [ -56.467505363636363, -2.444167454545457 ], [ -56.448614363636366, -2.402497454545454 ], [ -56.428067363636359, -2.375002454545459 ], [ -56.380565363636364, -2.334448454545459 ], [ -56.29007036363636, -2.236402454545455 ], [ -56.24096636363636, -2.198854454545454 ], [ -56.203418363636359, -2.181520454545456 ], [ -56.070542363636363, -2.051533454545456 ], [ -56.053208363636372, -2.031319454545454 ], [ -56.018549363636367, -2.00531845454546 ], [ -55.969445363636368, -1.993762454545454 ], [ -55.874117363636358, -1.993762454545454 ], [ -55.787465363636372, -1.985104454545457 ], [ -55.726805363636359, -1.964881454545456 ], [ -55.695026363636359, -1.947547454545457 ], [ -55.671914363636361, -1.927324454545456 ], [ -55.640153363636372, -1.90711045454546 ], [ -55.614152363636364, -1.904221454545457 ], [ -55.576604363636363, -1.909999454545456 ], [ -55.541936363636367, -1.921555454545455 ], [ -55.521722363636371, -1.938880454545455 ], [ -55.440848363636363, -1.987993454545453 ], [ -55.391726363636366, -2.008207454545456 ], [ -55.377290363636362, -2.042875454545459 ], [ -55.293527363636372, -2.126638454545457 ], [ -55.253081363636369, -2.141083454545459 ], [ -55.203977363636369, -2.152639454545458 ], [ -55.157762363636365, -2.161297454545455 ], [ -55.073999363636361, -2.164186454545458 ], [ -55.016228363636372, -2.14685245454546 ], [ -54.918020363636359, -2.080414454545455 ], [ -54.863129363636361, -2.071756454545458 ], [ -54.741818363636369, -2.143963454545457 ], [ -54.643601363636364, -2.242180454545455 ], [ -54.640721363636359, -2.35772245454546 ], [ -54.60575636363636, -2.430163454545458 ], [ -54.56560736363636, -2.461708454545459 ], [ -54.447185363636365, -2.458819454545456 ], [ -54.28253936363636, -2.432818454545455 ], [ -54.244991363636359, -2.424151454545459 ], [ -54.210314363636371, -2.409715454545456 ], [ -54.115004363636359, -2.366380454545457 ], [ -54.094781363636372, -2.351944454545453 ], [ -54.080336363636363, -2.334610454545455 ], [ -54.06878936363637, -2.299942454545459 ], [ -54.054335363636369, -2.242180454545455 ], [ -54.04277936363637, -2.167075454545454 ], [ -54.034121363636359, -2.135296454545454 ], [ -54.019676363636364, -2.100637454545456 ], [ -53.982128363636363, -2.054431454545458 ], [ -53.912801363636362, -1.996651454545457 ], [ -53.80881536363637, -1.930222454545458 ], [ -53.736599363636358, -1.895554454545454 ], [ -53.560397363636369, -1.86378445454546 ], [ -53.323535363636367, -1.808902454545454 ], [ -53.231096363636368, -1.791559454545457 ], [ -53.135777363636365, -1.774234454545457 ], [ -53.037569363636365, -1.736677454545458 ], [ -52.948028363636368, -1.664470454545459 ], [ -52.910471363636361, -1.626922454545458 ] ], [ [ -52.910471363636361, -1.626922454545458 ], [ -52.832495363636369, -1.595143454545457 ], [ -52.742945363636366, -1.592254454545454 ], [ -52.708394363636359, -1.58362345454546 ] ] ] } },
{ "type": "Feature", "properties": { "NAME": "Madeira", "SYSTEM": "Amazon", "MILES": 840.96934, "KILOMETERS": 1353.41167 }, "geometry": { "type": "MultiLineString", "coordinates": [ [ [ -65.395847363636364, -10.393327454545457 ], [ -65.388899363636369, -10.372501454545457 ], [ -65.378198363636372, -10.354861454545457 ], [ -65.347931363636363, -10.325557454545457 ], [ -65.324729363636365, -10.306810454545456 ], [ -65.311526363636361, -10.288756454545457 ], [ -65.289170363636359, -10.217782454545457 ], [ -65.288621363636366, -10.195417454545456 ], [ -65.303750363636368, -10.100836454545458 ], [ -65.313065363636369, -10.075285454545458 ], [ -65.330417363636371, -10.043893454545458 ], [ -65.336456363636373, -9.947080454545457 ], [ -65.322722363636359, -9.903547454545457 ], [ -65.301806363636359, -9.842158454545459 ], [ -65.341946363636367, -9.762499454545456 ], [ -65.376956363636367, -9.703333454545458 ], [ -65.406881363636359, -9.686251454545456 ], [ -65.442008363636361, -9.679258454545458 ], [ -65.445842363636359, -9.678052454545458 ], [ -65.448623363636372, -9.675280454545458 ], [ -65.452223363636364, -9.665002454545458 ], [ -65.452790363636367, -9.658612454545455 ], [ -65.451404363636371, -9.646111454545458 ], [ -65.443070363636366, -9.633610454545458 ], [ -65.439731363636369, -9.630280454545456 ], [ -65.396117363636364, -9.610552454545456 ], [ -65.37862136363637, -9.600283454545458 ], [ -65.364725363636367, -9.579448454545457 ], [ -65.359451363636367, -9.557218454545456 ], [ -65.350280363636372, -9.538336454545458 ], [ -65.343332363636364, -9.531388454545457 ], [ -65.32778936363637, -9.525835454545458 ], [ -65.314451363636365, -9.524998454545457 ], [ -65.302508363636363, -9.527230454545457 ], [ -65.208620363636371, -9.558334454545456 ], [ -65.195012363636366, -9.566110454545456 ], [ -65.174456363636367, -9.586108454545457 ], [ -65.166122363636362, -9.591391454545455 ], [ -65.150552363636365, -9.596944454545458 ], [ -65.13806036363637, -9.598339454545457 ], [ -65.09027936363637, -9.596674454545457 ], [ -65.079182363636363, -9.593893454545459 ], [ -65.049455363636369, -9.581113454545456 ], [ -65.033066363636365, -9.578332454545457 ], [ -65.020277363636367, -9.579448454545457 ], [ -65.003348363636363, -9.583606454545457 ], [ -64.965278363636372, -9.601390454545456 ], [ -64.952516363636363, -9.602785454545458 ], [ -64.939457363636365, -9.601948454545457 ], [ -64.929737363636363, -9.597781454545459 ], [ -64.842230363636361, -9.545284454545456 ], [ -64.833617363636364, -9.539722454545458 ], [ -64.823339363636364, -9.529165454545456 ], [ -64.818614363636371, -9.520282454545455 ], [ -64.814996363636368, -9.509725454545457 ], [ -64.813619363636363, -9.490285454545457 ], [ -64.819451363636361, -9.461386454545458 ], [ -64.835552363636367, -9.407503454545456 ], [ -64.835552363636367, -9.388054454545458 ], [ -64.83278036363636, -9.383887454545455 ], [ -64.81807436363637, -9.377497454545455 ], [ -64.804736363636366, -9.378334454545456 ], [ -64.781399363636368, -9.382780454545458 ], [ -64.761131363636366, -9.381943454545457 ], [ -64.750835363636369, -9.378613454545455 ], [ -64.738343363636361, -9.370279454545457 ], [ -64.72557236363636, -9.354997454545458 ], [ -64.712783363636362, -9.322228454545456 ], [ -64.707779363636362, -9.313336454545457 ], [ -64.698059363636361, -9.301942454545458 ], [ -64.681949363636363, -9.290278454545458 ], [ -64.648343363636371, -9.274726454545458 ], [ -64.623332363636365, -9.258058454545456 ], [ -64.620011363636365, -9.254449454545458 ], [ -64.607789363636371, -9.237781454545456 ], [ -64.601120363636369, -9.223894454545459 ], [ -64.59279536363637, -9.196948454545456 ], [ -64.587512363636364, -9.188605454545456 ], [ -64.580294363636369, -9.181666454545457 ], [ -64.530020363636368, -9.161947454545459 ], [ -64.512506363636362, -9.158338454545458 ], [ -64.506116363636366, -9.158887454545457 ], [ -64.477235363636368, -9.170281454545457 ], [ -64.464176363636369, -9.178057454545456 ], [ -64.433900363636369, -9.189442454545457 ], [ -64.410572363636362, -9.194167454545457 ], [ -64.396118363636361, -9.194725454545456 ], [ -64.38556136363637, -9.192502454545458 ], [ -64.375832363636363, -9.188335454545456 ], [ -64.363061363636362, -9.180001454545458 ], [ -64.349723363636372, -9.165277454545457 ], [ -64.327520363636367, -9.131941454545458 ], [ -64.305551363636368, -9.091666454545457 ], [ -64.282223363636362, -9.038890454545456 ], [ -64.267229363636361, -9.021394454545458 ], [ -64.242785363636372, -9.010837454545456 ], [ -64.229168363636362, -9.011386454545455 ], [ -64.219457363636366, -9.015553454545458 ], [ -64.207496363636366, -9.017497454545456 ], [ -64.194734363636371, -9.018613454545456 ], [ -64.182782363636363, -9.016390454545459 ], [ -64.168337363636368, -9.010000454545455 ], [ -64.130006363636369, -8.992504454545458 ], [ -64.088057363636366, -8.971390454545457 ], [ -64.076951363636368, -8.961661454545457 ], [ -64.068617363636363, -8.949160454545456 ], [ -64.06584536363637, -8.938054454545458 ], [ -64.071668363636363, -8.922781454545458 ], [ -64.084457363636361, -8.907778454545458 ], [ -64.088903363636362, -8.898058454545456 ], [ -64.090280363636367, -8.885557454545456 ], [ -64.088903363636362, -8.880004454545457 ], [ -64.068887363636364, -8.858332454545458 ], [ -64.057511363636365, -8.849998454545457 ], [ -64.043624363636368, -8.843050454545455 ], [ -64.00055936363637, -8.830279454545458 ], [ -63.980840363636361, -8.821666454545458 ], [ -63.924725363636369, -8.766676454545458 ], [ -63.917228363636369, -8.753338454545457 ], [ -63.914996363636362, -8.741386454545456 ], [ -63.884171363636369, -8.636113454545455 ], [ -63.858611363636371, -8.634448454545456 ], [ -63.825284363636371, -8.625835454545456 ], [ -63.815564363636369, -8.621659454545458 ], [ -63.677783363636365, -8.549722454545456 ], [ -63.571403363636364, -8.489728454545457 ], [ -63.492041363636361, -8.437861454545455 ], [ -63.458336363636363, -8.410555454545456 ], [ -63.431948363636366, -8.381107454545457 ], [ -63.38110736363636, -8.292781454545455 ], [ -63.349445363636363, -8.200279454545456 ], [ -63.339725363636362, -8.182216454545458 ], [ -63.332777363636367, -8.175277454545459 ], [ -63.317513363636365, -8.169724454545456 ], [ -63.305003363636359, -8.170840454545456 ], [ -63.297785363636365, -8.177779454545458 ], [ -63.278894363636368, -8.207227454545457 ], [ -63.271667363636368, -8.214175454545458 ], [ -63.25333436363637, -8.223607454545458 ], [ -63.242228363636372, -8.226109454545458 ], [ -63.221942363636359, -8.226667454545456 ], [ -63.200279363636369, -8.221672454545455 ], [ -63.164729363636368, -8.208055454545455 ], [ -63.083891363636369, -8.176672454545457 ], [ -63.065567363636362, -8.167501454545455 ], [ -63.019442363636372, -8.143336454545455 ], [ -63.00306236363636, -8.131942454545456 ], [ -62.936957363636367, -8.079445454545457 ], [ -62.883434363636368, -8.032753454545457 ], [ -62.875838363636362, -8.022502454545457 ], [ -62.866109363636369, -7.997500454545456 ], [ -62.856119363636367, -7.952500454545458 ], [ -62.856389363636367, -7.938613454545457 ], [ -62.861672363636359, -7.915834454545458 ], [ -62.900282363636364, -7.834717454545459 ], [ -62.930558363636365, -7.778332454545456 ], [ -62.936957363636367, -7.764166454545457 ], [ -62.937785363636365, -7.750837454545458 ], [ -62.935832363636365, -7.739164454545456 ], [ -62.93250236363636, -7.728607454545458 ], [ -62.920838363636364, -7.705837454545456 ], [ -62.918894363636369, -7.689727454545459 ], [ -62.924447363636361, -7.660279454545456 ], [ -62.938901363636361, -7.598053454545457 ], [ -62.948333363636365, -7.578892454545457 ], [ -62.966117363636371, -7.554997454545457 ], [ -62.99499836363637, -7.535278454545455 ], [ -63.009173363636364, -7.521661454545455 ], [ -63.021665363636359, -7.499449454545456 ], [ -63.024725363636364, -7.488613454545458 ], [ -63.02500436363637, -7.474726454545458 ], [ -63.023609363636368, -7.462225454545457 ], [ -63.020279363636362, -7.451947454545458 ], [ -63.011945363636372, -7.439167454545458 ], [ -62.988887363636366, -7.414165454545458 ], [ -62.969456363636368, -7.384726454545458 ], [ -62.957225363636368, -7.362496454545457 ], [ -62.942510363636359, -7.329160454545455 ], [ -62.938334363636372, -7.312501454545458 ], [ -62.93250236363636, -7.270282454545455 ], [ -62.92222436363636, -7.212223454545455 ], [ -62.918336363636371, -7.195555454545456 ], [ -62.871941363636367, -7.036660454545459 ], [ -62.856389363636367, -7.010281454545456 ], [ -62.848892363636367, -7.003891454545457 ], [ -62.837777363636363, -7.000840454545457 ], [ -62.823890363636366, -7.000840454545457 ], [ -62.776388363636372, -7.008607454545455 ], [ -62.763059363636373, -7.007500454545458 ], [ -62.730002363636359, -6.998887454545457 ], [ -62.707781363636371, -6.986107454545458 ], [ -62.700833363636363, -6.979159454545456 ], [ -62.684444363636359, -6.954166454545458 ], [ -62.673617363636367, -6.930550454545457 ], [ -62.668334363636362, -6.901390454545457 ], [ -62.669441363636366, -6.874444454545458 ], [ -62.662223363636372, -6.861106454545457 ], [ -62.645564363636367, -6.843052454545457 ], [ -62.584445363636362, -6.779449454545457 ], [ -62.568605363636365, -6.767497454545456 ], [ -62.558336363636371, -6.763888454545455 ], [ -62.532497363636367, -6.762781454545458 ], [ -62.498333363636362, -6.769999454545456 ], [ -62.46777836363637, -6.773608454545457 ], [ -62.420285363636367, -6.771664454545459 ], [ -62.40027836363636, -6.763609454545456 ], [ -62.382224363636368, -6.753889454545458 ], [ -62.365835363636364, -6.742504454545458 ], [ -62.357780363636365, -6.730003454545457 ], [ -62.353892363636362, -6.720283454545456 ], [ -62.332229363636372, -6.652216454545457 ], [ -62.330285363636364, -6.640552454545457 ], [ -62.333615363636369, -6.622498454545457 ], [ -62.339726363636359, -6.615001454545457 ], [ -62.327783363636371, -6.535279454545456 ], [ -62.301674363636366, -6.499720454545457 ], [ -62.273333363636368, -6.452497454545458 ], [ -62.26306436363636, -6.427504454545456 ], [ -62.245838363636366, -6.383053454545458 ], [ -62.239169363636364, -6.355279454545457 ], [ -62.235551363636361, -6.324715454545458 ], [ -62.234453363636362, -6.271660454545458 ], [ -62.229728363636369, -6.248053454545456 ], [ -62.22055736363636, -6.229999454545457 ], [ -62.175566363636364, -6.198337454545456 ], [ -62.166116363636363, -6.193891454545458 ], [ -62.154164363636369, -6.191659454545455 ], [ -62.142230363636372, -6.192217454545457 ], [ -62.115833363636369, -6.200002454545455 ], [ -62.07333536363636, -6.218047454545456 ], [ -62.031395363636364, -6.237496454545457 ], [ -61.950278363636372, -6.259717454545456 ], [ -61.933619363636367, -6.263605454545456 ], [ -61.920281363636363, -6.264163454545457 ], [ -61.908050363636363, -6.262498454545458 ], [ -61.857506363636361, -6.249997454545458 ], [ -61.842224363636362, -6.237496454545457 ], [ -61.83555536363636, -6.223591454545456 ], [ -61.831676363636362, -6.199948454545456 ], [ -61.831370363636367, -6.145939454545456 ], [ -61.82998436363637, -6.133420454545458 ], [ -61.825808363636369, -6.123682454545456 ], [ -61.820534363636369, -6.115339454545456 ], [ -61.813595363636367, -6.108382454545456 ], [ -61.773032363636361, -6.088114454545458 ], [ -61.744133363636365, -6.073318454545458 ], [ -61.694687363636362, -6.039406454545457 ], [ -61.677749363636366, -6.021910454545456 ], [ -61.67358236363637, -6.012190454545458 ], [ -61.670945363636363, -6.000004454545458 ], [ -61.670009363636368, -5.981941454545456 ], [ -61.676669363636364, -5.953888454545456 ], [ -61.679171363636371, -5.935285454545458 ], [ -61.676669363636364, -5.860000454545457 ], [ -61.670567363636366, -5.852215454545458 ], [ -61.661945363636363, -5.847220454545457 ], [ -61.634729363636367, -5.840551454545455 ], [ -61.610555363636365, -5.836663454545455 ], [ -61.596668363636368, -5.836393454545458 ], [ -61.57860536363637, -5.838886454545456 ], [ -61.458887363636364, -5.856391454545456 ], [ -61.327505363636362, -5.837500454545456 ], [ -61.321943363636365, -5.836105454545457 ], [ -61.30833536363636, -5.828887454545455 ], [ -61.301387363636366, -5.821948454545456 ], [ -61.296113363636366, -5.813605454545456 ], [ -61.290002363636361, -5.798890454545457 ], [ -61.281389363636364, -5.766391454545456 ], [ -61.269446363636362, -5.710285454545456 ], [ -61.257224363636368, -5.681107454545458 ], [ -61.251941363636362, -5.672503454545456 ], [ -61.245839363636364, -5.666392454545456 ], [ -61.228892363636362, -5.655556454545458 ], [ -61.083893363636363, -5.571109454545457 ], [ -61.065839363636371, -5.567779454545455 ], [ -61.060277363636359, -5.569165454545455 ], [ -60.991958363636371, -5.603887454545458 ], [ -60.980834363636362, -5.605003454545457 ], [ -60.968333363636361, -5.603338454545458 ], [ -60.948893363636373, -5.594725454545458 ], [ -60.741389363636372, -5.491666454545456 ], [ -60.730832363636367, -5.481667454545455 ], [ -60.726107363636359, -5.472784454545458 ], [ -60.723335363636366, -5.461660454545456 ], [ -60.723065363636366, -5.441392454545458 ], [ -60.730004363636368, -5.413339454545458 ], [ -60.740282363636368, -5.381947454545458 ], [ -60.740012363636367, -5.361949454545456 ], [ -60.733892363636372, -5.347216454545457 ], [ -60.71778236363636, -5.328892454545457 ], [ -60.706676363636362, -5.319163454545457 ], [ -60.692510363636359, -5.312503454545457 ], [ -60.64860836363637, -5.309731454545457 ], [ -60.621941363636367, -5.301667454545456 ], [ -60.584726363636364, -5.290003454545456 ], [ -60.564170363636364, -5.282497454545457 ], [ -60.555278363636361, -5.277502454545456 ], [ -60.52778336363636, -5.256388454545458 ], [ -60.407498363636364, -5.153887454545458 ], [ -60.374918363636368, -5.119318454545457 ], [ -60.301388363636363, -5.059999454545459 ], [ -60.275000363636366, -5.031388454545457 ], [ -60.243338363636369, -4.980277454545458 ], [ -60.220001363636371, -4.934998454545457 ], [ -60.212225363636364, -4.922497454545457 ], [ -60.202505363636362, -4.91111245454546 ], [ -60.193613363636359, -4.906108454545453 ], [ -60.18249836363637, -4.90333645454546 ], [ -60.16250936363636, -4.902220454545457 ], [ -60.128615363636371, -4.908889454545459 ], [ -60.08667536363636, -4.924729454545457 ], [ -60.081392363636368, -4.925836454545454 ], [ -60.068891363636368, -4.92416245454546 ], [ -60.058334363636362, -4.920553454545455 ], [ -60.04528436363637, -4.912777454545456 ], [ -59.940560363636365, -4.844449454545455 ], [ -59.93222636363636, -4.838608454545458 ], [ -59.923622363636369, -4.826665454545456 ], [ -59.919446363636368, -4.816945454545454 ], [ -59.918339363636363, -4.797784454545457 ], [ -59.928338363636371, -4.772503454545458 ], [ -59.93723036363636, -4.739446454545458 ], [ -59.938337363636364, -4.719448454545457 ], [ -59.93639336363637, -4.707784454545454 ], [ -59.926394363636362, -4.669714454545456 ], [ -59.915000363636366, -4.639726454545453 ], [ -59.830283363636369, -4.471111454545458 ], [ -59.819456363636363, -4.454443454545455 ], [ -59.770559363636366, -4.393612454545455 ], [ -59.755007363636366, -4.374442454545459 ], [ -59.732777363636359, -4.34861245454546 ], [ -59.725280363636372, -4.342231454545455 ], [ -59.716946363636367, -4.336390454545459 ], [ -59.706119363636361, -4.33360945454546 ], [ -59.700008363636371, -4.334167454545458 ], [ -59.680280363636371, -4.348891454545459 ], [ -59.659175363636365, -4.361941454545459 ], [ -59.622230363636362, -4.379716454545459 ], [ -59.603618363636372, -4.381390454545453 ], [ -59.580839363636372, -4.376107454545455 ], [ -59.571947363636369, -4.371112454545454 ], [ -59.565278363636367, -4.36416445454546 ], [ -59.555837363636371, -4.34611045454546 ], [ -59.54306636363637, -4.311109454545459 ], [ -59.530835363636371, -4.295836454545459 ], [ -59.513888363636369, -4.285000454545454 ], [ -59.452778363636369, -4.269160454545457 ], [ -59.399444363636363, -4.246111454545456 ], [ -59.39139836363637, -4.240279454545458 ], [ -59.38195736363636, -4.229164454545455 ], [ -59.378618363636363, -4.218607454545456 ], [ -59.364173363636368, -4.152214454545458 ], [ -59.356676363636367, -4.098889454545457 ], [ -59.338892363636361, -4.035277454545458 ], [ -59.333060363636363, -4.020553454545457 ], [ -59.325005363636365, -4.008052454545457 ], [ -59.309444363636359, -3.98916145454546 ], [ -59.281670363636366, -3.968605454545454 ], [ -59.155850363636361, -3.899737454545459 ], [ -59.109455363636371, -3.870280454545458 ], [ -59.090564363636361, -3.85444945454546 ], [ -59.080556363636362, -3.843334454545456 ], [ -59.06972936363637, -3.826387454545454 ], [ -59.062781363636361, -3.80638945454546 ], [ -59.059730363636362, -3.782215454545458 ], [ -59.060279363636369, -3.76860745454546 ], [ -59.06472536363637, -3.752218454545456 ], [ -59.078333363636361, -3.731113454545458 ], [ -59.087783363636362, -3.719719454545455 ], [ -59.095550363636363, -3.706111454545457 ], [ -59.096387363636367, -3.699721454545454 ], [ -59.094452363636364, -3.688057454545458 ], [ -59.087783363636362, -3.675556454545458 ], [ -59.081393363636366, -3.668608454545456 ], [ -59.065004363636362, -3.657214454545453 ], [ -59.032226363636369, -3.641113454545454 ], [ -59.021120363636371, -3.638332454545456 ], [ -58.981673363636361, -3.622222454545458 ], [ -58.960550363636372, -3.608605454545454 ], [ -58.937231363636371, -3.583891454545459 ], [ -58.922498363636365, -3.564163454545458 ], [ -58.88083736363636, -3.516391454545456 ], [ -58.857509363636368, -3.491947454545453 ], [ -58.841390363636364, -3.480283454545457 ], [ -58.81361636363637, -3.472777454545458 ], [ -58.804175363636361, -3.468610454545455 ], [ -58.796111363636371, -3.462778454545457 ], [ -58.790279363636373, -3.45444445454546 ], [ -58.781675363636367, -3.435553454545456 ], [ -58.744730363636364, -3.376945454545456 ], [ -58.714058363636369, -3.337030454545456 ] ] ] } },
{ "type": "Feature", "properties": { "NAME": "Purus", "SYSTEM": "Amazon", "MILES": 1212.00277, "KILOMETERS": 1950.5333 }, "geometry": { "type": "MultiLineString", "coordinates": [ [ [ -72.42778136363637, -10.844443454545456 ], [ -72.39223136363637, -10.904446454545457 ], [ -72.388631363636364, -10.908055454545458 ], [ -72.343901363636363, -10.933606454545458 ], [ -72.332498363636361, -10.936675454545458 ], [ -72.263900363636367, -10.914166454545455 ], [ -72.214175363636372, -10.892782454545458 ], [ -72.20360936363636, -10.889443454545457 ], [ -72.191684363636369, -10.889164454545458 ], [ -72.160004363636361, -10.893052454545458 ], [ -72.07166936363636, -10.893610454545456 ], [ -72.01472636363637, -10.884160454545459 ], [ -71.964443363636363, -10.864162454545458 ], [ -71.951402363636362, -10.856107454545455 ], [ -71.880284363636363, -10.808605454545457 ], [ -71.840567363636367, -10.747504454545457 ], [ -71.604740363636367, -10.604161454545459 ], [ -71.511131363636366, -10.597780454545457 ], [ -71.501114363636361, -10.602217454545457 ], [ -71.490278363636364, -10.611946454545457 ], [ -71.483897363636359, -10.612783454545458 ], [ -71.478902363636365, -10.610839454545456 ], [ -71.454179363636371, -10.593892454545458 ], [ -71.391404363636369, -10.537777454545456 ], [ -71.373899363636369, -10.508887454545459 ], [ -71.281955363636371, -10.469998454545458 ], [ -71.14278836363637, -10.382500454545458 ], [ -71.135840363636362, -10.375840454545457 ], [ -71.051393363636365, -10.259164454545456 ], [ -71.02640036363637, -10.184725454545458 ], [ -71.021387363636364, -10.128052454545458 ], [ -71.033339363636372, -10.111942454545456 ], [ -71.034725363636369, -10.106389454545457 ], [ -71.033060363636366, -10.086949454545458 ], [ -71.030018363636373, -10.076113454545457 ], [ -71.021954363636368, -10.055836454545457 ], [ -70.98279536363637, -9.989443454545459 ], [ -70.906952363636364, -9.886393454545455 ], [ -70.89473036363637, -9.870553454545458 ], [ -70.847777363636368, -9.826948454545455 ], [ -70.833071363636364, -9.820837454545458 ], [ -70.800842363636363, -9.818335454545458 ], [ -70.795559363636372, -9.816391454545457 ], [ -70.787783363636365, -9.810280454545456 ], [ -70.720562363636361, -9.739729454545458 ], [ -70.711121363636366, -9.728056454545456 ], [ -70.706117363636366, -9.719164454545457 ], [ -70.707503363636363, -9.706663454545456 ], [ -70.714442363636365, -9.692785454545458 ], [ -70.715567363636367, -9.687223454545457 ], [ -70.698053363636362, -9.615556454545455 ], [ -70.695848363636372, -9.610552454545456 ], [ -70.658336363636366, -9.575839454545456 ], [ -70.64889536363637, -9.571105454545457 ], [ -70.61445236363636, -9.563887454545458 ], [ -70.608062363636364, -9.564445454545456 ], [ -70.598504363636366, -9.564580454545457 ], [ -70.577228363636365, -9.538606454545455 ], [ -70.545287363636362, -9.500833454545457 ], [ -70.514660363636366, -9.427996454545458 ], [ -70.480838363636366, -9.354160454545458 ], [ -70.450013363636373, -9.330832454545458 ], [ -70.42029536363637, -9.324442454545459 ], [ -70.33834136363636, -9.246106454545458 ], [ -70.304168363636364, -9.193888454545458 ], [ -70.256954363636368, -9.154999454545457 ], [ -70.245011363636365, -9.157222454545458 ], [ -70.232789363636371, -9.155278454545456 ], [ -70.228055363636372, -9.153334454545458 ], [ -70.087781363636367, -9.086113454545458 ], [ -70.048334363636371, -9.063055454545456 ], [ -70.035284363636364, -9.063613454545457 ], [ -69.928346363636365, -9.085555454545457 ], [ -69.899447363636369, -9.098893454545458 ], [ -69.86000036363636, -9.119161454545456 ], [ -69.853619363636369, -9.118612454545456 ], [ -69.845834363636371, -9.112501454545455 ], [ -69.834161363636369, -9.095833454545456 ], [ -69.825008363636371, -9.077230454545457 ], [ -69.807512363636363, -9.046387454545457 ], [ -69.801392363636367, -9.045001454545456 ], [ -69.698063363636365, -9.045838454545457 ], [ -69.620006363636364, -9.049996454545457 ], [ -69.587777363636363, -9.016948454545457 ], [ -69.565295363636366, -8.990839454545458 ], [ -69.560840363636359, -8.988058454545456 ], [ -69.427505363636371, -8.947504454545456 ], [ -69.365576363636364, -8.894161454545458 ], [ -69.18972536363637, -8.789446454545455 ], [ -69.179735363636368, -8.785279454545456 ], [ -69.117509363636373, -8.764165454545456 ], [ -68.928617363636363, -8.707501454545458 ], [ -68.922497363636367, -8.706664454545457 ], [ -68.870837363636369, -8.737498454545456 ], [ -68.851676363636372, -8.775001454545457 ], [ -68.852783363636362, -8.780554454545456 ], [ -68.852783363636362, -8.785837454545458 ], [ -68.849453363636371, -8.789446454545455 ], [ -68.840282363636362, -8.794441454545456 ], [ -68.678345363636367, -8.829730454545455 ], [ -68.670290363636369, -8.823610454545456 ], [ -68.665556363636369, -8.823052454545458 ], [ -68.660570363636367, -8.825833454545457 ], [ -68.596679363636369, -8.917228454545455 ], [ -68.595833363636359, -8.923609454545456 ], [ -68.594996363636369, -8.985835454545455 ], [ -68.596391363636371, -8.998336454545456 ], [ -68.602979363636365, -9.020305454545458 ], [ -68.599451363636362, -9.026110454545456 ], [ -68.58750836363636, -9.035002454545456 ], [ -68.573630363636369, -9.041941454545459 ], [ -68.461391363636366, -9.080551454545457 ], [ -68.449448363636364, -9.082783454545456 ], [ -68.306672363636366, -9.083332454545456 ], [ -68.175560363636365, -9.055558454545459 ], [ -68.126402363636359, -9.016948454545457 ], [ -68.032226363636369, -8.972785454545456 ], [ -68.019725363636368, -8.973055454545456 ], [ -67.978622363636362, -8.987500454545458 ], [ -67.97222336363636, -8.988337454545459 ], [ -67.965833363636364, -8.986942454545456 ], [ -67.876121363636372, -8.929162454545455 ], [ -67.844999363636362, -8.906113454545459 ], [ -67.797227363636367, -8.870284454545455 ], [ -67.788074363636369, -8.865550454545456 ], [ -67.695842363636359, -8.828056454545457 ], [ -67.578608363636363, -8.802496454545455 ], [ -67.509173363636364, -8.799166454545457 ], [ -67.469456363636368, -8.799166454545457 ], [ -67.46055536363636, -8.793055454545456 ], [ -67.418336363636371, -8.752231454545456 ], [ -67.412738363636365, -8.744473454545457 ], [ -67.40112836363636, -8.727220454545456 ], [ -67.372787363636363, -8.637778454545458 ], [ -67.367513363636363, -8.615557454545456 ], [ -67.36389536363636, -8.570836454545457 ], [ -67.36611836363636, -8.558605454545457 ], [ -67.372229363636364, -8.551108454545457 ], [ -67.382507363636364, -8.553052454545458 ], [ -67.420838363636364, -8.437231454545458 ], [ -67.368899363636359, -8.330833454545456 ], [ -67.330559363636368, -8.204725454545457 ], [ -67.324169363636372, -8.197228454545456 ], [ -67.270277363636367, -8.136109454545458 ], [ -67.237229363636359, -8.102215454545458 ], [ -67.259738363636359, -8.063056454545457 ], [ -67.258622363636363, -8.051941454545457 ], [ -67.252502363636367, -8.016670454545459 ], [ -67.240847363636362, -7.980832454545457 ], [ -67.211120363636368, -7.914448454545457 ], [ -67.201670363636367, -7.896664454545459 ], [ -67.194164363636361, -7.889167454545458 ], [ -67.181672363636366, -7.887781454545458 ], [ -67.146662363636366, -7.895278454545458 ], [ -67.136402363636364, -7.891111454545456 ], [ -67.126115363636359, -7.873606454545456 ], [ -67.089008363636367, -7.802767454545457 ], [ -67.069451363636361, -7.798888454545455 ], [ -66.994733363636371, -7.773058454545456 ], [ -66.98639036363636, -7.767784454545456 ], [ -66.98027936363637, -7.760278454545457 ], [ -66.977507363636363, -7.749442454545456 ], [ -66.921401363636363, -7.685551454545458 ], [ -66.814454363636372, -7.647499454545457 ], [ -66.80278136363637, -7.645285454545458 ], [ -66.79055036363637, -7.645285454545458 ], [ -66.780290363636368, -7.649443454545455 ], [ -66.775277363636363, -7.658335454545458 ], [ -66.77334236363636, -7.669999454545458 ], [ -66.648620363636368, -7.656949454545458 ], [ -66.584162363636366, -7.618339454545456 ], [ -66.488348363636362, -7.562503454545457 ], [ -66.471122363636368, -7.553611454545457 ], [ -66.37722536363637, -7.532785454545458 ], [ -66.310832363636365, -7.546393454545456 ], [ -66.192230363636369, -7.609447454545457 ], [ -66.158615363636372, -7.663051454545457 ], [ -66.14973236363636, -7.667785454545456 ], [ -66.053621363636367, -7.681942454545457 ], [ -65.981126363636363, -7.686946454545456 ], [ -65.895572363636362, -7.684723454545455 ], [ -65.80222436363637, -7.696945454545457 ], [ -65.756954363636368, -7.707223454545456 ], [ -65.71890236363636, -7.717501454545456 ], [ -65.533619363636362, -7.633333454545458 ], [ -65.442512363636368, -7.554997454545457 ], [ -65.438615363636359, -7.546942454545455 ], [ -65.37889136363637, -7.506946454545457 ], [ -65.32139936363636, -7.481107454545455 ], [ -65.22696236363636, -7.438888454545456 ], [ -65.130842363636361, -7.360840454545457 ], [ -65.06306336363636, -7.350553454545455 ], [ -65.051390363636372, -7.353334454545458 ], [ -65.04028436363636, -7.350553454545455 ], [ -64.98945236363636, -7.335550454545459 ], [ -64.98222536363636, -7.329448454545457 ], [ -64.977239363636372, -7.320556454545457 ], [ -64.973072363636362, -7.283332454545455 ], [ -64.975844363636369, -7.244443454545458 ], [ -64.969724363636359, -7.236946454545457 ], [ -64.958069363636369, -7.236388454545455 ], [ -64.902512363636362, -7.248052454545459 ], [ -64.847504363636361, -7.289434454545457 ], [ -64.78279436363637, -7.213888454545458 ], [ -64.68528836363636, -7.152778454545455 ], [ -64.560566363636369, -7.074442454545459 ], [ -64.559441363636367, -7.063606454545457 ], [ -64.583345363636369, -6.942502454545458 ], [ -64.587782363636364, -6.844717454545457 ], [ -64.581392363636368, -6.701662454545456 ], [ -64.572239363636371, -6.691663454545456 ], [ -64.561952363636365, -6.688891454545455 ], [ -64.529723363636364, -6.691663454545456 ], [ -64.51945436363637, -6.688891454545455 ], [ -64.510013363636361, -6.679999454545456 ], [ -64.50167936363637, -6.658336454545456 ], [ -64.48390436363637, -6.580558454545457 ], [ -64.483067363636366, -6.571108454545456 ], [ -64.484723363636363, -6.561667454545457 ], [ -64.488890363636372, -6.551947454545456 ], [ -64.505846363636365, -6.528889454545457 ], [ -64.525007363636362, -6.511105454545458 ], [ -64.539461363636363, -6.492223454545456 ], [ -64.542782363636363, -6.481945454545457 ], [ -64.541396363636366, -6.471667454545457 ], [ -64.534727363636364, -6.462226454545458 ], [ -64.433900363636369, -6.370840454545458 ], [ -64.36805636363637, -6.337504454545456 ], [ -64.323623363636372, -6.324445454545458 ], [ -64.313336363636367, -6.323887454545456 ], [ -64.302230363636369, -6.321943454545458 ], [ -64.28167436363637, -6.315004454545456 ], [ -64.275005363636367, -6.302215454545458 ], [ -64.27223336363636, -6.291946454545457 ], [ -64.273970363636366, -6.135436454545456 ], [ -64.35223436363637, -5.947219454545458 ], [ -64.383896363636367, -5.949721454545458 ], [ -64.442783363636366, -5.926105454545457 ], [ -64.475570363636365, -5.898052454545457 ], [ -64.482509363636368, -5.887216454545456 ], [ -64.47890036363637, -5.876110454545458 ], [ -64.469450363636369, -5.868613454545457 ], [ -64.446122363636363, -5.860558454545458 ], [ -64.436402363636361, -5.854996454545457 ], [ -64.400285363636371, -5.816107454545456 ], [ -64.394183363636373, -5.806666454545457 ], [ -64.381952363636373, -5.756941454545458 ], [ -64.379342363636368, -5.688379454545458 ], [ -64.32918536363637, -5.707225454545458 ], [ -64.319456363636363, -5.709160454545458 ], [ -64.30972736363637, -5.705839454545458 ], [ -64.304174363636363, -5.695552454545457 ], [ -64.302230363636369, -5.684725454545458 ], [ -64.305011363636368, -5.674447454545458 ], [ -64.32833936363636, -5.644441454545458 ], [ -64.346951363636364, -5.625838454545455 ], [ -64.348895363636359, -5.616388454545458 ], [ -64.347500363636371, -5.606947454545455 ], [ -64.336673363636365, -5.601394454545456 ], [ -64.280288363636359, -5.596111454545458 ], [ -64.185005363636364, -5.587228454545457 ], [ -64.163891363636367, -5.589163454545456 ], [ -64.153631363636364, -5.594725454545458 ], [ -64.144181363636363, -5.602780454545456 ], [ -64.142498363636363, -5.612500454545458 ], [ -64.152236363636362, -5.617225454545459 ], [ -64.173332363636362, -5.621113454545458 ], [ -64.183898363636359, -5.625280454545457 ], [ -64.194455363636365, -5.632228454545455 ], [ -64.199441363636367, -5.642497454545456 ], [ -64.189181363636365, -5.648608454545457 ], [ -64.098614363636372, -5.662783454545458 ], [ -64.078067363636364, -5.657500454545456 ], [ -64.071398363636362, -5.646394454545458 ], [ -63.996671363636366, -5.615002454545458 ], [ -63.924176363636363, -5.619718454545456 ], [ -63.864443363636369, -5.623894454545457 ], [ -63.814997363636365, -5.638888454545455 ], [ -63.739730363636369, -5.654728454545456 ], [ -63.688898363636369, -5.659444454545458 ], [ -63.656669363636368, -5.657500454545456 ], [ -63.610832363636362, -5.647222454545457 ], [ -63.588053363636362, -5.636944454545457 ], [ -63.567506363636369, -5.619160454545458 ], [ -63.563618363636365, -5.599441454545456 ], [ -63.563618363636365, -5.589163454545456 ], [ -63.567506363636369, -5.567221454545457 ], [ -63.566948363636371, -5.555836454545457 ], [ -63.561395363636365, -5.546107454545457 ], [ -63.552512363636367, -5.536108454545456 ], [ -63.543062363636366, -5.529997454545455 ], [ -63.533333363636359, -5.527216454545457 ], [ -63.521120363636371, -5.529997454545455 ], [ -63.50112236363637, -5.538610454545456 ], [ -63.441668363636367, -5.559166454545458 ], [ -63.421670363636366, -5.561110454545457 ], [ -63.410285363636362, -5.559724454545456 ], [ -63.399170363636372, -5.554999454545456 ], [ -63.391673363636372, -5.545558454545457 ], [ -63.357779363636368, -5.493052454545456 ], [ -63.314723363636361, -5.403052454545456 ], [ -63.253892363636368, -5.386663454545456 ], [ -63.230564363636361, -5.378338454545457 ], [ -63.210557363636369, -5.364721454545457 ], [ -63.207227363636363, -5.353057454545457 ], [ -63.210557363636369, -5.343607454545456 ], [ -63.218333363636361, -5.331394454545457 ], [ -63.226955363636364, -5.310001454545457 ], [ -63.227783363636362, -5.289715454545458 ], [ -63.221672363636372, -5.267782454545458 ], [ -63.216659363636367, -5.257504454545458 ], [ -63.210008363636362, -5.248054454545457 ], [ -63.199721363636371, -5.237785454545456 ], [ -63.190280363636361, -5.233609454545459 ], [ -63.176393363636365, -5.230279454545457 ], [ -63.152228363636368, -5.229730454545457 ], [ -63.032501363636371, -5.239162454545458 ], [ -63.02305136363637, -5.242501454545458 ], [ -63.013061363636368, -5.248612454545455 ], [ -62.995277363636362, -5.267782454545458 ], [ -62.985836363636366, -5.274730454545455 ], [ -62.976395363636371, -5.273893454545458 ], [ -62.964731363636361, -5.268610454545456 ], [ -62.951519363636365, -5.244751454545458 ], [ -62.924726363636367, -5.211946454545458 ], [ -62.92222436363636, -5.201659454545457 ], [ -62.924726363636367, -5.192218454545458 ], [ -62.934446363636368, -5.183335454545457 ], [ -62.955002363636368, -5.178340454545456 ], [ -62.996114363636366, -5.061664454545458 ], [ -62.99499836363637, -5.052214454545457 ], [ -62.987231363636369, -5.022217454545459 ], [ -62.941394363636363, -4.955833454545456 ], [ -62.886116363636361, -4.885552454545454 ], [ -62.85305036363637, -4.881394454545458 ], [ -62.718050363636365, -4.865833454545459 ], [ -62.63499836363637, -4.879441454545457 ], [ -62.626115363636359, -4.884166454545458 ], [ -62.621390363636365, -4.893058454545454 ], [ -62.621390363636365, -4.906666454545459 ], [ -62.628059363636368, -4.927222454545458 ], [ -62.661116363636367, -4.963339454545455 ], [ -62.665832363636369, -4.972222454545456 ], [ -62.667227363636371, -4.983337454545456 ], [ -62.661944363636366, -4.991392454545458 ], [ -62.650838363636367, -4.994722454545457 ], [ -62.644169363636365, -4.994722454545457 ], [ -62.634170363636372, -4.990834454545457 ], [ -62.582231363636367, -4.945555454545456 ], [ -62.517224363636359, -4.875283454545453 ], [ -62.464997363636371, -4.805002454545459 ], [ -62.434442363636364, -4.751947454545459 ], [ -62.36389136363637, -4.725280454545455 ], [ -62.278895363636366, -4.705282454545454 ], [ -62.269175363636364, -4.709449454545457 ], [ -62.178608363636371, -4.729996454545457 ], [ -62.167781363636365, -4.727215454545458 ], [ -62.15944736363636, -4.72111345454546 ], [ -62.139728363636365, -4.699999454545456 ], [ -62.116958363636371, -4.66777945454546 ], [ -62.099723363636372, -4.643056454545459 ], [ -62.090282363636362, -4.625551454545459 ], [ -62.062229363636362, -4.557781454545456 ], [ -62.051393363636365, -4.541392454545459 ], [ -62.04444536363637, -4.534714454545458 ], [ -62.035283363636367, -4.529161454545459 ], [ -61.988339363636371, -4.520278454545455 ], [ -61.979168363636362, -4.515553454545454 ], [ -61.967513363636371, -4.499722454545456 ], [ -61.964723363636367, -4.488886454545458 ], [ -61.972499363636359, -4.48278445454546 ], [ -61.983335363636371, -4.48055245454546 ], [ -61.995566363636371, -4.479166454545457 ], [ -62.062220363636371, -4.48805845454546 ], [ -62.063615363636359, -4.484161454545458 ], [ -62.02667036363637, -4.438891454545455 ], [ -62.012783363636359, -4.425283454545458 ], [ -62.005277363636367, -4.418335454545456 ], [ -61.849730363636368, -4.300840454545458 ], [ -61.734728363636364, -4.261942454545455 ], [ -61.723622363636366, -4.259161454545456 ], [ -61.703903363636371, -4.258612454545457 ], [ -61.668335363636359, -4.263337454545457 ], [ -61.65805736363636, -4.259998454545453 ], [ -61.626944363636369, -4.235284454545457 ], [ -61.61249936363636, -4.221667454545454 ], [ -61.595552363636372, -4.196944454545459 ], [ -61.559723363636365, -4.136113454545459 ], [ -61.483061363636367, -4.007782454545456 ], [ -61.378067363636362, -3.891394454545456 ], [ -61.375556363636363, -3.873610454545457 ], [ -61.37889536363636, -3.863332454545457 ], [ -61.42472336363636, -3.770551454545455 ], [ -61.460552363636367, -3.708892454545456 ], [ -61.488848363636365, -3.672154454545456 ] ] ] } },
{ "type": "Feature", "properties": { "NAME": "Rio Juruena", "SYSTEM": "Amazon", "MILES": 593.17115, "KILOMETERS": 954.61835 }, "geometry": { "type": "MultiLineString", "coordinates": [ [ [ -58.13556536363636, -7.339159454545456 ], [ -58.145285363636361, -7.347214454545458 ], [ -58.210832363636371, -7.416388454545459 ], [ -58.222784363636364, -7.449715454545458 ], [ -58.225277363636366, -7.460002454545457 ], [ -58.228058363636364, -7.498612454545455 ], [ -58.227500363636366, -7.508890454545458 ], [ -58.220003363636366, -7.528609454545457 ], [ -58.206674363636367, -7.549723454545457 ], [ -58.20417236363636, -7.570837454545458 ], [ -58.208888363636362, -7.591105454545456 ], [ -58.223333363636371, -7.622227454545456 ], [ -58.235555363636365, -7.641946454545458 ], [ -58.295279363636368, -7.733053454545455 ], [ -58.304999363636369, -7.743340454545457 ], [ -58.33500536363637, -7.761394454545457 ], [ -58.355003363636371, -7.779160454545458 ], [ -58.369997363636372, -7.798051454545458 ], [ -58.375550363636364, -7.807780454545458 ], [ -58.37971736363636, -7.818058454545458 ], [ -58.381661363636368, -7.828606454545458 ], [ -58.38083336363637, -7.858612454545458 ], [ -58.375550363636364, -7.887781454545458 ], [ -58.368620363636367, -7.908058454545458 ], [ -58.341665363636366, -7.955002454545458 ], [ -58.333619363636359, -7.975279454545458 ], [ -58.320551363636369, -8.018056454545455 ], [ -58.307501363636362, -8.071660454545455 ], [ -58.304171363636371, -8.093611454545456 ], [ -58.304171363636371, -8.104996454545457 ], [ -58.340567363636367, -8.226946454545455 ], [ -58.382228363636372, -8.343613454545459 ], [ -58.395278363636365, -8.374168454545458 ], [ -58.402226363636359, -8.383609454545457 ], [ -58.430837363636371, -8.501662454545457 ], [ -58.469456363636368, -8.671663454545456 ], [ -58.469996363636369, -8.691391454545457 ], [ -58.46726036363637, -8.702911454545458 ], [ -58.458620363636371, -8.706394454545457 ], [ -58.428893363636362, -8.706394454545457 ], [ -58.377503363636364, -8.704171454545456 ], [ -58.343888363636367, -8.694730454545457 ], [ -58.331675363636364, -8.696107454545459 ], [ -58.321397363636365, -8.699446454545456 ], [ -58.316672363636371, -8.708338454545459 ], [ -58.320011363636368, -8.719165454545458 ], [ -58.51472636363637, -8.891947454545456 ], [ -58.521944363636365, -8.897779454545457 ], [ -58.531673363636372, -8.902783454545457 ], [ -58.554452363636372, -8.897221454545456 ], [ -58.565837363636362, -8.899165454545457 ], [ -58.57362236363636, -8.905285454545457 ], [ -58.657223363636362, -9.113887454545456 ], [ -58.660004363636361, -9.138052454545456 ], [ -58.660562363636359, -9.164449454545458 ], [ -58.657223363636362, -9.189442454545457 ], [ -58.638062363636365, -9.286948454545456 ], [ -58.62889136363637, -9.320833454545458 ], [ -58.618055363636373, -9.337780454545456 ], [ -58.58306336363637, -9.372223454545455 ], [ -58.529441363636366, -9.416665454545456 ], [ -58.487780363636361, -9.444448454545459 ], [ -58.431674363636361, -9.472231454545458 ], [ -58.39333436363637, -9.489160454545456 ], [ -58.381661363636368, -9.491941454545458 ], [ -58.348064363636368, -9.489160454545456 ], [ -58.32556436363636, -9.483607454545457 ], [ -58.300004363636361, -9.486388454545455 ], [ -58.29055436363636, -9.490555454545458 ], [ -58.277225363636362, -9.505279454545455 ], [ -58.265012363636359, -9.534997454545458 ], [ -58.26027836363636, -9.566110454545456 ], [ -58.26027836363636, -9.593335454545457 ], [ -58.267226363636368, -9.641107454545455 ], [ -58.265840363636372, -9.660835454545456 ], [ -58.259729363636367, -9.683056454545458 ], [ -58.226105363636364, -9.761392454545458 ], [ -58.216943363636361, -9.795277454545456 ], [ -58.211669363636361, -9.833050454545457 ], [ -58.210832363636371, -9.907219454545459 ], [ -58.212497363636359, -9.918613454545458 ], [ -58.261115363636364, -10.089442454545456 ], [ -58.265012363636359, -10.098892454545457 ], [ -58.308338363636366, -10.166941454545459 ], [ -58.317779363636362, -10.185283454545456 ], [ -58.32973136363637, -10.215550454545458 ], [ -58.34111636363636, -10.259443454545458 ], [ -58.348064363636368, -10.293886454545458 ], [ -58.350836363636361, -10.318051454545458 ], [ -58.344725363636371, -10.403056454545457 ], [ -58.342511363636362, -10.474444454545456 ], [ -58.349441363636359, -10.487224454545458 ], [ -58.380005363636371, -10.529731454545455 ], [ -58.413890363636369, -10.572778454545457 ], [ -58.424726363636367, -10.593613454545459 ], [ -58.428335363636364, -10.603891454545458 ], [ -58.427507363636366, -10.613332454545457 ], [ -58.42334036363637, -10.622782454545458 ], [ -58.414457363636359, -10.632781454545459 ], [ -58.394729363636372, -10.648891454545456 ], [ -58.368620363636367, -10.687231454545458 ], [ -58.368053363636363, -10.697500454545455 ], [ -58.370564363636362, -10.706941454545458 ], [ -58.382228363636372, -10.726390454545456 ], [ -58.383902363636366, -10.735840454545457 ], [ -58.383056363636371, -10.746667454545456 ], [ -58.37971736363636, -10.765279454545457 ], [ -58.373336363636369, -10.776106454545456 ], [ -58.355003363636371, -10.795834454545457 ], [ -58.348622363636366, -10.806391454545459 ], [ -58.34333936363636, -10.826110454545457 ], [ -58.340567363636367, -10.850833454545455 ], [ -58.345832363636362, -10.874449454545456 ], [ -58.35278036363637, -10.884448454545456 ], [ -58.362500363636372, -10.914166454545455 ], [ -58.361114363636361, -10.955836454545455 ], [ -58.356947363636365, -10.975555454545457 ], [ -58.371941363636367, -11.025838454545458 ], [ -58.376117363636368, -11.046106454545455 ], [ -58.371941363636367, -11.066113454545459 ], [ -58.351952363636372, -11.127502454545457 ], [ -58.345832363636362, -11.169172454545457 ], [ -58.35361736363636, -11.497501454545457 ], [ -58.355003363636371, -11.519164454545457 ], [ -58.35778436363637, -11.529163454545458 ], [ -58.36528136363637, -11.539999454545455 ], [ -58.402226363636359, -11.588338454545458 ], [ -58.445282363636366, -11.660833454545457 ], [ -58.441115363636371, -11.683054454545456 ], [ -58.430279363636359, -11.713051454545457 ], [ -58.42334036363637, -11.743894454545458 ], [ -58.420010363636365, -11.767501454545457 ], [ -58.419173363636361, -11.786941454545456 ], [ -58.427507363636366, -11.835280454545458 ], [ -58.43862236363637, -11.864728454545457 ], [ -58.474730363636368, -11.954449454545458 ], [ -58.512512363636361, -12.075832454545456 ], [ -58.531106363636368, -12.255283454545456 ], [ -58.532501363636371, -12.272779454545457 ], [ -58.531673363636372, -12.283606454545456 ], [ -58.529441363636366, -12.293605454545457 ], [ -58.507778363636362, -12.353887454545458 ], [ -58.484999363636362, -12.405277454545455 ], [ -58.463057363636366, -12.449449454545459 ], [ -58.459727363636361, -12.458890454545458 ], [ -58.45027736363636, -12.518335454545458 ], [ -58.447496363636361, -12.539719454545455 ], [ -58.437785363636365, -12.620836454545458 ], [ -58.408337363636363, -12.768607454545457 ], [ -58.404161363636362, -12.778606454545457 ], [ -58.398050363636372, -12.787777454545456 ], [ -58.307501363636362, -12.886660454545456 ], [ -58.289726363636362, -12.910285454545456 ], [ -58.281113363636365, -12.928888454545458 ], [ -58.271114363636372, -12.970279454545459 ], [ -58.267784363636366, -12.992230454545457 ], [ -58.25695736363636, -13.116394454545457 ], [ -58.262510363636366, -13.135834454545456 ], [ -58.295837363636366, -13.253887454545456 ], [ -58.310282363636361, -13.323340454545455 ], [ -58.323890363636366, -13.416661454545459 ], [ -58.444454363636368, -13.714444454545458 ], [ -58.453607363636365, -13.724443454545458 ], [ -58.463894363636371, -13.731670454545458 ], [ -58.496942363636364, -13.754161454545457 ], [ -58.506392363636365, -13.758886454545458 ], [ -58.516670363636365, -13.759723454545458 ], [ -58.526948363636365, -13.756942454545456 ], [ -58.546109363636361, -13.754998454545458 ], [ -58.556396363636367, -13.756942454545456 ], [ -58.565837363636362, -13.764160454545458 ], [ -58.60167536363636, -13.805551454545459 ], [ -58.630277363636367, -13.846105454545459 ], [ -58.635281363636366, -13.857499454545458 ], [ -58.638062363636365, -13.866661454545458 ], [ -58.638620363636363, -13.886659454545455 ], [ -58.633904363636361, -13.928050454545456 ], [ -58.631105363636365, -13.991941454545458 ], [ -58.642229363636361, -14.110840454545457 ], [ -58.694159363636359, -14.284171454545458 ], [ -58.698893363636373, -14.294728454545456 ], [ -58.717505363636363, -14.315284454545456 ], [ -58.747511363636363, -14.341393454545457 ], [ -58.75444136363636, -14.350555454545457 ], [ -58.80111536363637, -14.416390454545457 ], [ -58.827224363636361, -14.464171454545458 ], [ -58.83112136363637, -14.473333454545457 ], [ -58.833335363636365, -14.483890454545456 ], [ -58.83112136363637, -14.493889454545457 ], [ -58.826387363636371, -14.503051454545457 ], [ -58.818062363636372, -14.513050454545457 ], [ -58.806398363636362, -14.523058454545456 ], [ -58.960010363636371, -14.639167454545458 ] ] ] } },
{ "type": "Feature", "properties": { "NAME": "Rio Negro", "SYSTEM": "Amazon", "MILES": 1633.70534, "KILOMETERS": 2629.19914 }, "geometry": { "type": "MultiLineString", "coordinates": [ [ [ -72.953336363636367, 2.151394545454544 ], [ -72.942509363636361, 2.157496545454542 ], [ -72.880571363636363, 2.179447545454543 ], [ -72.870284363636372, 2.178052545454541 ], [ -72.82306136363637, 2.169160545454545 ], [ -72.812792363636362, 2.166388545454545 ], [ -72.803891363636367, 2.158333545454546 ], [ -72.753887363636366, 2.074165545454541 ], [ -72.741395363636371, 2.031667545454546 ], [ -72.736958363636361, 2.001391545454545 ], [ -72.727778363636361, 1.983607545454547 ], [ -72.718337363636365, 1.973338545454546 ], [ -72.708068363636372, 1.967218545454543 ], [ -72.589448363636365, 1.901392545454542 ], [ -72.579179363636371, 1.896109545454543 ], [ -72.492779363636359, 1.862503545454544 ], [ -72.47222336363636, 1.858336545454542 ], [ -72.403067363636367, 1.781665545454544 ], [ -72.409178363636372, 1.770001545454541 ], [ -72.419447363636365, 1.661110545454541 ], [ -72.420293363636361, 1.641949545454544 ], [ -72.384446363636371, 1.611106545454547 ], [ -72.325559363636373, 1.565836545454545 ], [ -72.315290363636365, 1.558888545454543 ], [ -72.292781363636365, 1.460284545454542 ], [ -72.292781363636365, 1.450834545454541 ], [ -72.285284363636364, 1.421944545454544 ], [ -72.252227363636365, 1.39527754545454 ], [ -72.240842363636361, 1.386943545454542 ], [ -72.102233363636373, 1.349998545454547 ], [ -72.059447363636366, 1.356946545454541 ], [ -71.971958363636361, 1.300840545454541 ], [ -71.95750436363636, 1.257496545454543 ], [ -71.925293363636371, 1.210282545454547 ], [ -71.912225363636367, 1.199995545454541 ], [ -71.902235363636365, 1.195279545454547 ], [ -71.745833363636365, 1.175281545454546 ], [ -71.707502363636365, 1.202785545454546 ], [ -71.684723363636365, 1.231666545454544 ], [ -71.66361836363636, 1.241944545454544 ], [ -71.51639636363636, 1.15694854545454 ], [ -71.506118363636361, 1.149442545454541 ], [ -71.431400363636371, 1.079449545454544 ], [ -71.425847363636365, 1.067785545454541 ], [ -71.423066363636366, 1.044448545454543 ], [ -71.419727363636369, 1.033612545454545 ], [ -71.388902363636362, 1.000555545454546 ], [ -71.37834536363637, 0.995839545454544 ], [ -71.225012363636367, 0.95944354545454 ], [ -71.169446363636368, 0.958894545454541 ], [ -71.126957363636365, 0.963052545454545 ], [ -71.11557236363636, 0.966391545454542 ], [ -71.06056436363636, 0.951946545454547 ], [ -71.051681363636362, 0.947221545454546 ], [ -71.018894363636363, 0.891106545454541 ], [ -70.97556836363637, 0.823894545454543 ], [ -70.967225363636359, 0.813607545454545 ], [ -70.958621363636368, 0.806659545454544 ], [ -70.948901363636367, 0.803338545454544 ], [ -70.940000363636372, 0.810277545454547 ], [ -70.936400363636366, 0.823336545454545 ], [ -70.933898363636359, 0.834721545454542 ], [ -70.933898363636359, 0.850003545454541 ], [ -70.940000363636372, 0.883339545454547 ], [ -70.939181363636365, 0.893050545454543 ], [ -70.907789363636368, 0.92666554545454 ], [ -70.89805136363637, 0.932785545454543 ], [ -70.81584536363637, 0.91638754545454 ], [ -70.722785363636362, 0.941110545454542 ], [ -70.691951363636363, 1.07333854545454 ], [ -70.691114363636359, 1.082221545454544 ], [ -70.743341363636361, 1.124719545454546 ], [ -70.755005363636371, 1.129444545454547 ], [ -70.765022363636362, 1.131388545454541 ], [ -70.77417536363636, 1.138336545454543 ], [ -70.801121363636369, 1.162501545454546 ], [ -70.807232363636359, 1.172500545454547 ], [ -70.805009363636373, 1.181662545454543 ], [ -70.797503363636366, 1.191112545454544 ], [ -70.788620363636369, 1.198051545454547 ], [ -70.76806436363637, 1.205557545454546 ], [ -70.716674363636372, 1.213612545454545 ], [ -70.631660363636371, 1.194442545454542 ], [ -70.542506363636363, 1.150000545454546 ], [ -70.535000363636371, 1.141108545454543 ], [ -70.486391363636372, 1.120552545454544 ], [ -70.36639436363636, 1.130839545454542 ], [ -70.356125363636366, 1.132783545454544 ], [ -70.345838363636361, 1.139722545454546 ], [ -70.252787363636372, 1.243888545454546 ], [ -70.242509363636373, 1.262221545454544 ], [ -70.241672363636368, 1.280284545454542 ], [ -70.233338363636364, 1.289716545454546 ], [ -70.177223363636372, 1.302217545454546 ], [ -70.167782363636363, 1.301389545454541 ], [ -70.157504363636363, 1.29666454545454 ], [ -70.044446363636368, 1.203334545454545 ], [ -70.037507363636365, 1.194442545454542 ], [ -70.036121363636369, 1.18500154545454 ], [ -70.037507363636365, 1.173886545454543 ], [ -70.04140436363636, 1.161664545454542 ], [ -70.06361636363637, 1.117780545454544 ], [ -70.069160363636371, 1.097215545454546 ], [ -70.069160363636371, 1.088332545454541 ], [ -70.042232363636373, 1.021948545454542 ], [ -70.036958363636373, 1.009447545454542 ], [ -70.015016363636363, 0.98749654545454 ], [ -70.005278363636364, 0.981394545454542 ], [ -69.99500936363637, 0.981394545454542 ], [ -69.984731363636371, 0.983608545454544 ], [ -69.924458363636361, 1.001941545454542 ], [ -69.900284363636359, 1.014442545454543 ], [ -69.842225363636359, 1.062214545454545 ], [ -69.830003363636365, 1.058893545454545 ], [ -69.823631363636366, 1.056661545454546 ], [ -69.806837363636362, 1.072303545454545 ], [ -69.718340363636372, 1.072501545454543 ], [ -69.613616363636368, 1.078054545454542 ], [ -69.435290363636369, 1.038337545454546 ], [ -69.376817363636363, 1.056526545454545 ], [ -69.338477363636372, 1.072915545454542 ], [ -69.264875363636364, 1.033891545454544 ], [ -69.227921363636369, 0.999025545454543 ], [ -69.140288363636373, 0.863476545454546 ], [ -69.159305363636363, 0.752920545454543 ], [ -69.127814363636361, 0.644029545454543 ], [ -69.209777363636363, 0.616309545454541 ], [ -69.162779363636361, 0.553606545454542 ], [ -69.141683363636361, 0.49860754545454 ], [ -69.138065363636372, 0.487222545454543 ], [ -69.049181363636364, 0.459718545454542 ], [ -68.796956363636369, 0.425284545454545 ], [ -68.787227363636362, 0.419164545454542 ], [ -68.778335363636373, 0.409714545454541 ], [ -68.771387363636364, 0.39944554545454 ], [ -68.765294363636372, 0.369997545454545 ], [ -68.759174363636362, 0.360277545454544 ], [ -68.726387363636363, 0.342502545454543 ], [ -68.653631363636364, 0.305557545454541 ], [ -68.59194536363637, 0.295837545454546 ], [ -68.520845363636369, 0.297214545454544 ], [ -68.510558363636363, 0.292498545454542 ], [ -68.501117363636368, 0.285550545454541 ], [ -68.498066363636369, 0.276109545454545 ], [ -68.480282363636363, 0.204721545454547 ], [ -68.480840363636361, 0.19389454545454 ], [ -68.49001136363637, 0.171106545454542 ], [ -68.503061363636363, 0.15138754545454 ], [ -68.511125363636367, 0.132217545454544 ], [ -68.509739363636371, 0.122497545454543 ], [ -68.49528536363637, 0.092500545454541 ], [ -68.478896363636366, 0.073339545454544 ], [ -68.45695436363637, 0.05749954545454 ], [ -68.31362036363636, -0.015832454545453 ], [ -68.293334363636362, -0.024166454545458 ], [ -68.282228363636364, -0.02611045454546 ], [ -68.263067363636367, -0.025552454545455 ], [ -68.243051363636368, -0.019999454545456 ], [ -68.21305436363636, -0.006949454545456 ], [ -68.154176363636367, 0.048607545454544 ], [ -68.091671363636365, 0.120553545454541 ], [ -68.006954363636368, 0.19444354545454 ], [ -67.995839363636364, 0.198610545454542 ], [ -67.974725363636367, 0.201949545454546 ], [ -67.965005363636365, 0.199447545454547 ], [ -67.922498363636365, 0.178054545454543 ], [ -67.860002363636369, 0.146662545454546 ], [ -67.84028336363636, 0.136942545454545 ], [ -67.829996363636369, 0.136942545454545 ], [ -67.819736363636366, 0.140281545454542 ], [ -67.798622363636369, 0.150550545454543 ], [ -67.777778363636372, 0.150001545454543 ], [ -67.623059363636372, 0.120553545454541 ], [ -67.463345363636364, 0.099160545454545 ], [ -67.414169363636361, 0.09778354545454 ], [ -67.333349363636373, 0.088333545454546 ], [ -67.313900363636364, 0.085003545454541 ], [ -67.303622363636364, 0.081394545454543 ], [ -67.271393363636363, 0.064996545454541 ], [ -67.231442363636361, 0.038932545454543 ], [ -67.009466363636363, -0.193888454545458 ], [ -66.904463363636367, -0.151390454545457 ], [ -66.468899363636368, -0.386389454545458 ], [ -66.346499363636369, -0.400996454545457 ], [ -66.312101363636373, -0.386443454545457 ], [ -66.28494836363636, -0.35928145454546 ], [ -66.274760363636361, -0.345700454545458 ], [ -66.261170363636367, -0.332119454545456 ], [ -66.23061536363636, -0.325324454545459 ], [ -66.138923363636366, -0.315145454545458 ], [ -66.118565363636364, -0.321940454545455 ], [ -66.098189363636365, -0.332119454545456 ], [ -66.057446363636359, -0.332119454545456 ], [ -65.96576336363637, -0.328726454545453 ], [ -65.952182363636368, -0.325324454545459 ], [ -65.94200336363636, -0.315145454545458 ], [ -65.92161836363637, -0.291376454545457 ], [ -65.914823363636373, -0.274393454545454 ], [ -65.89785836363636, -0.264205454545454 ], [ -65.870678363636372, -0.260812454545459 ], [ -65.840132363636371, -0.264205454545454 ], [ -65.819747363636367, -0.277786454545456 ], [ -65.806166363636365, -0.291376454545457 ], [ -65.782406363636369, -0.308350454545455 ], [ -65.741654363636371, -0.315145454545458 ], [ -65.721278363636372, -0.315145454545458 ], [ -65.649980363636359, -0.308350454545455 ], [ -65.602442363636371, -0.301564454545456 ], [ -65.55829736363637, -0.28458145454546 ], [ -65.517545363636373, -0.291376454545457 ], [ -65.480195363636369, -0.304957454545459 ], [ -65.422469363636367, -0.332119454545456 ], [ -65.385119363636363, -0.35928145454546 ], [ -65.327411363636372, -0.383050454545454 ], [ -65.239121363636372, -0.413605454545454 ], [ -65.198360363636368, -0.427186454545456 ], [ -65.147429363636363, -0.417007454545455 ], [ -65.079524363636367, -0.417007454545455 ], [ -65.048960363636368, -0.420409454545457 ], [ -65.031977363636372, -0.430588454545457 ], [ -65.008226363636368, -0.440776454545457 ], [ -64.940312363636366, -0.461152454545456 ], [ -64.896167363636366, -0.471340454545455 ], [ -64.858808363636371, -0.467938454545454 ], [ -64.807868363636359, -0.437383454545454 ], [ -64.777331363636364, -0.433990454545459 ], [ -64.739972363636369, -0.44416945454546 ], [ -64.675460363636361, -0.44416945454546 ], [ -64.546418363636363, -0.413605454545454 ], [ -64.515872363636362, -0.389845454545458 ], [ -64.451351363636363, -0.366076454545457 ], [ -64.407206363636362, -0.355888454545457 ], [ -64.29855836363636, -0.355888454545457 ], [ -64.240823363636366, -0.349102454545459 ], [ -64.203473363636363, -0.335521454545457 ], [ -64.155926363636368, -0.321940454545455 ], [ -64.04726936363636, -0.298162454545455 ], [ -63.989543363636372, -0.308350454545455 ], [ -63.904664363636371, -0.318538454545454 ], [ -63.75865736363636, -0.318538454545454 ], [ -63.707717363636363, -0.338905454545454 ], [ -63.616043363636365, -0.379657454545459 ], [ -63.585479363636367, -0.403426454545453 ], [ -63.537941363636364, -0.450964454545456 ], [ -63.483608363636364, -0.495109454545457 ], [ -63.408908363636371, -0.546040454545455 ], [ -63.283277363636373, -0.603766454545458 ], [ -63.055775363636371, -0.678466454545458 ], [ -63.025220363636365, -0.698833454545458 ], [ -62.974280363636367, -0.75655945454546 ], [ -62.936930363636364, -0.848242454545456 ], [ -62.913161363636362, -0.872011454545458 ], [ -62.821478363636359, -0.933130454545456 ], [ -62.746778363636366, -0.977275454545456 ], [ -62.63472836363637, -1.055368454545459 ], [ -62.529464363636365, -1.085923454545458 ], [ -62.437781363636361, -1.13347045454546 ], [ -62.363081363636368, -1.177606454545455 ], [ -62.284988363636359, -1.18780345454546 ], [ -62.200100363636366, -1.218358454545459 ], [ -62.071067363636359, -1.272682454545453 ], [ -61.938632363636373, -1.354177454545457 ], [ -61.901282363636369, -1.384732454545457 ] ], [ [ -67.231442363636361, 0.038932545454543 ], [ -67.326626363636365, 0.419650545454544 ], [ -67.248902363636361, 0.571111545454542 ], [ -67.210571363636362, 0.880000545454543 ], [ -67.133909363636363, 0.912220545454545 ], [ -67.047788363636371, 0.90388654545454 ], [ -66.942506363636369, 0.885553545454542 ], [ -66.874457363636367, 0.928051545454544 ], [ -66.835568363636369, 1.014442545454543 ], [ -66.872567363636364, 1.220956545454541 ], [ -66.873215363636362, 1.223908545454542 ], [ -66.875069363636371, 1.225897545454544 ], [ -66.891683363636361, 1.251394545454545 ], [ -66.89903636363637, 1.284100545454542 ], [ -66.926387363636366, 1.459717545454545 ], [ -66.991673363636366, 1.695832545454543 ], [ -67.113236363636361, 2.026654545454541 ], [ -67.160576363636366, 2.13250354545454 ], [ -67.175291363636362, 2.153338545454545 ], [ -67.198628363636359, 2.207500545454543 ], [ -67.21153436363636, 2.243608545454542 ], [ -67.216943363636361, 2.275279545454545 ], [ -67.207511363636371, 2.294863545454547 ], [ -67.184588363636365, 2.316112545454544 ], [ -67.174184363636371, 2.336524545454544 ], [ -67.192508363636364, 2.392495545454544 ], [ -67.219517363636371, 2.413123545454546 ], [ -67.257929363636364, 2.429026545454541 ], [ -67.281401363636363, 2.438890545454541 ], [ -67.325213363636365, 2.474026545454542 ], [ -67.485566363636366, 2.653333545454544 ], [ -67.535282363636369, 2.68000054545454 ], [ -67.589732363636372, 2.764159545454547 ], [ -67.605833363636364, 2.793337545454541 ], [ -67.634444363636362, 2.809447545454546 ], [ -67.76583536363637, 2.832496545454546 ], [ -67.770794363636369, 2.83203754545454 ], [ -67.77660836363637, 2.829148545454544 ], [ -67.843928363636365, 2.795767545454545 ], [ -67.853801363636364, 2.790871545454543 ], [ -67.967237363636372, 2.744998545454543 ], [ -68.110562363636362, 2.573890545454546 ], [ -68.133071363636361, 2.602771545454544 ], [ -68.196674363636362, 2.545837545454546 ], [ -68.299454363636372, 2.336947545454542 ], [ -68.382506363636367, 2.276107545454543 ], [ -68.535290363636364, 2.390551545454542 ], [ -68.911958363636373, 2.43139354545454 ], [ -69.101120363636369, 2.331394545454543 ], [ -69.220289363636368, 2.365837545454546 ], [ -69.391694363636361, 2.308336545454544 ], [ -69.51196136363636, 2.317768545454541 ], [ -69.696965363636366, 1.999996545454543 ], [ -69.960575363636366, 2.019166545454546 ], [ -70.013072363636368, 1.977496545454542 ] ], [ [ -61.901282363636369, -1.384732454545457 ], [ -61.860548363636369, -1.405108454545456 ], [ -61.82998436363637, -1.40171545454546 ], [ -61.792634363636367, -1.391527454545454 ], [ -61.755284363636363, -1.388134454545458 ], [ -61.639823363636367, -1.432279454545458 ], [ -61.585499363636359, -1.459441454545455 ], [ -61.561739363636363, -1.500193454545453 ], [ -61.47005636363636, -1.65978145454546 ], [ -61.456466363636366, -1.700524454545459 ], [ -61.442885363636364, -1.754857454545458 ], [ -61.442885363636364, -1.795600454545458 ], [ -61.425911363636359, -1.839745454545458 ], [ -61.408928363636363, -1.870300454545458 ], [ -61.378373363636371, -1.897462454545455 ], [ -61.327433363636359, -1.938214454545459 ], [ -61.279904363636362, -1.961983454545454 ], [ -61.23575036363637, -2.006128454545454 ], [ -61.103333363636366, -2.182690454545458 ], [ -61.076171363636362, -2.233630454545455 ], [ -61.059197363636372, -2.277775454545456 ], [ -61.049000363636367, -2.321911454545457 ], [ -61.049000363636367, -2.35585945454546 ], [ -61.038821363636359, -2.403397454545456 ], [ -61.021847363636368, -2.433961454545454 ], [ -60.923369363636368, -2.539225454545459 ], [ -60.794336363636361, -2.668258454545459 ], [ -60.733217363636371, -2.715796454545455 ], [ -60.661910363636366, -2.790496454545455 ], [ -60.560048363636369, -2.946691454545459 ], [ -60.49552736363637, -3.004417454545454 ], [ -60.431015363636362, -3.048553454545456 ], [ -60.383468363636368, -3.072331454545456 ], [ -60.230684363636371, -3.072331454545456 ], [ -60.16955636363636, -3.085912454545458 ], [ -60.139001363636368, -3.096091454545459 ], [ -60.11522336363636, -3.109681454545459 ], [ -60.091463363636365, -3.130057454545458 ], [ -60.00318236363637, -3.167398454545456 ], [ -59.986199363636359, -3.170800454545457 ], [ -59.96582336363636, -3.170800454545457 ], [ -59.952233363636367, -3.167398454545456 ], [ -59.911490363636361, -3.150424454545458 ] ] ] } },
{ "type": "Feature", "properties": { "NAME": "Rio Teles Pires", "SYSTEM": "Amazon", "MILES": 737.19632, "KILOMETERS": 1186.40485 }, "geometry": { "type": "MultiLineString", "coordinates": [ [ [ -58.13556536363636, -7.339159454545456 ], [ -58.090277363636361, -7.376941454545456 ], [ -58.060280363636366, -7.408333454545456 ], [ -57.978893363636359, -7.530553454545458 ], [ -57.909449363636369, -7.657777454545457 ], [ -57.883610363636365, -7.756948454545459 ], [ -57.819728363636372, -7.954444454545456 ], [ -57.794447363636365, -8.025553454545456 ], [ -57.789452363636372, -8.035840454545458 ], [ -57.705284363636366, -8.156386454545459 ], [ -57.656108363636363, -8.260282454545457 ], [ -57.670283363636372, -8.328052454545457 ], [ -57.670832363636364, -8.416108454545459 ], [ -57.640007363636371, -8.568613454545456 ], [ -57.593612363636367, -8.708887454545458 ], [ -57.501119363636363, -8.776675454545458 ], [ -57.489446363636361, -8.782777454545457 ], [ -57.36556136363636, -8.903332454545456 ], [ -57.361394363636364, -8.916112454545456 ], [ -57.309446363636368, -8.951941454545455 ], [ -57.29695436363636, -8.958889454545456 ], [ -57.277784363636371, -8.966386454545457 ], [ -57.207782363636369, -8.991946454545456 ], [ -57.09056636363637, -9.055558454545459 ], [ -57.080279363636365, -9.078607454545455 ], [ -57.076121363636361, -9.099730454545458 ], [ -57.07194536363636, -9.123337454545457 ], [ -57.075563363636363, -9.188335454545456 ], [ -57.073619363636368, -9.197785454545457 ], [ -57.06583436363637, -9.218053454545458 ], [ -57.059174363636359, -9.228889454545456 ], [ -57.048887363636368, -9.234163454545456 ], [ -56.998892363636372, -9.249724454545458 ], [ -56.977499363636369, -9.239725454545457 ], [ -56.967230363636361, -9.238339454545457 ], [ -56.946107363636372, -9.238888454545457 ], [ -56.868617363636361, -9.254449454545458 ], [ -56.847503363636363, -9.263332454545456 ], [ -56.83638836363636, -9.272215454545456 ], [ -56.82695636363637, -9.282781454545457 ], [ -56.819450363636363, -9.292231454545458 ], [ -56.806949363636363, -9.313336454545457 ], [ -56.810279363636369, -9.335557454545455 ], [ -56.809172363636364, -9.346393454545456 ], [ -56.798894363636364, -9.375004454545458 ], [ -56.793332363636367, -9.385003454545458 ], [ -56.786393363636364, -9.395839454545456 ], [ -56.776943363636363, -9.401941454545458 ], [ -56.767223363636361, -9.403336454545457 ], [ -56.754173363636369, -9.401941454545458 ], [ -56.743058363636365, -9.398611454545456 ], [ -56.710550363636372, -9.379720454545456 ], [ -56.70056036363637, -9.375553454545457 ], [ -56.678339363636368, -9.374176454545456 ], [ -56.588339363636365, -9.407503454545456 ], [ -56.57805236363636, -9.414163454545456 ], [ -56.549441363636362, -9.443890454545457 ], [ -56.483606363636369, -9.472231454545458 ], [ -56.461673363636365, -9.479728454545455 ], [ -56.44492436363636, -9.482473454545456 ], [ -56.41278536363636, -9.482500454545455 ], [ -56.40055436363636, -9.485839454545456 ], [ -56.391113363636364, -9.490555454545458 ], [ -56.380007363636366, -9.499168454545458 ], [ -56.349164363636362, -9.541945454545456 ], [ -56.319725363636366, -9.573058454545457 ], [ -56.293067363636368, -9.591949454545457 ], [ -56.26973036363637, -9.601390454545456 ], [ -56.081945363636365, -9.643339454545458 ], [ -56.015282363636359, -9.649441454545457 ], [ -55.973621363636369, -9.637219454545455 ], [ -55.962785363636371, -9.635833454545455 ], [ -55.952507363636371, -9.637777454545457 ], [ -55.939448363636359, -9.643888454545458 ], [ -55.90861436363636, -9.665551454545458 ], [ -55.820009363636359, -9.731107454545455 ], [ -55.798337363636364, -9.749170454545457 ], [ -55.600832363636371, -9.917497454545458 ], [ -55.583066363636362, -9.940285454545457 ], [ -55.571672363636367, -9.961948454545457 ], [ -55.549442363636359, -10.036666454545458 ], [ -55.548056363636363, -10.046944454545457 ], [ -55.550837363636361, -10.067779454545455 ], [ -55.568612363636362, -10.158886454545456 ], [ -55.576955363636372, -10.179730454545457 ], [ -55.602227363636359, -10.229725454545456 ], [ -55.610003363636366, -10.239724454545456 ], [ -55.619444363636362, -10.246663454545455 ], [ -55.639163363636371, -10.253890454545456 ], [ -55.681121363636365, -10.260001454545456 ], [ -55.702505363636362, -10.255285454545458 ], [ -55.725563363636368, -10.252783454545458 ], [ -55.769996363636366, -10.251946454545457 ], [ -55.791947363636368, -10.253332454545458 ], [ -55.814726363636368, -10.260838454545457 ], [ -55.825562363636365, -10.268893454545456 ], [ -55.833338363636372, -10.278334454545458 ], [ -55.910000363636371, -10.377496454545458 ], [ -55.92027836363637, -10.396945454545456 ], [ -55.928333363636369, -10.417231454545458 ], [ -55.929728363636372, -10.436671454545458 ], [ -55.927784363636363, -10.448335454545457 ], [ -55.920836363636369, -10.469161454545457 ], [ -55.907228363636364, -10.489159454545458 ], [ -55.867502363636362, -10.526392454545459 ], [ -55.851113363636372, -10.545832454545458 ], [ -55.843607363636366, -10.565281454545456 ], [ -55.841663363636371, -10.574722454545459 ], [ -55.840835363636359, -10.638055454545459 ], [ -55.842779363636367, -10.647496454545458 ], [ -55.849727363636362, -10.659160454545457 ], [ -55.893620363636359, -10.683334454545456 ], [ -55.914176363636372, -10.703611454545456 ], [ -55.92027836363637, -10.714168454545458 ], [ -55.936676363636366, -10.766674454545456 ], [ -55.936109363636362, -10.804996454545456 ], [ -55.933337363636369, -10.815283454545458 ], [ -55.928333363636369, -10.825282454545459 ], [ -55.843607363636366, -10.971388454545458 ], [ -55.832501363636368, -10.990279454545458 ], [ -55.823060363636372, -10.996111454545456 ], [ -55.812782363636359, -10.996948454545457 ], [ -55.740836363636362, -11.001664454545455 ], [ -55.709165363636359, -10.986112454545456 ], [ -55.607231363636359, -10.971946454545456 ], [ -55.555553363636363, -10.974727454545455 ], [ -55.546112363636368, -10.976113454545455 ], [ -55.371395363636367, -11.026387454545457 ], [ -55.339724363636364, -11.040004454545457 ], [ -55.309448363636363, -11.056663454545458 ], [ -55.301942363636371, -11.075554454545458 ], [ -55.301942363636371, -11.085553454545458 ], [ -55.304174363636363, -11.095003454545456 ], [ -55.319456363636363, -11.114731454545456 ], [ -55.368614363636368, -11.141389454545457 ], [ -55.387784363636371, -11.154160454545458 ], [ -55.405550363636365, -11.173051454545458 ], [ -55.420562363636364, -11.193337454545457 ], [ -55.437779363636366, -11.225557454545456 ], [ -55.44445736363636, -11.248894454545457 ], [ -55.449443363636362, -11.278054454545458 ], [ -55.456949363636369, -11.308339454545457 ], [ -55.475561363636359, -11.370556454545458 ], [ -55.480835363636359, -11.380834454545457 ], [ -55.502228363636362, -11.396944454545459 ], [ -55.540001363636364, -11.440558454545457 ], [ -55.603055363636372, -11.521666454545457 ], [ -55.715285363636369, -11.668888454545456 ], [ -55.722782363636369, -11.679445454545458 ], [ -55.740836363636362, -11.719729454545458 ], [ -55.746119363636367, -11.739997454545456 ], [ -55.736669363636366, -11.749447454545457 ], [ -55.726391363636367, -11.751391454545455 ], [ -55.71666236363636, -11.759446454545458 ], [ -55.703612363636367, -11.778058454545459 ], [ -55.699445363636372, -11.787499454545458 ], [ -55.679726363636362, -11.847223454545457 ], [ -55.68249836363637, -11.857231454545456 ], [ -55.711946363636372, -11.868607454545458 ], [ -55.715285363636369, -11.879443454545456 ], [ -55.713890363636366, -11.888893454545457 ], [ -55.678889363636372, -11.965285454545455 ], [ -55.621946363636368, -12.051676454545458 ], [ -55.580285363636364, -12.128887454545456 ], [ -55.59194936363636, -12.183886454545458 ], [ -55.612496363636367, -12.265552454545457 ], [ -55.62138836363637, -12.284731454545458 ], [ -55.629722363636361, -12.294172454545457 ], [ -55.639163363636371, -12.298339454545456 ], [ -55.64944136363637, -12.298339454545456 ], [ -55.668620363636364, -12.288052454545458 ], [ -55.678340363636366, -12.284731454545458 ], [ -55.688618363636365, -12.283606454545456 ], [ -55.707779363636362, -12.291661454545459 ], [ -55.718057363636362, -12.300283454545458 ], [ -55.796105363636372, -12.412783454545458 ], [ -55.798895363636362, -12.423340454545457 ], [ -55.818065363636364, -12.645550454545457 ], [ -55.783334363636371, -12.716389454545457 ], [ -55.697501363636363, -12.822499454545458 ], [ -55.712783363636362, -12.944998454545456 ], [ -55.726958363636371, -13.033054454545457 ], [ -55.728335363636361, -13.043053454545458 ], [ -55.726958363636371, -13.052503454545455 ], [ -55.689176363636363, -13.132504454545458 ], [ -55.683065363636359, -13.141675454545457 ], [ -55.620839363636364, -13.231945454545457 ], [ -55.535834363636368, -13.322503454545458 ], [ -55.485839363636359, -13.344445454545458 ], [ -55.475561363636359, -13.349161454545456 ], [ -55.425566363636364, -13.403332454545456 ], [ -55.412228363636359, -13.421944454545457 ], [ -55.390007363636371, -13.480552454545457 ], [ -55.378064363636369, -13.500550454545458 ], [ -55.361945363636366, -13.523050454545459 ], [ -55.352783363636362, -13.533337454545457 ], [ -55.343333363636361, -13.540555454545459 ], [ -55.220555363636365, -13.590550454545458 ], [ -55.155557363636362, -13.611106454545457 ], [ -55.146116363636366, -13.615282454545458 ], [ -55.135559363636361, -13.623886454545456 ], [ -55.12806236363636, -13.633057454545458 ], [ -55.108064363636359, -13.720285454545458 ], [ -55.109729363636362, -13.729726454545457 ], [ -55.126118363636365, -13.758337454545458 ], [ -55.129448363636371, -13.768894454545457 ], [ -55.130834363636367, -13.787497454545456 ], [ -55.127504363636362, -13.801663454545459 ], [ -55.122509363636368, -13.811671454545458 ], [ -55.070552363636367, -13.896667454545458 ], [ -55.017785363636364, -13.991941454545458 ], [ -54.97805036363637, -14.078332454545457 ], [ -54.957503363636363, -14.150557454545456 ], [ -54.919172363636363, -14.278051454545459 ], [ -54.913610363636366, -14.287501454545456 ], [ -54.904160363636365, -14.295556454545459 ], [ -54.89362136363637, -14.300002454545456 ], [ -54.87389336363637, -14.302783454545455 ], [ -54.864173363636368, -14.310001454545457 ], [ -54.868340363636364, -14.329999454545458 ], [ -54.898337363636372, -14.377231454545456 ], [ -54.906113363636365, -14.387221454545458 ], [ -54.935561363636367, -14.424166454545457 ], [ -54.945011363636368, -14.434165454545457 ], [ -55.005284363636363, -14.480002454545456 ], [ -55.015013363636371, -14.483332454545458 ], [ -55.044443363636361, -14.488606454545458 ], [ -55.074719363636362, -14.488606454545458 ], [ -55.104725363636362, -14.491387454545457 ], [ -55.124723363636363, -14.500558454545455 ], [ -55.143893363636366, -14.514445454545456 ], [ -55.153334363636361, -14.525002454545458 ], [ -55.16777936363637, -14.543605454545457 ], [ -55.180838363636369, -14.573611454545457 ], [ -55.187777363636371, -14.584159454545457 ], [ -55.232228363636366, -14.633893454545458 ] ] ] } },
{ "type": "Feature", "properties": { "NAME": "Tapajos", "SYSTEM": "Amazon", "MILES": 504.47161, "KILOMETERS": 811.86998 }, "geometry": { "type": "MultiLineString", "coordinates": [ [ [ -58.13556536363636, -7.339159454545456 ], [ -58.154726363636371, -7.324165454545458 ], [ -58.171952363636365, -7.303051454545457 ], [ -58.178333363636369, -7.280551454545456 ], [ -58.178612363636361, -7.270282454545455 ], [ -58.178612363636361, -7.260832454545458 ], [ -58.173338363636361, -7.241113454545456 ], [ -58.173338363636361, -7.220836454545456 ], [ -58.181402363636366, -7.177780454545456 ], [ -58.19389436363636, -7.145281454545458 ], [ -58.217780363636365, -7.101667454545456 ], [ -58.22695136363636, -7.092226454545457 ], [ -58.310282363636361, -7.006663454545457 ], [ -58.321397363636365, -6.997780454545456 ], [ -58.341665363636366, -6.987502454545456 ], [ -58.357514363636369, -6.983857454545458 ], [ -58.389167363636361, -6.965002454545456 ], [ -58.396115363636369, -6.954715454545457 ], [ -58.416392363636362, -6.923611454545458 ], [ -58.428335363636364, -6.900553454545456 ], [ -58.441943363636369, -6.869161454545456 ], [ -58.449449363636361, -6.847498454545455 ], [ -58.469456363636368, -6.773887454545456 ], [ -58.472228363636361, -6.753610454545456 ], [ -58.472228363636361, -6.723613454545458 ], [ -58.467224363636362, -6.701662454545456 ], [ -58.458620363636371, -6.680557454545458 ], [ -58.447496363636361, -6.660280454545457 ], [ -58.430279363636359, -6.639724454545458 ], [ -58.285001363636368, -6.486661454545455 ], [ -58.253060363636365, -6.462226454545458 ], [ -58.182230363636364, -6.425281454545456 ], [ -58.172501363636371, -6.421393454545456 ], [ -58.150280363636369, -6.417226454545457 ], [ -58.070558363636366, -6.411106454545457 ], [ -57.972503363636363, -6.396112454545456 ], [ -57.959444363636365, -6.391387454545455 ], [ -57.947780363636369, -6.384448454545456 ], [ -57.902501363636361, -6.349726454545458 ], [ -57.878615363636371, -6.339448454545458 ], [ -57.833894363636361, -6.326659454545457 ], [ -57.769724363636371, -6.329449454545458 ], [ -57.74972636363637, -6.323338454545457 ], [ -57.73944836363637, -6.315004454545456 ], [ -57.596123363636366, -6.101659454545455 ], [ -57.594179363636371, -6.079447454545456 ], [ -57.601136363636371, -6.036391454545456 ], [ -57.605834363636362, -5.963608454545458 ], [ -57.603890363636367, -5.953888454545456 ], [ -57.595835363636368, -5.943052454545455 ], [ -57.574442363636365, -5.929444454545457 ], [ -57.55445336363637, -5.929444454545457 ], [ -57.541394363636371, -5.927221454545457 ], [ -57.530558363636359, -5.924719454545457 ], [ -57.51944336363637, -5.919166454545458 ], [ -57.509174363636362, -5.911111454545456 ], [ -57.426392363636367, -5.837500454545456 ], [ -57.291392363636362, -5.763052454545456 ], [ -57.277784363636371, -5.752225454545457 ], [ -57.270278363636365, -5.741389454545455 ], [ -57.251117363636368, -5.707225454545458 ], [ -57.234728363636364, -5.671666454545456 ], [ -57.22139036363636, -5.647780454545458 ], [ -57.212777363636363, -5.637502454545455 ], [ -57.143333363636359, -5.581666454545456 ], [ -57.119996363636361, -5.563891454545455 ], [ -57.098063363636371, -5.553613454545456 ], [ -57.077507363636371, -5.552497454545456 ], [ -57.068066363636362, -5.547502454545455 ], [ -57.029159363636367, -5.523607454545456 ], [ -57.021392363636366, -5.514166454545457 ], [ -56.970002363636368, -5.411107454545458 ], [ -56.959724363636369, -5.390002454545456 ], [ -56.958617363636364, -5.379715454545458 ], [ -56.968058363636359, -5.359159454545456 ], [ -56.974160363636372, -5.338054454545457 ], [ -56.952785363636366, -5.273335454545457 ], [ -56.945279363636359, -5.252779454545458 ], [ -56.940563363636372, -5.242501454545458 ], [ -56.926946363636361, -5.221387454545457 ], [ -56.908334363636371, -5.198887454545456 ], [ -56.898605363636364, -5.192218454545458 ], [ -56.889164363636368, -5.190004454545456 ], [ -56.812502363636369, -5.076109454545456 ], [ -56.735552363636359, -4.955833454545456 ], [ -56.728334363636364, -4.943611454545454 ], [ -56.705555363636364, -4.890277454545455 ], [ -56.698058363636363, -4.86860545454546 ], [ -56.691119363636361, -4.838608454545458 ], [ -56.696672363636367, -4.807783454545458 ], [ -56.691947363636359, -4.788055454545457 ], [ -56.684441363636367, -4.777777454545458 ], [ -56.639729363636363, -4.743613454545454 ], [ -56.606942363636364, -4.72638745454546 ], [ -56.56223036363636, -4.707496454545456 ], [ -56.551943363636369, -4.708054454545454 ], [ -56.452511363636361, -4.734730454545456 ], [ -56.423891363636372, -4.745557454545455 ], [ -56.411660363636372, -4.74416245454546 ], [ -56.402498363636369, -4.734730454545456 ], [ -56.393057363636359, -4.722499454545456 ], [ -56.373887363636371, -4.684996454545455 ], [ -56.319167363636367, -4.645279454545459 ], [ -56.295281363636363, -4.634443454545455 ], [ -56.261387363636359, -4.613887454545456 ], [ -56.25722936363637, -4.602781454545458 ], [ -56.256662363636366, -4.520278454545455 ], [ -56.25722936363637, -4.463605454545458 ], [ -56.256113363636359, -4.43972845454546 ], [ -56.253890363636359, -4.426660454545456 ], [ -56.246393363636372, -4.405555454545457 ], [ -56.230004363636368, -4.384999454545458 ], [ -56.219726363636369, -4.378888454545454 ], [ -56.195552363636367, -4.374721454545458 ], [ -56.185283363636358, -4.375279454545456 ], [ -56.165555363636372, -4.379446454545459 ], [ -56.143622363636368, -4.384999454545458 ], [ -56.132507363636364, -4.389724454545458 ], [ -56.123066363636369, -4.391110454545455 ], [ -56.113616363636368, -4.391947454545459 ], [ -56.09639036363636, -4.38639445454546 ], [ -56.08611236363636, -4.380832454545455 ], [ -55.97084036363637, -4.309165454545457 ], [ -55.869725363636363, -4.243609454545457 ], [ -55.846946363636363, -4.224997454545459 ], [ -55.817507363636366, -4.180555454545456 ], [ -55.790003363636359, -4.146391454545459 ], [ -55.780553363636372, -4.139731454545455 ], [ -55.75916936363636, -4.12860745454546 ], [ -55.69610636363636, -4.103335454545459 ], [ -55.675559363636367, -4.091113454545457 ], [ -55.665281363636367, -4.081393454545456 ], [ -55.642223363636361, -4.050838454545456 ], [ -55.625555363636366, -4.022785454545456 ], [ -55.62000236363636, -4.002229454545457 ], [ -55.617500363636367, -3.968056454545454 ], [ -55.61389136363637, -3.94333345454546 ], [ -55.588619363636369, -3.844999454545459 ], [ -55.556399363636359, -3.788335454545454 ], [ -55.530281363636362, -3.745837454545459 ], [ -55.518050363636362, -3.730834454545459 ], [ -55.495280363636368, -3.711664454545456 ], [ -55.478333363636366, -3.701386454545457 ], [ -55.440560363636365, -3.683053454545458 ], [ -55.433063363636364, -3.676663454545455 ], [ -55.420013363636372, -3.662497454545459 ], [ -55.41445136363636, -3.654163454545454 ], [ -55.403615363636362, -3.637216454545459 ], [ -55.393337363636363, -3.616111454545454 ], [ -55.34523236363637, -3.544768454545455 ], [ -55.330400363636372, -3.515104454545458 ], [ -55.315559363636368, -3.449827454545456 ], [ -55.247330363636365, -3.283669454545453 ], [ -55.214687363636372, -3.224323454545456 ], [ -55.176122363636367, -3.162016454545459 ], [ -55.158320363636363, -3.099709454545454 ], [ -55.164242363636362, -2.960263454545455 ], [ -55.125668363636365, -2.853442454545458 ], [ -55.098974363636358, -2.740699454545457 ], [ -55.072271363636361, -2.613115454545458 ], [ -55.036667363636369, -2.479600454545455 ], [ -55.004024363636361, -2.438056454545453 ], [ -54.956558363636361, -2.420254454545457 ], [ -54.912044363636369, -2.405422454545459 ], [ -54.831935363636362, -2.384650454545458 ], [ -54.728093363636361, -2.414314454545455 ], [ -54.60575636363636, -2.430163454545458 ] ] ] } },
{ "type": "Feature", "properties": { "NAME": "Tocantins", "SYSTEM": null, "MILES": 1265.97721, "KILOMETERS": 2037.3969 }, "geometry": { "type": "MultiLineString", "coordinates": [ [ [ -49.487231363636369, -2.549701454545456 ], [ -49.533770363636364, -2.585917454545459 ], [ -49.565549363636364, -2.606140454545454 ], [ -49.652201363636365, -2.652355454545457 ], [ -49.663757363636364, -2.66102245454546 ], [ -49.675313363636363, -2.67834745454546 ], [ -49.678202363636359, -2.773675454545454 ], [ -49.678202363636359, -2.811214454545457 ], [ -49.672424363636367, -2.84011345454546 ], [ -49.649321363636361, -2.912320454545458 ], [ -49.646423363636359, -2.929654454545457 ], [ -49.657979363636372, -3.117412454545459 ], [ -49.669535363636371, -3.146293454545457 ], [ -49.669535363636371, -3.250279454545456 ], [ -49.663757363636364, -3.28494745454546 ], [ -49.626209363636363, -3.414925454545454 ], [ -49.617533363636369, -3.510244454545457 ], [ -49.617533363636369, -3.542014454545459 ], [ -49.620431363636371, -3.562246454545459 ], [ -49.640645363636366, -3.614239454545455 ], [ -49.655090363636361, -3.637342454545454 ], [ -49.678202363636359, -3.657565454545455 ], [ -49.692647363636368, -3.677779454545458 ], [ -49.701305363636365, -3.729772454545454 ], [ -49.701305363636365, -3.781774454545456 ], [ -49.692647363636368, -3.804877454545455 ], [ -49.621943363636362, -3.989728454545457 ], [ -49.640843363636364, -4.030282454545457 ], [ -49.523348363636359, -4.538332454545454 ], [ -49.443347363636363, -4.613887454545456 ], [ -49.445282363636366, -4.907503454545456 ], [ -49.339730363636363, -5.007502454545456 ], [ -49.317518363636367, -5.178340454545456 ], [ -49.206674363636367, -5.341393454545457 ], [ -49.158335363636368, -5.353057454545457 ], [ -48.956672363636372, -5.285557454545458 ], [ -48.717713363636364, -5.356855454545457 ], [ -48.690560363636365, -5.321944454545456 ], [ -48.678887363636363, -5.312782454545456 ], [ -48.519173363636369, -5.199445454545458 ], [ -48.436958363636364, -5.172499454545456 ], [ -48.397511363636369, -5.165002454545458 ], [ -48.364175363636363, -5.165002454545458 ], [ -48.338057363636366, -5.167504454545458 ], [ -48.312497363636368, -5.182219454545457 ], [ -48.243053363636363, -5.224159454545457 ], [ -48.19360736363636, -5.251663454545458 ], [ -48.152225363636362, -5.266945454545457 ], [ -48.077507363636371, -5.271391454545459 ], [ -48.067220363636366, -5.271112454545456 ], [ -48.043622363636359, -5.269159454545456 ], [ -48.032228363636364, -5.259997454545456 ], [ -48.016397363636372, -5.241394454545457 ], [ -48.002231363636369, -5.235004454545457 ], [ -47.996120363636365, -5.234446454545456 ], [ -47.960840363636365, -5.239441454545457 ], [ -47.915840363636363, -5.248054454545457 ], [ -47.895284363636364, -5.255551454545458 ], [ -47.885834363636363, -5.260285454545457 ], [ -47.875835363636369, -5.270833454545457 ], [ -47.857781363636363, -5.300281454545456 ], [ -47.857511363636362, -5.312215454545456 ], [ -47.859725363636372, -5.331394454545457 ], [ -47.855837363636368, -5.361112454545456 ], [ -47.845550363636363, -5.378050454545455 ], [ -47.838890363636366, -5.384998454545457 ], [ -47.830835363636368, -5.389444454545458 ], [ -47.813618363636365, -5.393611454545457 ], [ -47.800559363636367, -5.394727454545457 ], [ -47.768618363636364, -5.393332454545458 ], [ -47.755280363636359, -5.386393454545455 ], [ -47.742779363636359, -5.386663454545456 ], [ -47.543618363636369, -5.475556454545458 ], [ -47.501948363636359, -5.523058454545456 ], [ -47.482229363636364, -5.551390454545455 ], [ -47.473616363636367, -5.576392454545456 ], [ -47.46500336363637, -5.629159454545455 ], [ -47.466659363636367, -5.674447454545458 ], [ -47.454725363636371, -5.771386454545457 ], [ -47.444456363636363, -5.788891454545457 ], [ -47.415836363636359, -5.862214454545455 ], [ -47.413334363636366, -5.870557454545455 ], [ -47.412506363636368, -5.924161454545455 ], [ -47.41278536363636, -5.931109454545457 ], [ -47.427509363636361, -5.984164454545457 ], [ -47.430569363636366, -6.009715454545457 ], [ -47.427230363636369, -6.106105454545457 ], [ -47.415845363636365, -6.168340454545458 ], [ -47.411957363636361, -6.178339454545458 ], [ -47.40667436363637, -6.186664454545458 ], [ -47.380844363636371, -6.215833454545457 ], [ -47.371943363636362, -6.234166454545456 ], [ -47.368901363636368, -6.251392454545456 ], [ -47.369999363636367, -6.276106454545456 ], [ -47.403614363636365, -6.397498454545456 ], [ -47.450279363636369, -6.549166454545457 ], [ -47.454725363636371, -6.558607454545456 ], [ -47.483894363636367, -6.671944454545457 ], [ -47.485001363636371, -6.678055454545458 ], [ -47.50333436363637, -6.818608454545458 ], [ -47.503622363636367, -6.825556454545456 ], [ -47.499725363636372, -6.848335454545456 ], [ -47.487503363636364, -6.876946454545457 ], [ -47.483336363636369, -6.893056454545455 ], [ -47.483336363636369, -6.898339454545457 ], [ -47.501399363636367, -6.988051454545456 ], [ -47.510552363636364, -7.006942454545456 ], [ -47.606393363636371, -7.104448454545455 ], [ -47.67751136363637, -7.144723454545456 ], [ -47.694161363636368, -7.145281454545458 ], [ -47.726111363636363, -7.161391454545456 ], [ -47.736389363636363, -7.178887454545457 ], [ -47.741105363636365, -7.195285454545456 ], [ -47.740835363636364, -7.201387454545458 ], [ -47.731673363636361, -7.219720454545456 ], [ -47.617229363636369, -7.294996454545458 ], [ -47.594999363636362, -7.275835454545458 ], [ -47.58444236363637, -7.272784454545455 ], [ -47.573336363636372, -7.271947454545458 ], [ -47.518058363636371, -7.280839454545458 ], [ -47.498888363636368, -7.289722454545458 ], [ -47.486387363636368, -7.304725454545459 ], [ -47.479169363636359, -7.318612454545455 ], [ -47.474165363636359, -7.347214454545458 ], [ -47.474723363636372, -7.366393454545456 ], [ -47.479448363636365, -7.380001454545457 ], [ -47.489726363636365, -7.390558454545456 ], [ -47.51166836363636, -7.402780454545457 ], [ -47.54388836363637, -7.411393454545458 ], [ -47.563058363636358, -7.419448454545456 ], [ -47.583065363636365, -7.433893454545458 ], [ -47.589176363636369, -7.446106454545458 ], [ -47.614169363636364, -7.486390454545457 ], [ -47.620001363636362, -7.548886454545457 ], [ -47.624168363636372, -7.623055454545458 ], [ -47.623889363636366, -7.629445454545458 ], [ -47.630009363636361, -7.644448454545458 ], [ -47.638892363636359, -7.656391454545457 ], [ -47.675000363636372, -7.695001454545459 ], [ -47.699174363636359, -7.711948454545457 ], [ -47.778338363636365, -7.763338454545458 ], [ -47.845550363636363, -7.791661454545459 ], [ -47.880839363636369, -7.804162454545455 ], [ -47.893052363636372, -7.812784454545458 ], [ -47.902223363636367, -7.824160454545456 ], [ -47.966663363636371, -7.951663454545457 ], [ -47.961110363636365, -8.025004454545456 ], [ -47.95694336363637, -8.047783454545456 ], [ -47.959724363636369, -8.059447454545456 ], [ -47.965565363636372, -8.067502454545458 ], [ -47.972783363636367, -8.074162454545458 ], [ -47.977778363636361, -8.076106454545457 ], [ -47.998892363636372, -8.082226454545456 ], [ -48.031670363636366, -8.089723454545457 ], [ -48.083618363636361, -8.091946454545457 ], [ -48.108062363636364, -8.088058454545457 ], [ -48.127223363636361, -8.089444454545458 ], [ -48.134999363636368, -8.095285454545458 ], [ -48.156113363636365, -8.130277454545457 ], [ -48.17167436363637, -8.156665454545458 ], [ -48.178064363636366, -8.178337454545456 ], [ -48.17778536363636, -8.191666454545455 ], [ -48.145835363636365, -8.347780454545457 ], [ -48.14139836363637, -8.363890454545459 ], [ -48.135836363636372, -8.376949454545457 ], [ -48.130013363636365, -8.385004454545456 ], [ -48.095552363636372, -8.413057454545456 ], [ -48.091664363636369, -8.429725454545459 ], [ -48.094175363636367, -8.470279454545455 ], [ -48.09584036363637, -8.482501454545456 ], [ -48.099728363636359, -8.492779454545456 ], [ -48.107513363636372, -8.506387454545457 ], [ -48.114731363636366, -8.512777454545457 ], [ -48.131660363636371, -8.516386454545458 ], [ -48.138617363636371, -8.523055454545457 ], [ -48.144170363636363, -8.531659454545458 ], [ -48.147230363636368, -8.542504454545458 ], [ -48.14777936363636, -8.589448454545458 ], [ -48.138059363636359, -8.733052454545458 ], [ -48.180719363636371, -8.961031454545456 ], [ -48.18749636363637, -9.011386454545455 ], [ -48.192779363636362, -9.026947454545457 ], [ -48.204173363636372, -9.043894454545455 ], [ -48.229445363636358, -9.066943454545456 ], [ -48.23889536363636, -9.078337454545458 ], [ -48.27333836363637, -9.120277454545455 ], [ -48.279161363636362, -9.128332454545458 ], [ -48.311957363636367, -9.179443454545456 ], [ -48.318887363636364, -9.193609454545456 ], [ -48.345833363636359, -9.251947454545459 ], [ -48.349730363636368, -9.261946454545456 ], [ -48.371942363636364, -9.344998454545458 ], [ -48.381950363636363, -9.445834454545459 ], [ -48.383057363636368, -9.558055454545457 ], [ -48.376946363636364, -9.679447454545457 ], [ -48.36472436363637, -9.759997454545456 ], [ -48.353618363636372, -9.809164454545456 ], [ -48.347498363636362, -9.816949454545458 ], [ -48.342224363636362, -9.825553454545457 ], [ -48.329723363636361, -9.847225454545455 ], [ -48.327509363636366, -9.858340454545456 ], [ -48.346121363636371, -9.991945454545458 ], [ -48.381950363636363, -10.084717454545459 ], [ -48.385838363636367, -10.088056454545455 ], [ -48.393335363636368, -10.101664454545457 ], [ -48.426122363636367, -10.171108454545458 ], [ -48.429452363636372, -10.181944454545455 ], [ -48.433889363636368, -10.206109454545459 ], [ -48.433619363636367, -10.219159454545458 ], [ -48.431945363636359, -10.223893454545458 ], [ -48.428336363636362, -10.227502454545458 ], [ -48.408338363636361, -10.235836454545456 ], [ -48.401948363636365, -10.243054454545458 ], [ -48.400283363636362, -10.253332454545458 ], [ -48.438902363636359, -10.454176454545458 ], [ -48.44666936363636, -10.473337454545458 ], [ -48.424169363636366, -10.650835454545458 ], [ -48.402227363636371, -10.775557454545456 ], [ -48.39805136363637, -10.811674454545457 ], [ -48.398609363636368, -10.823887454545456 ], [ -48.418337363636368, -10.874728454545458 ], [ -48.432782363636363, -10.902502454545456 ], [ -48.461105363636364, -10.929448454545458 ], [ -48.481391363636362, -10.943893454545456 ], [ -48.516671363636362, -10.963612454545459 ], [ -48.563615363636359, -11.028610454545458 ], [ -48.566675363636364, -11.039446454545455 ], [ -48.515285363636366, -11.171665454545458 ], [ -48.498059363636372, -11.215558454545455 ], [ -48.485279363636366, -11.230552454545457 ], [ -48.469727363636366, -11.242783454545457 ], [ -48.463895363636368, -11.250550454545458 ], [ -48.45806336363637, -11.265283454545457 ], [ -48.456668363636368, -11.270836454545456 ], [ -48.45694736363636, -11.290834454545458 ], [ -48.462113363636362, -11.325475454545458 ], [ -48.480563363636364, -11.364724454545456 ], [ -48.49222736363636, -11.380834454545457 ], [ -48.601676363636372, -11.498887454545457 ], [ -48.635282363636364, -11.527777454545458 ], [ -48.657224363636359, -11.533051454545458 ], [ -48.668618363636369, -11.542231454545458 ], [ -48.670832363636364, -11.546947454545457 ], [ -48.653615363636362, -11.684449454545458 ], [ -48.649997363636359, -11.701108454545459 ], [ -48.646118363636361, -11.710837454545455 ], [ -48.593054363636369, -11.834722454545457 ], [ -48.586673363636365, -11.848609454545457 ], [ -48.583892363636366, -11.853055454545459 ], [ -48.575837363636367, -11.858608454545458 ], [ -48.56056436363636, -11.864728454545457 ], [ -48.549998363636362, -11.881666454545456 ], [ -48.53778536363636, -11.910277454545458 ], [ -48.509444363636362, -12.003607454545456 ], [ -48.508904363636361, -12.008332454545457 ], [ -48.512513363636359, -12.026107454545457 ], [ -48.512216363636369, -12.052225454545457 ], [ -48.482507363636358, -12.182500454545458 ], [ -48.479168363636362, -12.191662454545458 ], [ -48.467225363636359, -12.207223454545456 ], [ -48.427229363636371, -12.229444454545458 ], [ -48.415556363636369, -12.231946454545458 ], [ -48.39500036363637, -12.231946454545458 ], [ -48.33055136363636, -12.253051454545457 ], [ -48.282230363636359, -12.288610454545456 ], [ -48.268622363636368, -12.302785454545457 ], [ -48.260837363636369, -12.315556454545458 ], [ -48.243620363636367, -12.379447454545456 ], [ -48.223064363636368, -12.468052454545457 ], [ -48.222785363636362, -12.474163454545458 ], [ -48.223064363636368, -12.481111454545456 ], [ -48.227294363636361, -12.487249454545456 ], [ -48.236942363636359, -12.494998454545456 ], [ -48.288062363636371, -12.558340454545458 ], [ -48.289727363636359, -12.563605454545456 ], [ -48.291392363636362, -12.670840454545456 ], [ -48.185282363636361, -12.918610454545458 ], [ -48.158894363636364, -12.967498454545456 ], [ -48.149174363636362, -12.985003454545456 ], [ -48.141110363636372, -13.079449454545458 ], [ -48.176120363636372, -13.268611454545457 ], [ -48.186668363636372, -13.374730454545457 ], [ -48.202778363636369, -13.427497454545456 ], [ -48.207224363636371, -13.427227454545456 ], [ -48.214172363636365, -13.441393454545459 ], [ -48.215567363636367, -13.461391454545456 ], [ -48.213335363636361, -13.472227454545457 ], [ -48.207224363636371, -13.480003454545457 ], [ -48.114443363636369, -13.538611454545457 ], [ -48.096119363636362, -13.539160454545456 ], [ -48.089999363636366, -13.546945454545458 ], [ -48.088055363636371, -13.551949454545458 ], [ -48.091664363636369, -13.588057454545456 ], [ -48.09388736363637, -13.607227454545455 ], [ -48.129446363636362, -13.751947454545459 ], [ -48.134729363636367, -13.760551454545457 ], [ -48.220283363636369, -13.834720454545458 ], [ -48.245564363636362, -13.850839454545458 ], [ -48.258335363636363, -13.851667454545456 ], [ -48.26306036363637, -13.849444454545456 ], [ -48.267227363636366, -13.846672454545455 ], [ -48.275282363636364, -13.833892454545456 ], [ -48.296675363636368, -13.819996454545457 ], [ -48.30222836363636, -13.819726454545457 ], [ -48.344456363636368, -13.820833454545458 ], [ -48.349730363636368, -13.822777454545456 ], [ -48.355004363636368, -13.831660454545457 ], [ -48.36055736363636, -13.852504454545457 ], [ -48.358892363636372, -13.965553454545457 ], [ -48.381392363636365, -13.977784454545457 ], [ -48.445013363636363, -14.014999454545457 ], [ -48.469727363636366, -14.034727454545457 ], [ -48.489725363636367, -14.070835454545456 ], [ -48.505007363636366, -14.097781454545459 ], [ -48.517778363636367, -14.119714454545456 ], [ -48.605564363636361, -14.173336454545456 ], [ -48.647783363636364, -14.166109454545456 ], [ -48.665837363636371, -14.162500454545459 ], [ -48.696671363636369, -14.145553454545457 ], [ -48.75695336363637, -14.115277454545456 ], [ -48.847781363636372, -14.134159454545458 ], [ -48.87000236363636, -14.146948454545456 ], [ -48.884447363636369, -14.159998454545455 ], [ -48.891404363636369, -14.167225454545456 ], [ -48.928610363636366, -14.213890454545457 ], [ -48.979172363636366, -14.274730454545455 ], [ -48.999458363636364, -14.289166454545455 ], [ -48.988064363636369, -14.364730454545455 ], [ -48.982223363636365, -14.410837454545458 ], [ -48.987785363636362, -14.440834454545456 ], [ -48.992501363636364, -14.450284454545457 ], [ -49.001402363636359, -14.462227454545456 ], [ -49.015280363636364, -14.476105454545458 ], [ -49.02667436363636, -14.508334454545459 ], [ -49.027781363636365, -14.602780454545456 ], [ -49.023056363636371, -14.650840454545456 ], [ -49.015838363636362, -14.703886454545458 ], [ -49.015550363636365, -14.709997454545459 ], [ -49.017782363636371, -14.714731454545458 ], [ -49.083617363636364, -14.729725454545456 ], [ -49.116674363636363, -14.729167454545458 ], [ -49.159442363636359, -14.731669454545457 ], [ -49.164455363636364, -14.733334454545457 ], [ -49.168064363636361, -14.735278454545458 ], [ -49.276388363636372, -14.839723454545457 ], [ -49.303334363636367, -14.905558454545456 ], [ -49.307501363636362, -14.922496454545456 ], [ -49.310840363636359, -14.960836454545458 ], [ -49.313054363636368, -14.965282454545456 ], [ -49.344455363636371, -15.018058454545457 ], [ -49.350278363636363, -15.026113454545456 ], [ -49.404161363636362, -15.091660454545458 ], [ -49.434176363636368, -15.108886454545456 ], [ -49.43972936363636, -15.110002454545459 ], [ -49.452779363636367, -15.101947454545456 ], [ -49.464173363636363, -15.101389454545458 ], [ -49.504718363636371, -15.121666454545458 ], [ -49.54862036363636, -15.186943454545457 ], [ -49.582784363636364, -15.315283454545458 ], [ -49.590560363636371, -15.346945454545455 ], [ -49.595834363636371, -15.405553454545458 ], [ -49.581668363636368, -15.437503454545457 ], [ -49.578338363636362, -15.441112454545458 ], [ -49.52000036363637, -15.502780454545459 ], [ -49.445282363636366, -15.588055454545458 ], [ -49.434446363636368, -15.617782454545456 ], [ -49.389455363636358, -15.689998454545456 ], [ -49.34333936363636, -15.718339454545458 ], [ -49.313054363636368, -15.723055454545456 ], [ -49.273058363636366, -15.740281454545457 ], [ -49.264724363636361, -15.752224454545456 ], [ -49.21556636363637, -15.849163454545458 ], [ -49.206674363636367, -15.874174454545457 ], [ -49.198619363636368, -15.899725454545457 ], [ -49.194731363636365, -15.909445454545455 ], [ -49.166948363636365, -15.955552454545458 ], [ -49.146662363636366, -15.976666454545455 ], [ -49.122785363636368, -16.000282454545456 ] ] ] } },
{ "type": "Feature", "properties": { "NAME": "Xingu", "SYSTEM": "Amazon", "MILES": 1303.71136, "KILOMETERS": 2098.12426 }, "geometry": { "type": "MultiLineString", "coordinates": [ [ [ -52.260563363636365, -1.691119454545458 ], [ -52.280768363636369, -1.707796454545459 ], [ -52.289444363636363, -1.730908454545457 ], [ -52.286555363636367, -1.748233454545456 ], [ -52.272110363636372, -1.76557645454546 ], [ -52.260563363636365, -1.785790454545456 ], [ -52.251887363636371, -1.806013454545457 ], [ -52.240340363636363, -1.950436454545454 ], [ -52.223006363636372, -2.138194454545456 ], [ -52.142123363636372, -2.28838645454546 ], [ -52.087241363636366, -2.377936454545456 ], [ -52.041026363636362, -2.447263454545457 ], [ -52.023701363636363, -2.487700454545454 ], [ -52.003478363636361, -2.58013945454546 ], [ -52.003478363636361, -2.635021454545459 ], [ -52.012136363636358, -2.67256945454546 ], [ -52.026581363636367, -2.698561454545455 ], [ -52.03524836363637, -2.75345245454546 ], [ -52.012136363636358, -2.81988145454546 ], [ -51.98614436363637, -2.842993454545457 ], [ -51.968810363636365, -2.854549454545456 ], [ -51.931262363636364, -2.886328454545456 ], [ -51.896603363636359, -2.929654454545457 ], [ -51.882158363636364, -2.964313454545454 ], [ -51.844610363636363, -3.027862454545456 ], [ -51.812831363636363, -3.076966454545456 ], [ -51.795497363636372, -3.094300454545454 ], [ -51.766616363636359, -3.10585645454546 ], [ -51.68862236363637, -3.128959454545459 ], [ -51.610637363636371, -3.143404454545454 ], [ -51.635846363636361, -3.291661454545455 ], [ -51.744170363636371, -3.365551454545454 ], [ -51.672233363636366, -3.461941454545453 ], [ -51.679739363636372, -3.503053454545459 ], [ -51.821957363636372, -3.606949454545457 ], [ -51.944159363636359, -3.52305145454546 ], [ -51.944456363636363, -3.409444454545458 ], [ -52.130288363636367, -3.23138845454546 ], [ -52.164452363636372, -3.254725454545458 ], [ -52.15805336363637, -3.34305145454546 ], [ -52.246397363636362, -3.521665454545456 ], [ -52.608413363636359, -3.859093454545459 ], [ -52.639733363636367, -4.193605454545455 ], [ -52.72888736363636, -4.298887454545458 ], [ -52.730282363636363, -4.376107454545455 ], [ -52.667777363636361, -4.424446454545453 ], [ -52.659731363636368, -4.481389454545457 ], [ -52.718609363636361, -4.66305445454546 ], [ -52.926401363636359, -5.008609454545457 ], [ -52.86999836363637, -5.210002454545457 ], [ -52.868063363636367, -5.365558454545457 ], [ -52.706396363636372, -5.469166454545459 ], [ -52.677227363636362, -5.612500454545458 ], [ -52.529168363636359, -5.871394454545456 ], [ -52.521392363636366, -6.087502454545458 ], [ -52.430564363636364, -6.210280454545458 ], [ -52.430564363636364, -6.338053454545456 ], [ -52.194458363636372, -6.581944454545457 ], [ -52.077512363636359, -6.552784454545456 ], [ -51.98250836363637, -6.703057454545458 ], [ -52.006952363636358, -6.824170454545456 ], [ -52.08944636363637, -6.922783454545456 ], [ -52.444451363636361, -7.007779454545457 ], [ -52.466402363636362, -7.082785454545458 ], [ -52.524731363636363, -7.112782454545457 ], [ -52.58556236363637, -7.211107454545456 ], [ -52.579451363636366, -7.305832454545456 ], [ -52.691672363636371, -7.448338454545457 ], [ -52.660559363636366, -7.562503454545457 ], [ -52.743062363636369, -7.621111454545456 ], [ -52.814450363636368, -7.854724454545458 ], [ -52.649453363636368, -8.247502454545458 ], [ -52.662224363636369, -8.427781454545457 ], [ -52.554728363636372, -8.548336454545456 ], [ -52.431122363636362, -8.559163454545455 ], [ -52.318343363636359, -8.634448454545456 ], [ -52.268348363636363, -8.813332454545456 ], [ -52.104179363636362, -8.920837454545456 ], [ -52.036670363636361, -9.082783454545456 ], [ -52.074182363636368, -9.156394454545456 ], [ -52.017230363636372, -9.264727454545458 ], [ -52.162229363636371, -9.431668454545456 ], [ -52.227785363636372, -9.647227454545458 ], [ -52.286888363636365, -9.653815454545455 ], [ -52.577507363636371, -9.589726454545456 ], [ -52.644170363636363, -9.741394454545457 ], [ -52.996952363636368, -10.065556454545458 ], [ -53.01416936363637, -10.185832454545459 ], [ -52.964723363636367, -10.288621454545456 ], [ -53.053328363636368, -10.366111454545457 ], [ -53.089445363636372, -10.514449454545456 ], [ -53.06695436363637, -10.592785454545457 ], [ -53.130008363636364, -10.842778454545456 ], [ -53.260841363636359, -10.883611454545456 ], [ -53.320844363636368, -10.969444454545457 ], [ -53.248619363636365, -11.196109454545457 ], [ -53.559443363636362, -11.599174454545459 ], [ -53.613344363636372, -11.746945454545457 ], [ -53.558615363636363, -11.913787454545457 ], [ -53.402231363636361, -12.011671454545457 ], [ -53.305562363636369, -12.196675454545456 ], [ -53.184449363636361, -12.279727454545458 ], [ -53.105564363636361, -12.439729454545457 ], [ -52.941674363636366, -12.619720454545458 ], [ -52.978340363636363, -12.659725454545455 ], [ -52.843889363636364, -12.860002454545459 ], [ -52.896116363636366, -13.016116454545458 ], [ -53.123888363636368, -13.431673454545457 ], [ -53.137505363636365, -13.553056454545455 ], [ -53.395013363636366, -13.962502454545458 ], [ -53.443622363636365, -14.144176454545455 ], [ -53.532506363636372, -14.272777454545459 ], [ -53.529725363636359, -14.382496454545457 ], [ -53.569739363636359, -14.453605454545457 ], [ -53.882507363636364, -14.688892454545456 ], [ -54.212780363636369, -14.754727454545456 ], [ -54.269174363636367, -14.868055454545456 ], [ -54.940565363636367, -15.119731454545455 ] ] ] } },
{ "type": "Feature", "properties": { "NAME": "Araguaia", "SYSTEM": null, "MILES": 1125.41588, "KILOMETERS": 1811.18492 }, "geometry": { "type": "MultiLineString", "coordinates": [ [ [ -48.717713363636364, -5.356855454545457 ], [ -48.371942363636364, -5.398606454545458 ], [ -48.142784363636366, -5.609998454545458 ], [ -48.189998363636363, -5.711392454545457 ], [ -48.272789363636363, -5.722498454545455 ], [ -48.302507363636366, -5.759164454545456 ], [ -48.287234363636372, -5.838337454545456 ], [ -48.224171363636358, -5.912497454545456 ], [ -48.23278436363637, -5.945833454545458 ], [ -48.336959363636367, -5.983057454545456 ], [ -48.335564363636365, -6.031945454545458 ], [ -48.281123363636368, -6.091111454545455 ], [ -48.403622363636359, -6.142780454545456 ], [ -48.435572363636368, -6.193891454545458 ], [ -48.390014363636368, -6.370552454545457 ], [ -48.511694363636366, -6.356674454545455 ], [ -48.662228363636359, -6.525001454545457 ], [ -48.65501936363637, -6.639445454545456 ], [ -48.679733363636359, -6.663340454545455 ], [ -49.03917536363636, -6.798889454545456 ], [ -49.219454363636359, -6.942214454545457 ], [ -49.192508363636364, -7.266394454545456 ], [ -49.36000736363637, -7.495552454545457 ], [ -49.353059363636362, -7.595002454545458 ], [ -49.154168363636359, -7.797502454545455 ], [ -49.231946363636368, -8.148340454545458 ], [ -49.601396363636368, -8.855551454545456 ], [ -49.771388363636362, -8.941393454545455 ], [ -50.06028836363636, -9.335836454545458 ], [ -50.100563363636368, -9.546391454545457 ], [ -50.177396363636362, -9.723763454545455 ], [ -50.501684363636372, -10.497502454545458 ], [ -50.606957363636369, -10.655839454545458 ], [ -50.582792363636372, -10.739449454545458 ], [ -50.630285363636361, -10.832230454545456 ], [ -50.609738363636367, -11.065285454545457 ], [ -50.739176363636361, -11.520280454545457 ], [ -50.649185363636363, -11.615554454545457 ], [ -50.714723363636367, -11.750284454545458 ], [ -50.674169363636366, -12.152782454545456 ], [ -50.635559363636361, -12.245833454545458 ], [ -50.63418236363637, -12.503620454545455 ], [ -50.677787363636369, -12.605284454545458 ], [ -50.625839363636359, -12.656386454545459 ], [ -50.610008363636368, -12.773890454545455 ], [ -50.559437363636363, -12.832228454545458 ], [ -50.487581363636366, -12.839032454545457 ], [ -50.498345363636361, -12.960559454545457 ], [ -50.590280363636367, -13.077226454545457 ], [ -50.568617363636363, -13.228615454545459 ], [ -50.79917936363637, -13.680001454545458 ], [ -50.870567363636368, -13.718620454545459 ], [ -50.863898363636366, -14.110282454545455 ], [ -50.92695236363636, -14.119723454545458 ], [ -50.974724363636369, -14.299723454545457 ], [ -50.968334363636359, -14.507497454545458 ], [ -51.160277363636368, -14.975002454545457 ], [ -51.287789363636364, -15.020551454545458 ], [ -51.318614363636371, -14.962501454545457 ], [ -51.412511363636369, -14.997223454545455 ], [ -51.646673363636367, -15.193621454545458 ], [ -51.699728363636368, -15.452227454545458 ], [ -51.904172363636363, -15.822496454545458 ], [ -51.966119363636366, -15.801112454545457 ], [ -52.037516363636371, -15.875551454545459 ], [ -52.243067363636371, -15.880285454545458 ], [ -52.314095363636369, -16.005214454545456 ], [ -52.445837363636372, -16.106941454545456 ], [ -52.438340363636371, -16.275277454545456 ], [ -52.533065363636368, -16.301674454545456 ], [ -52.59167336363636, -16.362226454545457 ], [ -52.714730363636363, -16.656391454545457 ], [ -53.013629363636369, -16.866388454545458 ], [ -53.03973836363636, -17.052508454545457 ], [ -53.141951363636366, -17.181118454545459 ], [ -53.219171363636363, -17.535277454545458 ], [ -53.12612036363636, -17.671672454545458 ], [ -53.123339363636362, -17.814727454545459 ], [ -53.053895363636371, -18.016669454545458 ] ] ] } }
]
}
