{
"type": "FeatureCollection",
"name": "secoes_madeira_ponto",
"crs": { "type": "name", "properties": { "name": "urn:ogc:def:crs:OGC:1.3:CRS84" } },
"features": [
{ "type": "Feature", "properties": { "fid": 1, "sword_node_id": 62265300070161, "sword_reach_id": 62265300071, "sword_width": 582.0, "sword_dist_out": 2527133.9241236309, "file": "62265300070161_2527133.txt" }, "geometry": { "type": "Point", "coordinates": [ -63.918820634930007, -8.740785605690416 ] } },
{ "type": "Feature", "properties": { "fid": 2, "sword_node_id": 62265300060481, "sword_reach_id": 62265300061, "sword_width": 764.0, "sword_dist_out": 2522369.7494633151, "file": "62265300060481_2522369.txt" }, "geometry": { "type": "Point", "coordinates": [ -63.926286315836705, -8.697351744917784 ] } },
{ "type": "Feature", "properties": { "fid": 3, "sword_node_id": 62265300060241, "sword_reach_id": 62265300061, "sword_width": 811.0, "sword_dist_out": 2517598.9900142513, "file": "62265300060241_2517598.txt" }, "geometry": { "type": "Point", "coordinates": [ -63.914023393222507, -8.656641089632672 ] } },
{ "type": "Feature", "properties": { "fid": 4, "sword_node_id": 62265300050431, "sword_reach_id": 62265300051, "sword_width": 728.0, "sword_dist_out": 2512427.324019786, "file": "62265300050431_2512427.txt" }, "geometry": { "type": "Point", "coordinates": [ -63.880257135366605, -8.637343873295794 ] } },
{ "type": "Feature", "properties": { "fid": 5, "sword_node_id": 62265300050361, "sword_reach_id": 62265300051, "sword_width": 1110.0, "sword_dist_out": 2511023.4851753181, "file": "62265300050361_2511023.txt" }, "geometry": { "type": "Point", "coordinates": [ -63.867677421445158, -8.641613394060053 ] } },
{ "type": "Feature", "properties": { "fid": 6, "sword_node_id": 62265300050341, "sword_reach_id": 62265300051, "sword_width": 1218.0, "sword_dist_out": 2510626.3068067553, "file": "62265300050341_2510626.txt" }, "geometry": { "type": "Point", "coordinates": [ -63.862516692848132, -8.642521817920992 ] } },
{ "type": "Feature", "properties": { "fid": 7, "sword_node_id": 62265300050281, "sword_reach_id": 62265300051, "sword_width": 1230.0, "sword_dist_out": 2509438.9295424782, "file": "62265300050281_2509438.txt" }, "geometry": { "type": "Point", "coordinates": [ -63.853467215651754, -8.641584893836519 ] } },
{ "type": "Feature", "properties": { "fid": 8, "sword_node_id": 62265300050221, "sword_reach_id": 62265300051, "sword_width": 1605.0, "sword_dist_out": 2508267.1930679791, "file": "62265300050221_2508267.txt" }, "geometry": { "type": "Point", "coordinates": [ -63.842086383622288, -8.635397353425436 ] } },
{ "type": "Feature", "properties": { "fid": 9, "sword_node_id": 62265300050131, "sword_reach_id": 62265300051, "sword_width": 1342.0, "sword_dist_out": 2506457.3282246352, "file": "62265300050131_2506457.txt" }, "geometry": { "type": "Point", "coordinates": [ -63.828168804896592, -8.626645388560426 ] } },
{ "type": "Feature", "properties": { "fid": 10, "sword_node_id": 62265300050081, "sword_reach_id": 62265300051, "sword_width": 1574.5, "sword_dist_out": 2505465.6170320841, "file": "62265300050081_2505465.txt" }, "geometry": { "type": "Point", "coordinates": [ -63.82122792266393, -8.62340037274287 ] } },
{ "type": "Feature", "properties": { "fid": 11, "sword_node_id": 62265300050071, "sword_reach_id": 62265300051, "sword_width": 1585.0, "sword_dist_out": 2505263.6665061335, "file": "62265300050071_2505263.txt" }, "geometry": { "type": "Point", "coordinates": [ -63.818824985316219, -8.622488724410063 ] } },
{ "type": "Feature", "properties": { "fid": 12, "sword_node_id": 62265300050051, "sword_reach_id": 62265300051, "sword_width": 1603.0, "sword_dist_out": 2504894.7614267389, "file": "62265300050051_2504894.txt" }, "geometry": { "type": "Point", "coordinates": [ -63.816240062854511, -8.619006926448264 ] } },
{ "type": "Feature", "properties": { "fid": 13, "sword_node_id": 62265300050031, "sword_reach_id": 62265300051, "sword_width": 1623.0, "sword_dist_out": 2504490.8598373267, "file": "62265300050031_2504490.txt" }, "geometry": { "type": "Point", "coordinates": [ -63.813214344876791, -8.615199458250878 ] } },
{ "type": "Feature", "properties": { "fid": 14, "sword_node_id": 62265300040441, "sword_reach_id": 62265300041, "sword_width": 1652.0, "sword_dist_out": 2503723.403033284, "file": "62265300040441_2503723.txt" }, "geometry": { "type": "Point", "coordinates": [ -63.811129538747913, -8.604642507986519 ] } },
{ "type": "Feature", "properties": { "fid": 15, "sword_node_id": 62265300040381, "sword_reach_id": 62265300041, "sword_width": 1445.0, "sword_dist_out": 2502539.278553714, "file": "62265300040381_2502539.txt" }, "geometry": { "type": "Point", "coordinates": [ -63.8023849086224, -8.597800919450018 ] } },
{ "type": "Feature", "properties": { "fid": 16, "sword_node_id": 62265300040331, "sword_reach_id": 62265300041, "sword_width": 1171.0, "sword_dist_out": 2501552.4421719611, "file": "62265300040331_2501552.txt" }, "geometry": { "type": "Point", "coordinates": [ -63.793805083033668, -8.596587454620112 ] } },
{ "type": "Feature", "properties": { "fid": 17, "sword_node_id": 62265300040231, "sword_reach_id": 62265300041, "sword_width": 1044.0, "sword_dist_out": 2499566.0258461698, "file": "62265300040231_2499566.txt" }, "geometry": { "type": "Point", "coordinates": [ -63.777233820979887, -8.589308756614541 ] } },
{ "type": "Feature", "properties": { "fid": 18, "sword_node_id": 62265300040181, "sword_reach_id": 62265300041, "sword_width": 966.0, "sword_dist_out": 2498579.3824983709, "file": "62265300040181_2498579.txt" }, "geometry": { "type": "Point", "coordinates": [ -63.768927452535372, -8.586375720306616 ] } },
{ "type": "Feature", "properties": { "fid": 19, "sword_node_id": 62265300040131, "sword_reach_id": 62265300041, "sword_width": 938.5, "sword_dist_out": 2497584.3661365686, "file": "62265300040131_2497584.txt" }, "geometry": { "type": "Point", "coordinates": [ -63.759343936449262, -8.585725058610208 ] } },
{ "type": "Feature", "properties": { "fid": 20, "sword_node_id": 62265300030331, "sword_reach_id": 62265300031, "sword_width": 1264.0, "sword_dist_out": 2492645.6309939181, "file": "62265300030331_2492645.txt" }, "geometry": { "type": "Point", "coordinates": [ -63.7142213030546, -8.573860458592675 ] } },
{ "type": "Feature", "properties": { "fid": 21, "sword_node_id": 62265300030281, "sword_reach_id": 62265300031, "sword_width": 1414.5, "sword_dist_out": 2491654.582259662, "file": "62265300030281_2491654.txt" }, "geometry": { "type": "Point", "coordinates": [ -63.705011690545369, -8.572600566204017 ] } },
{ "type": "Feature", "properties": { "fid": 22, "sword_node_id": 62265300030221, "sword_reach_id": 62265300031, "sword_width": 1768.0, "sword_dist_out": 2490466.3146431581, "file": "62265300030221_2490466.txt" }, "geometry": { "type": "Point", "coordinates": [ -63.697336842005321, -8.572444887390574 ] } },
{ "type": "Feature", "properties": { "fid": 23, "sword_node_id": 62265300030161, "sword_reach_id": 62265300031, "sword_width": 2035.0, "sword_dist_out": 2489275.8774475632, "file": "62265300030161_2489275.txt" }, "geometry": { "type": "Point", "coordinates": [ -63.688926891920644, -8.570180062607511 ] } },
{ "type": "Feature", "properties": { "fid": 24, "sword_node_id": 62265300030101, "sword_reach_id": 62265300031, "sword_width": 1634.0, "sword_dist_out": 2488098.0540942121, "file": "62265300030101_2488098.txt" }, "geometry": { "type": "Point", "coordinates": [ -63.676241342267787, -8.563605069404623 ] } },
{ "type": "Feature", "properties": { "fid": 25, "sword_node_id": 62265300030051, "sword_reach_id": 62265300031, "sword_width": 1952.0, "sword_dist_out": 2487081.8370858999, "file": "62265300030051_2487081.txt" }, "geometry": { "type": "Point", "coordinates": [ -63.66757601792672, -8.56256910034076 ] } },
{ "type": "Feature", "properties": { "fid": 26, "sword_node_id": 62265300020911, "sword_reach_id": 62265300021, "sword_width": 1938.0, "sword_dist_out": 2485286.8716210332, "file": "62265300020911_2485286.txt" }, "geometry": { "type": "Point", "coordinates": [ -63.653626428877452, -8.56964760765722 ] } },
{ "type": "Feature", "properties": { "fid": 27, "sword_node_id": 62265300020851, "sword_reach_id": 62265300021, "sword_width": 1365.0, "sword_dist_out": 2484094.1778504192, "file": "62265300020851_2484094.txt" }, "geometry": { "type": "Point", "coordinates": [ -63.647675010353765, -8.576412400530465 ] } },
{ "type": "Feature", "properties": { "fid": 28, "sword_node_id": 62265300020821, "sword_reach_id": 62265300021, "sword_width": 1260.0, "sword_dist_out": 2483506.7434859406, "file": "62265300020821_2483506.txt" }, "geometry": { "type": "Point", "coordinates": [ -63.639274266427769, -8.571741984432068 ] } },
{ "type": "Feature", "properties": { "fid": 29, "sword_node_id": 62265300020771, "sword_reach_id": 62265300021, "sword_width": 1171.0, "sword_dist_out": 2482482.2471870161, "file": "62265300020771_2482482.txt" }, "geometry": { "type": "Point", "coordinates": [ -63.62688702568768, -8.571201626410078 ] } },
{ "type": "Feature", "properties": { "fid": 30, "sword_node_id": 62265300020721, "sword_reach_id": 62265300021, "sword_width": 1198.0, "sword_dist_out": 2481477.2858330584, "file": "62265300020721_2481477.txt" }, "geometry": { "type": "Point", "coordinates": [ -63.611007583979536, -8.560512582076882 ] } },
{ "type": "Feature", "properties": { "fid": 31, "sword_node_id": 62265300020511, "sword_reach_id": 62265300021, "sword_width": 1215.0, "sword_dist_out": 2477274.9979491164, "file": "62265300020511_2477274.txt" }, "geometry": { "type": "Point", "coordinates": [ -63.597861859342942, -8.556286970854737 ] } },
{ "type": "Feature", "properties": { "fid": 32, "sword_node_id": 62265300020471, "sword_reach_id": 62265300021, "sword_width": 1533.0, "sword_dist_out": 2476470.7021762794, "file": "62265300020471_2476470.txt" }, "geometry": { "type": "Point", "coordinates": [ -63.593096764110555, -8.558686228203941 ] } },
{ "type": "Feature", "properties": { "fid": 33, "sword_node_id": 62265300020421, "sword_reach_id": 62265300021, "sword_width": 1520.5, "sword_dist_out": 2475460.754907175, "file": "62265300020421_2475460.txt" }, "geometry": { "type": "Point", "coordinates": [ -63.591278287990974, -8.559414848411055 ] } },
{ "type": "Feature", "properties": { "fid": 34, "sword_node_id": 62265300020331, "sword_reach_id": 62265300021, "sword_width": 1187.0, "sword_dist_out": 2473661.9329068577, "file": "62265300020331_2473661.txt" }, "geometry": { "type": "Point", "coordinates": [ -63.589043459577958, -8.559229889505657 ] } },
{ "type": "Feature", "properties": { "fid": 35, "sword_node_id": 62265300020251, "sword_reach_id": 62265300021, "sword_width": 826.0, "sword_dist_out": 2472060.3019427974, "file": "62265300020251_2472060.txt" }, "geometry": { "type": "Point", "coordinates": [ -63.58610613410891, -8.558073308206772 ] } },
{ "type": "Feature", "properties": { "fid": 36, "sword_node_id": 62265300020171, "sword_reach_id": 62265300021, "sword_width": 784.5, "sword_dist_out": 2470468.2182412618, "file": "62265300020171_2470468.txt" }, "geometry": { "type": "Point", "coordinates": [ -63.585788634552948, -8.556253310711174 ] } },
{ "type": "Feature", "properties": { "fid": 37, "sword_node_id": 62265300010891, "sword_reach_id": 62265300011, "sword_width": 1044.0, "sword_dist_out": 2465850.1254383009, "file": "62265300010891_2465850.txt" }, "geometry": { "type": "Point", "coordinates": [ -63.584628238301562, -8.548138134504024 ] } },
{ "type": "Feature", "properties": { "fid": 38, "sword_node_id": 62265300010801, "sword_reach_id": 62265300011, "sword_width": 1260.0, "sword_dist_out": 2464057.539290335, "file": "62265300010801_2464057.txt" }, "geometry": { "type": "Point", "coordinates": [ -63.586429692328174, -8.54146442705304 ] } },
{ "type": "Feature", "properties": { "fid": 39, "sword_node_id": 62265300010731, "sword_reach_id": 62265300011, "sword_width": 1729.0, "sword_dist_out": 2462626.6039927667, "file": "62265300010731_2462626.txt" }, "geometry": { "type": "Point", "coordinates": [ -63.590845696081182, -8.536011298043423 ] } },
{ "type": "Feature", "properties": { "fid": 40, "sword_node_id": 62265300010671, "sword_reach_id": 62265300011, "sword_width": 2041.5, "sword_dist_out": 2461447.013846172, "file": "62265300010671_2461447.txt" }, "geometry": { "type": "Point", "coordinates": [ -63.590056565495985, -8.533568690021216 ] } },
{ "type": "Feature", "properties": { "fid": 41, "sword_node_id": 62265300010631, "sword_reach_id": 62265300011, "sword_width": 1885.5, "sword_dist_out": 2460639.1688879817, "file": "62265300010631_2460639.txt" }, "geometry": { "type": "Point", "coordinates": [ -63.587574538469575, -8.530813713312577 ] } },
{ "type": "Feature", "properties": { "fid": 42, "sword_node_id": 62265300010611, "sword_reach_id": 62265300011, "sword_width": 1812.0, "sword_dist_out": 2460253.0180339389, "file": "62265300010611_2460253.txt" }, "geometry": { "type": "Point", "coordinates": [ -63.588648713523753, -8.523619610970492 ] } },
{ "type": "Feature", "properties": { "fid": 43, "sword_node_id": 62265300010591, "sword_reach_id": 62265300011, "sword_width": 1857.5, "sword_dist_out": 2459837.9798576264, "file": "62265300010591_2459837.txt" }, "geometry": { "type": "Point", "coordinates": [ -63.584505634307448, -8.514328349799641 ] } },
{ "type": "Feature", "properties": { "fid": 44, "sword_node_id": 62265300010561, "sword_reach_id": 62265300011, "sword_width": 2083.0, "sword_dist_out": 2459250.8263228685, "file": "62265300010561_2459250.txt" }, "geometry": { "type": "Point", "coordinates": [ -63.582625529655189, -8.508120431767681 ] } },
{ "type": "Feature", "properties": { "fid": 45, "sword_node_id": 62265300010531, "sword_reach_id": 62265300011, "sword_width": 1925.0, "sword_dist_out": 2458649.3186263489, "file": "62265300010531_2458649.txt" }, "geometry": { "type": "Point", "coordinates": [ -63.571838075351671, -8.506862733197838 ] } },
{ "type": "Feature", "properties": { "fid": 46, "sword_node_id": 62265300010481, "sword_reach_id": 62265300011, "sword_width": 2015.5, "sword_dist_out": 2457640.9814016311, "file": "62265300010481_2457640.txt" }, "geometry": { "type": "Point", "coordinates": [ -63.569740018176212, -8.499576482499783 ] } },
{ "type": "Feature", "properties": { "fid": 47, "sword_node_id": 62265300010461, "sword_reach_id": 62265300011, "sword_width": 2039.0, "sword_dist_out": 2457251.8103160206, "file": "62265300010461_2457251.txt" }, "geometry": { "type": "Point", "coordinates": [ -63.569419484599713, -8.496750792478922 ] } },
{ "type": "Feature", "properties": { "fid": 48, "sword_node_id": 62265300010441, "sword_reach_id": 62265300011, "sword_width": 1866.0, "sword_dist_out": 2456838.2082465421, "file": "62265300010441_2456838.txt" }, "geometry": { "type": "Point", "coordinates": [ -63.566163786201855, -8.494576400542329 ] } },
{ "type": "Feature", "properties": { "fid": 49, "sword_node_id": 62265300010421, "sword_reach_id": 62265300011, "sword_width": 1699.0, "sword_dist_out": 2456417.8035423118, "file": "62265300010421_2456417.txt" }, "geometry": { "type": "Point", "coordinates": [ -63.561527118548277, -8.4913009659978 ] } },
{ "type": "Feature", "properties": { "fid": 50, "sword_node_id": 62265300010391, "sword_reach_id": 62265300011, "sword_width": 1954.0, "sword_dist_out": 2455828.1418259386, "file": "62265300010391_2455828.txt" }, "geometry": { "type": "Point", "coordinates": [ -63.557630058287273, -8.488552221828636 ] } },
{ "type": "Feature", "properties": { "fid": 51, "sword_node_id": 62265300010331, "sword_reach_id": 62265300011, "sword_width": 1463.0, "sword_dist_out": 2454573.6827802835, "file": "62265300010331_2454573.txt" }, "geometry": { "type": "Point", "coordinates": [ -63.549118725229697, -8.482620823863092 ] } },
{ "type": "Feature", "properties": { "fid": 52, "sword_node_id": 62265300010281, "sword_reach_id": 62265300011, "sword_width": 1410.0, "sword_dist_out": 2453614.9202471473, "file": "62265300010281_2453614.txt" }, "geometry": { "type": "Point", "coordinates": [ -63.54115621269225, -8.476976753427602 ] } },
{ "type": "Feature", "properties": { "fid": 53, "sword_node_id": 62265300010251, "sword_reach_id": 62265300011, "sword_width": 1441.0, "sword_dist_out": 2453025.0880532288, "file": "62265300010251_2453025.txt" }, "geometry": { "type": "Point", "coordinates": [ -63.537898951072059, -8.472177866745062 ] } },
{ "type": "Feature", "properties": { "fid": 54, "sword_node_id": 62265300010181, "sword_reach_id": 62265300011, "sword_width": 1363.0, "sword_dist_out": 2451638.97916506, "file": "62265300010181_2451638.txt" }, "geometry": { "type": "Point", "coordinates": [ -63.527585566561271, -8.46446987908196 ] } },
{ "type": "Feature", "properties": { "fid": 55, "sword_node_id": 62265300010101, "sword_reach_id": 62265300011, "sword_width": 1403.0, "sword_dist_out": 2449999.0326219858, "file": "62265300010101_2449999.txt" }, "geometry": { "type": "Point", "coordinates": [ -63.517270740784873, -8.455378536073061 ] } },
{ "type": "Feature", "properties": { "fid": 56, "sword_node_id": 62265100060871, "sword_reach_id": 62265100061, "sword_width": 956.0, "sword_dist_out": 2447611.3243189845, "file": "62265100060871_2447611.txt" }, "geometry": { "type": "Point", "coordinates": [ -63.499002277503934, -8.442488934041103 ] } },
{ "type": "Feature", "properties": { "fid": 57, "sword_node_id": 62265100060611, "sword_reach_id": 62265100061, "sword_width": 1089.0, "sword_dist_out": 2442424.5502393073, "file": "62265100060611_2442424.txt" }, "geometry": { "type": "Point", "coordinates": [ -63.461135899176938, -8.416639719159088 ] } },
{ "type": "Feature", "properties": { "fid": 58, "sword_node_id": 62265100060361, "sword_reach_id": 62265100061, "sword_width": 1281.0, "sword_dist_out": 2437464.5438652458, "file": "62265100060361_2437464.txt" }, "geometry": { "type": "Point", "coordinates": [ -63.42663039001846, -8.387511605070209 ] } },
{ "type": "Feature", "properties": { "fid": 59, "sword_node_id": 62265100060111, "sword_reach_id": 62265100061, "sword_width": 1292.0, "sword_dist_out": 2432492.3227210427, "file": "62265100060111_2432492.txt" }, "geometry": { "type": "Point", "coordinates": [ -63.41104113060549, -8.346095799237986 ] } },
{ "type": "Feature", "properties": { "fid": 60, "sword_node_id": 62265100050971, "sword_reach_id": 62265100051, "sword_width": 1506.0, "sword_dist_out": 2429697.1878297301, "file": "62265100050971_2429697.txt" }, "geometry": { "type": "Point", "coordinates": [ -63.400898045310541, -8.321571128712822 ] } },
{ "type": "Feature", "properties": { "fid": 61, "sword_node_id": 62265100050911, "sword_reach_id": 62265100051, "sword_width": 1535.0, "sword_dist_out": 2428499.3151213056, "file": "62265100050911_2428499.txt" }, "geometry": { "type": "Point", "coordinates": [ -63.397864839492563, -8.311407654027501 ] } },
{ "type": "Feature", "properties": { "fid": 62, "sword_node_id": 62265100050871, "sword_reach_id": 62265100051, "sword_width": 1674.0, "sword_dist_out": 2427683.9683372146, "file": "62265100050871_2427683.txt" }, "geometry": { "type": "Point", "coordinates": [ -63.393634726575335, -8.304601834103659 ] } },
{ "type": "Feature", "properties": { "fid": 63, "sword_node_id": 62265100050811, "sword_reach_id": 62265100051, "sword_width": 1583.0, "sword_dist_out": 2426506.890205136, "file": "62265100050811_2426506.txt" }, "geometry": { "type": "Point", "coordinates": [ -63.387412444077555, -8.295712466783199 ] } },
{ "type": "Feature", "properties": { "fid": 64, "sword_node_id": 62265100050761, "sword_reach_id": 62265100051, "sword_width": 1659.0, "sword_dist_out": 2425504.8172570015, "file": "62265100050761_2425504.txt" }, "geometry": { "type": "Point", "coordinates": [ -63.382225693198222, -8.289510054168762 ] } },
{ "type": "Feature", "properties": { "fid": 65, "sword_node_id": 62265100050701, "sword_reach_id": 62265100051, "sword_width": 1936.5, "sword_dist_out": 2424306.6113392292, "file": "62265100050701_2424306.txt" }, "geometry": { "type": "Point", "coordinates": [ -63.375534294148743, -8.27994351060584 ] } },
{ "type": "Feature", "properties": { "fid": 66, "sword_node_id": 62265100050661, "sword_reach_id": 62265100051, "sword_width": 1960.0, "sword_dist_out": 2423498.8563341657, "file": "62265100050661_2423498.txt" }, "geometry": { "type": "Point", "coordinates": [ -63.371855124439698, -8.275469840744497 ] } },
{ "type": "Feature", "properties": { "fid": 67, "sword_node_id": 62265100050611, "sword_reach_id": 62265100051, "sword_width": 1610.0, "sword_dist_out": 2422509.2372859218, "file": "62265100050611_2422509.txt" }, "geometry": { "type": "Point", "coordinates": [ -63.367332858198054, -8.267528163585768 ] } },
{ "type": "Feature", "properties": { "fid": 68, "sword_node_id": 62265100050571, "sword_reach_id": 62265100051, "sword_width": 1526.5, "sword_dist_out": 2421721.5934020476, "file": "62265100050571_2421721.txt" }, "geometry": { "type": "Point", "coordinates": [ -63.364428077372708, -8.260978938659534 ] } },
{ "type": "Feature", "properties": { "fid": 69, "sword_node_id": 62265100050511, "sword_reach_id": 62265100051, "sword_width": 1157.0, "sword_dist_out": 2420520.8005676414, "file": "62265100050511_2420520.txt" }, "geometry": { "type": "Point", "coordinates": [ -63.362623237034796, -8.249774616632585 ] } },
{ "type": "Feature", "properties": { "fid": 70, "sword_node_id": 62265100050441, "sword_reach_id": 62265100051, "sword_width": 936.0, "sword_dist_out": 2419134.4904159065, "file": "62265100050441_2419134.txt" }, "geometry": { "type": "Point", "coordinates": [ -63.363351478100569, -8.236287497085204 ] } },
{ "type": "Feature", "properties": { "fid": 71, "sword_node_id": 62265100050411, "sword_reach_id": 62265100051, "sword_width": 997.0, "sword_dist_out": 2418535.8055763994, "file": "62265100050411_2418535.txt" }, "geometry": { "type": "Point", "coordinates": [ -63.361450565053516, -8.231942294400366 ] } },
{ "type": "Feature", "properties": { "fid": 72, "sword_node_id": 62265100050371, "sword_reach_id": 62265100051, "sword_width": 1026.0, "sword_dist_out": 2417741.2441910552, "file": "62265100050371_2417741.txt" }, "geometry": { "type": "Point", "coordinates": [ -63.359567572745782, -8.225063432843703 ] } },
{ "type": "Feature", "properties": { "fid": 73, "sword_node_id": 62265100050121, "sword_reach_id": 62265100051, "sword_width": 1406.0, "sword_dist_out": 2412761.6146273497, "file": "62265100050121_2412761.txt" }, "geometry": { "type": "Point", "coordinates": [ -63.342742444627554, -8.183782475827583 ] } },
{ "type": "Feature", "properties": { "fid": 74, "sword_node_id": 62265100040561, "sword_reach_id": 62265100041, "sword_width": 997.0, "sword_dist_out": 2409167.0847215834, "file": "62265100040561_2409167.txt" }, "geometry": { "type": "Point", "coordinates": [ -63.313283792381128, -8.173512676642755 ] } },
{ "type": "Feature", "properties": { "fid": 75, "sword_node_id": 62265100040511, "sword_reach_id": 62265100041, "sword_width": 878.0, "sword_dist_out": 2408178.9943880909, "file": "62265100040511_2408178.txt" }, "geometry": { "type": "Point", "coordinates": [ -63.308035119553068, -8.180400117583487 ] } },
{ "type": "Feature", "properties": { "fid": 76, "sword_node_id": 62265100040461, "sword_reach_id": 62265100041, "sword_width": 635.5, "sword_dist_out": 2407172.0914261742, "file": "62265100040461_2407172.txt" }, "geometry": { "type": "Point", "coordinates": [ -63.302078979324115, -8.186671228635271 ] } },
{ "type": "Feature", "properties": { "fid": 77, "sword_node_id": 62265100040411, "sword_reach_id": 62265100041, "sword_width": 621.5, "sword_dist_out": 2406173.81699182, "file": "62265100040411_2406173.txt" }, "geometry": { "type": "Point", "coordinates": [ -63.297209999438621, -8.190763263855848 ] } },
{ "type": "Feature", "properties": { "fid": 78, "sword_node_id": 62265100040361, "sword_reach_id": 62265100041, "sword_width": 900.0, "sword_dist_out": 2405153.3531608246, "file": "62265100040361_2405153.txt" }, "geometry": { "type": "Point", "coordinates": [ -63.291458568803336, -8.197044329987138 ] } },
{ "type": "Feature", "properties": { "fid": 79, "sword_node_id": 62265100040311, "sword_reach_id": 62265100041, "sword_width": 1213.0, "sword_dist_out": 2404172.5117260907, "file": "62265100040311_2404172.txt" }, "geometry": { "type": "Point", "coordinates": [ -63.285638942144047, -8.205318586052263 ] } },
{ "type": "Feature", "properties": { "fid": 80, "sword_node_id": 62265100040261, "sword_reach_id": 62265100041, "sword_width": 1484.0, "sword_dist_out": 2403128.5602198099, "file": "62265100040261_2403128.txt" }, "geometry": { "type": "Point", "coordinates": [ -63.278811692961675, -8.210857772385015 ] } },
{ "type": "Feature", "properties": { "fid": 81, "sword_node_id": 62265100040201, "sword_reach_id": 62265100041, "sword_width": 1559.5, "sword_dist_out": 2401947.1574317729, "file": "62265100040201_2401947.txt" }, "geometry": { "type": "Point", "coordinates": [ -63.269642446908826, -8.216656663960736 ] } },
{ "type": "Feature", "properties": { "fid": 82, "sword_node_id": 62265100040161, "sword_reach_id": 62265100041, "sword_width": 1386.5, "sword_dist_out": 2401139.282420482, "file": "62265100040161_2401139.txt" }, "geometry": { "type": "Point", "coordinates": [ -63.262572064339416, -8.218622673749637 ] } },
{ "type": "Feature", "properties": { "fid": 83, "sword_node_id": 62265100040121, "sword_reach_id": 62265100041, "sword_width": 1126.0, "sword_dist_out": 2400344.785821198, "file": "62265100040121_2400344.txt" }, "geometry": { "type": "Point", "coordinates": [ -63.256621823491436, -8.222490637698318 ] } },
{ "type": "Feature", "properties": { "fid": 84, "sword_node_id": 62265100040081, "sword_reach_id": 62265100041, "sword_width": 1102.5, "sword_dist_out": 2399553.1611316293, "file": "62265100040081_2399553.txt" }, "geometry": { "type": "Point", "coordinates": [ -63.249633831520434, -8.225821641639151 ] } },
{ "type": "Feature", "properties": { "fid": 85, "sword_node_id": 62265100040031, "sword_reach_id": 62265100041, "sword_width": 1368.0, "sword_dist_out": 2398562.337972499, "file": "62265100040031_2398562.txt" }, "geometry": { "type": "Point", "coordinates": [ -63.23975094299977, -8.227385273904805 ] } },
{ "type": "Feature", "properties": { "fid": 86, "sword_node_id": 62265100030991, "sword_reach_id": 62265100031, "sword_width": 1389.5, "sword_dist_out": 2397740.1336539667, "file": "62265100030991_2397740.txt" }, "geometry": { "type": "Point", "coordinates": [ -63.232578951359386, -8.22694059837427 ] } },
{ "type": "Feature", "properties": { "fid": 87, "sword_node_id": 62265100030941, "sword_reach_id": 62265100031, "sword_width": 1243.0, "sword_dist_out": 2396767.8700146442, "file": "62265100030941_2396767.txt" }, "geometry": { "type": "Point", "coordinates": [ -63.22277391342007, -8.225960266059095 ] } },
{ "type": "Feature", "properties": { "fid": 88, "sword_node_id": 62265100030911, "sword_reach_id": 62265100031, "sword_width": 1186.0, "sword_dist_out": 2396162.2851761873, "file": "62265100030911_2396162.txt" }, "geometry": { "type": "Point", "coordinates": [ -63.217413376755673, -8.224881248498653 ] } },
{ "type": "Feature", "properties": { "fid": 89, "sword_node_id": 62265100030851, "sword_reach_id": 62265100031, "sword_width": 853.0, "sword_dist_out": 2394949.3318049535, "file": "62265100030851_2394949.txt" }, "geometry": { "type": "Point", "coordinates": [ -63.207803873284185, -8.224138434997954 ] } },
{ "type": "Feature", "properties": { "fid": 90, "sword_node_id": 62265100030801, "sword_reach_id": 62265100031, "sword_width": 724.0, "sword_dist_out": 2393937.7619084935, "file": "62265100030801_2393937.txt" }, "geometry": { "type": "Point", "coordinates": [ -63.198370431348259, -8.222059733137918 ] } },
{ "type": "Feature", "properties": { "fid": 91, "sword_node_id": 62265100030551, "sword_reach_id": 62265100031, "sword_width": 878.0, "sword_dist_out": 2388959.6152366223, "file": "62265100030551_2388959.txt" }, "geometry": { "type": "Point", "coordinates": [ -63.15627610681917, -8.207578439941431 ] } },
{ "type": "Feature", "properties": { "fid": 92, "sword_node_id": 62265100030301, "sword_reach_id": 62265100031, "sword_width": 1045.5, "sword_dist_out": 2383941.7631299323, "file": "62265100030301_2383941.txt" }, "geometry": { "type": "Point", "coordinates": [ -63.113418016832966, -8.191451526028086 ] } },
{ "type": "Feature", "properties": { "fid": 93, "sword_node_id": 62265100030041, "sword_reach_id": 62265100031, "sword_width": 1485.0, "sword_dist_out": 2378765.8347919928, "file": "62265100030041_2378765.txt" }, "geometry": { "type": "Point", "coordinates": [ -63.068344766055588, -8.179923659926242 ] } },
{ "type": "Feature", "properties": { "fid": 94, "sword_node_id": 62265100020891, "sword_reach_id": 62265100021, "sword_width": 2046.0, "sword_dist_out": 2376152.5572579703, "file": "62265100020891_2376152.txt" }, "geometry": { "type": "Point", "coordinates": [ -63.044805556030461, -8.1748964909868 ] } },
{ "type": "Feature", "properties": { "fid": 95, "sword_node_id": 62265100020601, "sword_reach_id": 62265100021, "sword_width": 1458.0, "sword_dist_out": 2370325.5956582534, "file": "62265100020601_2370325.txt" }, "geometry": { "type": "Point", "coordinates": [ -63.001990998044235, -8.145224201367963 ] } },
{ "type": "Feature", "properties": { "fid": 96, "sword_node_id": 62265100020411, "sword_reach_id": 62265100021, "sword_width": 1176.0, "sword_dist_out": 2366483.2245487249, "file": "62265100020411_2366483.txt" }, "geometry": { "type": "Point", "coordinates": [ -62.974347221166269, -8.12218093657466 ] } },
{ "type": "Feature", "properties": { "fid": 97, "sword_node_id": 62265100020231, "sword_reach_id": 62265100021, "sword_width": 1281.0, "sword_dist_out": 2362877.2847237103, "file": "62265100020231_2362877.txt" }, "geometry": { "type": "Point", "coordinates": [ -62.95620430427978, -8.097056549955237 ] } },
{ "type": "Feature", "properties": { "fid": 98, "sword_node_id": 62265100020081, "sword_reach_id": 62265100021, "sword_width": 1010.5, "sword_dist_out": 2359885.4623707258, "file": "62265100020081_2359885.txt" }, "geometry": { "type": "Point", "coordinates": [ -62.942469052846171, -8.073712837131559 ] } },
{ "type": "Feature", "properties": { "fid": 99, "sword_node_id": 62265100010131, "sword_reach_id": 62265100011, "sword_width": 1054.0, "sword_dist_out": 2355656.5908057336, "file": "62265100010131_2355656.txt" }, "geometry": { "type": "Point", "coordinates": [ -62.91556482504442, -8.053563262224994 ] } },
{ "type": "Feature", "properties": { "fid": 100, "sword_node_id": 62265100010081, "sword_reach_id": 62265100011, "sword_width": 912.0, "sword_dist_out": 2354745.2123507946, "file": "62265100010081_2354745.txt" }, "geometry": { "type": "Point", "coordinates": [ -62.908293599422343, -8.049797098730339 ] } },
{ "type": "Feature", "properties": { "fid": 101, "sword_node_id": 62263900250771, "sword_reach_id": 62263900251, "sword_width": 1115.586181640625, "sword_dist_out": 2353109.1539649782, "file": "62263900250771_2353109.txt" }, "geometry": { "type": "Point", "coordinates": [ -62.889756466042478, -8.045738188910798 ] } },
{ "type": "Feature", "properties": { "fid": 102, "sword_node_id": 62263900250621, "sword_reach_id": 62263900251, "sword_width": 751.1856689453125, "sword_dist_out": 2350099.6912641479, "file": "62263900250621_2350099.txt" }, "geometry": { "type": "Point", "coordinates": [ -62.878419038623669, -8.017304563945491 ] } },
{ "type": "Feature", "properties": { "fid": 103, "sword_node_id": 62263900250371, "sword_reach_id": 62263900251, "sword_width": 1085.0, "sword_dist_out": 2345086.8739029048, "file": "62263900250371_2345086.txt" }, "geometry": { "type": "Point", "coordinates": [ -62.871259641958765, -7.973425180391051 ] } },
{ "type": "Feature", "properties": { "fid": 104, "sword_node_id": 62263900250121, "sword_reach_id": 62263900251, "sword_width": 1430.0, "sword_dist_out": 2340042.7867120067, "file": "62263900250121_2340042.txt" }, "geometry": { "type": "Point", "coordinates": [ -62.870048420040327, -7.927764311211852 ] } },
{ "type": "Feature", "properties": { "fid": 105, "sword_node_id": 62263900240391, "sword_reach_id": 62263900241, "sword_width": 1475.0, "sword_dist_out": 2335029.9702150002, "file": "62263900240391_2335029.txt" }, "geometry": { "type": "Point", "coordinates": [ -62.886866592339892, -7.886068116851485 ] } },
{ "type": "Feature", "properties": { "fid": 106, "sword_node_id": 62263900240141, "sword_reach_id": 62263900241, "sword_width": 1331.0, "sword_dist_out": 2330082.6158488304, "file": "62263900240141_2330082.txt" }, "geometry": { "type": "Point", "coordinates": [ -62.908014971523308, -7.845736854518151 ] } },
{ "type": "Feature", "properties": { "fid": 107, "sword_node_id": 62263900230391, "sword_reach_id": 62263900231, "sword_width": 1499.0, "sword_dist_out": 2324869.725755767, "file": "62263900230391_2324869.txt" }, "geometry": { "type": "Point", "coordinates": [ -62.919394375460065, -7.801263959744123 ] } },
{ "type": "Feature", "properties": { "fid": 108, "sword_node_id": 62263900230151, "sword_reach_id": 62263900231, "sword_width": 1300.0, "sword_dist_out": 2320001.2631395007, "file": "62263900230151_2320001.txt" }, "geometry": { "type": "Point", "coordinates": [ -62.938476566016128, -7.761215818672008 ] } },
{ "type": "Feature", "properties": { "fid": 109, "sword_node_id": 62263900220411, "sword_reach_id": 62263900221, "sword_width": 1010.0, "sword_dist_out": 2314809.8990959013, "file": "62263900220411_2314809.txt" }, "geometry": { "type": "Point", "coordinates": [ -62.948719667987554, -7.714234478542685 ] } },
{ "type": "Feature", "properties": { "fid": 110, "sword_node_id": 62263900220211, "sword_reach_id": 62263900221, "sword_width": 1485.0, "sword_dist_out": 2310835.3554749847, "file": "62263900220211_2310835.txt" }, "geometry": { "type": "Point", "coordinates": [ -62.939810637305072, -7.686434340177756 ] } },
{ "type": "Feature", "properties": { "fid": 111, "sword_node_id": 62263900220101, "sword_reach_id": 62263900221, "sword_width": 2177.5, "sword_dist_out": 2308635.5656397603, "file": "62263900220101_2308635.txt" }, "geometry": { "type": "Point", "coordinates": [ -62.926550010271981, -7.66731495634215 ] } },
{ "type": "Feature", "properties": { "fid": 112, "sword_node_id": 62263900220061, "sword_reach_id": 62263900221, "sword_width": 2024.5, "sword_dist_out": 2307847.527550641, "file": "62263900220061_2307847.txt" }, "geometry": { "type": "Point", "coordinates": [ -62.926357800096497, -7.660275515334283 ] } },
{ "type": "Feature", "properties": { "fid": 113, "sword_node_id": 62263900220021, "sword_reach_id": 62263900221, "sword_width": 1832.5, "sword_dist_out": 2307057.1120266202, "file": "62263900220021_2307057.txt" }, "geometry": { "type": "Point", "coordinates": [ -62.920246280429836, -7.646861870437889 ] } },
{ "type": "Feature", "properties": { "fid": 114, "sword_node_id": 62263900210401, "sword_reach_id": 62263900211, "sword_width": 1626.0, "sword_dist_out": 2304293.8612855165, "file": "62263900210401_2304293.txt" }, "geometry": { "type": "Point", "coordinates": [ -62.918951199231692, -7.628984360311156 ] } },
{ "type": "Feature", "properties": { "fid": 115, "sword_node_id": 62263900210361, "sword_reach_id": 62263900211, "sword_width": 1228.0, "sword_dist_out": 2303495.438771693, "file": "62263900210361_2303495.txt" }, "geometry": { "type": "Point", "coordinates": [ -62.921997314001459, -7.621910508538166 ] } },
{ "type": "Feature", "properties": { "fid": 116, "sword_node_id": 62263900210261, "sword_reach_id": 62263900211, "sword_width": 1457.0, "sword_dist_out": 2301499.9188443935, "file": "62263900210261_2301499.txt" }, "geometry": { "type": "Point", "coordinates": [ -62.922645595936515, -7.60745405530732 ] } },
{ "type": "Feature", "properties": { "fid": 117, "sword_node_id": 62263900210141, "sword_reach_id": 62263900211, "sword_width": 1632.0, "sword_dist_out": 2299117.8167811828, "file": "62263900210141_2299117.txt" }, "geometry": { "type": "Point", "coordinates": [ -62.945658008148122, -7.595937144586789 ] } },
{ "type": "Feature", "properties": { "fid": 118, "sword_node_id": 62263900210061, "sword_reach_id": 62263900211, "sword_width": 995.0, "sword_dist_out": 2297530.0394340097, "file": "62263900210061_2297530.txt" }, "geometry": { "type": "Point", "coordinates": [ -62.954129612630076, -7.584286854102759 ] } },
{ "type": "Feature", "properties": { "fid": 119, "sword_node_id": 62263900200371, "sword_reach_id": 62263900201, "sword_width": 1590.0, "sword_dist_out": 2293507.1561940988, "file": "62263900200371_2293507.txt" }, "geometry": { "type": "Point", "coordinates": [ -62.971361510051068, -7.553229964324094 ] } },
{ "type": "Feature", "properties": { "fid": 120, "sword_node_id": 62263900200171, "sword_reach_id": 62263900201, "sword_width": 1410.0, "sword_dist_out": 2289457.3206914472, "file": "62263900200171_2289457.txt" }, "geometry": { "type": "Point", "coordinates": [ -63.001807552860065, -7.53255550954889 ] } },
{ "type": "Feature", "properties": { "fid": 121, "sword_node_id": 62263900190451, "sword_reach_id": 62263900191, "sword_width": 1173.0, "sword_dist_out": 2284667.0713605057, "file": "62263900190451_2284667.txt" }, "geometry": { "type": "Point", "coordinates": [ -63.025128519211492, -7.493133804188549 ] } },
{ "type": "Feature", "properties": { "fid": 122, "sword_node_id": 62263900190201, "sword_reach_id": 62263900191, "sword_width": 1106.0, "sword_dist_out": 2279689.5229664179, "file": "62263900190201_2279689.txt" }, "geometry": { "type": "Point", "coordinates": [ -63.005346387646789, -7.449639547966433 ] } },
{ "type": "Feature", "properties": { "fid": 123, "sword_node_id": 62263900180471, "sword_reach_id": 62263900181, "sword_width": 1270.0, "sword_dist_out": 2274749.0937434426, "file": "62263900180471_2274749.txt" }, "geometry": { "type": "Point", "coordinates": [ -62.992905308794136, -7.410329051303066 ] } },
{ "type": "Feature", "properties": { "fid": 124, "sword_node_id": 62263900180161, "sword_reach_id": 62263900181, "sword_width": 1646.0, "sword_dist_out": 2268592.3940741913, "file": "62263900180161_2268592.txt" }, "geometry": { "type": "Point", "coordinates": [ -62.972496007321155, -7.359345508526114 ] } },
{ "type": "Feature", "properties": { "fid": 125, "sword_node_id": 62263900180021, "sword_reach_id": 62263900181, "sword_width": 1772.0, "sword_dist_out": 2265809.2812320348, "file": "62263900180021_2265809.txt" }, "geometry": { "type": "Point", "coordinates": [ -62.962155462442041, -7.336368778485209 ] } },
{ "type": "Feature", "properties": { "fid": 126, "sword_node_id": 62263900170401, "sword_reach_id": 62263900171, "sword_width": 1509.0, "sword_dist_out": 2263202.1455059224, "file": "62263900170401_2263202.txt" }, "geometry": { "type": "Point", "coordinates": [ -62.955777603187919, -7.313426423092115 ] } },
{ "type": "Feature", "properties": { "fid": 127, "sword_node_id": 62263900170261, "sword_reach_id": 62263900171, "sword_width": 1741.5, "sword_dist_out": 2260355.2141044089, "file": "62263900170261_2260355.txt" }, "geometry": { "type": "Point", "coordinates": [ -62.946380256715138, -7.289264118233445 ] } },
{ "type": "Feature", "properties": { "fid": 128, "sword_node_id": 62263900170101, "sword_reach_id": 62263900171, "sword_width": 1491.5, "sword_dist_out": 2257115.1802775282, "file": "62263900170101_2257115.txt" }, "geometry": { "type": "Point", "coordinates": [ -62.931293094471421, -7.264266134316911 ] } },
{ "type": "Feature", "properties": { "fid": 129, "sword_node_id": 62263900160381, "sword_reach_id": 62263900161, "sword_width": 1395.0, "sword_dist_out": 2252485.9730208833, "file": "62263900160381_2252485.txt" }, "geometry": { "type": "Point", "coordinates": [ -62.914163089626193, -7.225994512212307 ] } },
{ "type": "Feature", "properties": { "fid": 130, "sword_node_id": 62263900160131, "sword_reach_id": 62263900161, "sword_width": 1718.0, "sword_dist_out": 2247476.4614410852, "file": "62263900160131_2247476.txt" }, "geometry": { "type": "Point", "coordinates": [ -62.905729172907982, -7.182317588231737 ] } },
{ "type": "Feature", "properties": { "fid": 131, "sword_node_id": 62263900150371, "sword_reach_id": 62263900151, "sword_width": 1154.0, "sword_dist_out": 2242048.7976529375, "file": "62263900150371_2242048.txt" }, "geometry": { "type": "Point", "coordinates": [ -62.883694064619299, -7.138756937198536 ] } },
{ "type": "Feature", "properties": { "fid": 132, "sword_node_id": 62263900150211, "sword_reach_id": 62263900151, "sword_width": 1992.0, "sword_dist_out": 2238814.8219420961, "file": "62263900150211_2238814.txt" }, "geometry": { "type": "Point", "coordinates": [ -62.870762457968354, -7.113437749059432 ] } },
{ "type": "Feature", "properties": { "fid": 133, "sword_node_id": 62263900150151, "sword_reach_id": 62263900151, "sword_width": 1502.0, "sword_dist_out": 2237599.1513009556, "file": "62263900150151_2237599.txt" }, "geometry": { "type": "Point", "coordinates": [ -62.867240995656914, -7.103046181525079 ] } },
{ "type": "Feature", "properties": { "fid": 134, "sword_node_id": 62263900150111, "sword_reach_id": 62263900151, "sword_width": 1345.0, "sword_dist_out": 2236801.3608485963, "file": "62263900150111_2236801.txt" }, "geometry": { "type": "Point", "coordinates": [ -62.864460866188821, -7.09564184385612 ] } },
{ "type": "Feature", "properties": { "fid": 135, "sword_node_id": 62263900150071, "sword_reach_id": 62263900151, "sword_width": 1484.0, "sword_dist_out": 2236007.0055811037, "file": "62263900150071_2236007.txt" }, "geometry": { "type": "Point", "coordinates": [ -62.862412357416659, -7.089890486398277 ] } },
{ "type": "Feature", "properties": { "fid": 136, "sword_node_id": 62263900150031, "sword_reach_id": 62263900151, "sword_width": 1519.0, "sword_dist_out": 2235207.9384251735, "file": "62263900150031_2235207.txt" }, "geometry": { "type": "Point", "coordinates": [ -62.861241867751524, -7.08249539789221 ] } },
{ "type": "Feature", "properties": { "fid": 137, "sword_node_id": 62263900140991, "sword_reach_id": 62263900141, "sword_width": 1957.5, "sword_dist_out": 2234389.8900737176, "file": "62263900140991_2234389.txt" }, "geometry": { "type": "Point", "coordinates": [ -62.861689356827377, -7.074636123647903 ] } },
{ "type": "Feature", "properties": { "fid": 138, "sword_node_id": 62263900140961, "sword_reach_id": 62263900141, "sword_width": 2327.5, "sword_dist_out": 2233786.6799689964, "file": "62263900140961_2233786.txt" }, "geometry": { "type": "Point", "coordinates": [ -62.862078429050207, -7.068592490219987 ] } },
{ "type": "Feature", "properties": { "fid": 139, "sword_node_id": 62263900140921, "sword_reach_id": 62263900141, "sword_width": 2517.0, "sword_dist_out": 2232995.6717510726, "file": "62263900140921_2232995.txt" }, "geometry": { "type": "Point", "coordinates": [ -62.863384678214054, -7.062786663945857 ] } },
{ "type": "Feature", "properties": { "fid": 140, "sword_node_id": 62263900140891, "sword_reach_id": 62263900141, "sword_width": 2254.0, "sword_dist_out": 2232407.2823596317, "file": "62263900140891_2232407.txt" }, "geometry": { "type": "Point", "coordinates": [ -62.863890984624412, -7.056248378747247 ] } },
{ "type": "Feature", "properties": { "fid": 141, "sword_node_id": 62263900140841, "sword_reach_id": 62263900141, "sword_width": 1656.0, "sword_dist_out": 2231400.3125998867, "file": "62263900140841_2231400.txt" }, "geometry": { "type": "Point", "coordinates": [ -62.863239302111545, -7.047874081474655 ] } },
{ "type": "Feature", "properties": { "fid": 142, "sword_node_id": 62263900140791, "sword_reach_id": 62263900141, "sword_width": 1508.0, "sword_dist_out": 2230403.7363663944, "file": "62263900140791_2230403.txt" }, "geometry": { "type": "Point", "coordinates": [ -62.860826069869567, -7.039186353107745 ] } },
{ "type": "Feature", "properties": { "fid": 143, "sword_node_id": 62263900140741, "sword_reach_id": 62263900141, "sword_width": 1301.0, "sword_dist_out": 2229395.1373543218, "file": "62263900140741_2229395.txt" }, "geometry": { "type": "Point", "coordinates": [ -62.857639639019261, -7.030590926464985 ] } },
{ "type": "Feature", "properties": { "fid": 144, "sword_node_id": 62263900140671, "sword_reach_id": 62263900141, "sword_width": 976.5, "sword_dist_out": 2228002.7000038298, "file": "62263900140671_2228002.txt" }, "geometry": { "type": "Point", "coordinates": [ -62.851937774016832, -7.020647421651987 ] } },
{ "type": "Feature", "properties": { "fid": 145, "sword_node_id": 62263900140411, "sword_reach_id": 62263900141, "sword_width": 1307.0, "sword_dist_out": 2222795.747752557, "file": "62263900140411_2222795.txt" }, "geometry": { "type": "Point", "coordinates": [ -62.812860384295959, -7.003118351715398 ] } },
{ "type": "Feature", "properties": { "fid": 146, "sword_node_id": 62263900140171, "sword_reach_id": 62263900141, "sword_width": 1449.0, "sword_dist_out": 2217987.3921719035, "file": "62263900140171_2217987.txt" }, "geometry": { "type": "Point", "coordinates": [ -62.7710378164725, -7.018946816770455 ] } },
{ "type": "Feature", "properties": { "fid": 147, "sword_node_id": 62263900140101, "sword_reach_id": 62263900141, "sword_width": 2459.0, "sword_dist_out": 2216595.2536893287, "file": "62263900140101_2216595.txt" }, "geometry": { "type": "Point", "coordinates": [ -62.75992726968915, -7.02165325613087 ] } },
{ "type": "Feature", "properties": { "fid": 148, "sword_node_id": 62263900140051, "sword_reach_id": 62263900141, "sword_width": 2235.0, "sword_dist_out": 2215594.7624330954, "file": "62263900140051_2215594.txt" }, "geometry": { "type": "Point", "coordinates": [ -62.751550356201065, -7.023144076589034 ] } },
{ "type": "Feature", "properties": { "fid": 149, "sword_node_id": 62263900140011, "sword_reach_id": 62263900141, "sword_width": 2116.0, "sword_dist_out": 2214811.4859955129, "file": "62263900140011_2214811.txt" }, "geometry": { "type": "Point", "coordinates": [ -62.744312424562786, -7.024044799407292 ] } },
{ "type": "Feature", "properties": { "fid": 150, "sword_node_id": 62263900130921, "sword_reach_id": 62263900131, "sword_width": 1947.5, "sword_dist_out": 2213605.0746027716, "file": "62263900130921_2213605.txt" }, "geometry": { "type": "Point", "coordinates": [ -62.73363391952266, -7.025311034742542 ] } },
{ "type": "Feature", "properties": { "fid": 151, "sword_node_id": 62263900130891, "sword_reach_id": 62263900131, "sword_width": 1630.0, "sword_dist_out": 2212990.0641694455, "file": "62263900130891_2212990.txt" }, "geometry": { "type": "Point", "coordinates": [ -62.7260122282092, -7.024755761503068 ] } },
{ "type": "Feature", "properties": { "fid": 152, "sword_node_id": 62263900130851, "sword_reach_id": 62263900131, "sword_width": 1895.0, "sword_dist_out": 2212161.2521648328, "file": "62263900130851_2212161.txt" }, "geometry": { "type": "Point", "coordinates": [ -62.722723853350132, -7.017092735577468 ] } },
{ "type": "Feature", "properties": { "fid": 153, "sword_node_id": 62263900130821, "sword_reach_id": 62263900131, "sword_width": 1829.0, "sword_dist_out": 2211587.0978148039, "file": "62263900130821_2211587.txt" }, "geometry": { "type": "Point", "coordinates": [ -62.718757878027439, -7.011676564579294 ] } },
{ "type": "Feature", "properties": { "fid": 154, "sword_node_id": 62263900130781, "sword_reach_id": 62263900131, "sword_width": 2058.0, "sword_dist_out": 2210778.3325240291, "file": "62263900130781_2210778.txt" }, "geometry": { "type": "Point", "coordinates": [ -62.713076543299046, -7.005897444794262 ] } },
{ "type": "Feature", "properties": { "fid": 155, "sword_node_id": 62263900130751, "sword_reach_id": 62263900131, "sword_width": 1760.0, "sword_dist_out": 2210181.7818222777, "file": "62263900130751_2210181.txt" }, "geometry": { "type": "Point", "coordinates": [ -62.709637512289632, -7.001858835938774 ] } },
{ "type": "Feature", "properties": { "fid": 156, "sword_node_id": 62263900130671, "sword_reach_id": 62263900131, "sword_width": 2015.0, "sword_dist_out": 2208567.5438633296, "file": "62263900130671_2208567.txt" }, "geometry": { "type": "Point", "coordinates": [ -62.700367308260731, -6.991463422917468 ] } },
{ "type": "Feature", "properties": { "fid": 157, "sword_node_id": 62263900130571, "sword_reach_id": 62263900131, "sword_width": 1597.0, "sword_dist_out": 2206552.4374962701, "file": "62263900130571_2206552.txt" }, "geometry": { "type": "Point", "coordinates": [ -62.688571579559891, -6.977424519401876 ] } },
{ "type": "Feature", "properties": { "fid": 158, "sword_node_id": 62263900130311, "sword_reach_id": 62263900131, "sword_width": 1297.5, "sword_dist_out": 2201353.8525595111, "file": "62263900130311_2201353.txt" }, "geometry": { "type": "Point", "coordinates": [ -62.661492053921194, -6.940909378432899 ] } },
{ "type": "Feature", "properties": { "fid": 159, "sword_node_id": 62263900130071, "sword_reach_id": 62263900131, "sword_width": 1380.0, "sword_dist_out": 2196532.8931483286, "file": "62263900130071_2196532.txt" }, "geometry": { "type": "Point", "coordinates": [ -62.651619929729129, -6.897902172219771 ] } },
{ "type": "Feature", "properties": { "fid": 160, "sword_node_id": 62263900120781, "sword_reach_id": 62263900121, "sword_width": 1190.0, "sword_dist_out": 2191310.8067770475, "file": "62263900120781_2191310.txt" }, "geometry": { "type": "Point", "coordinates": [ -62.656737999980479, -6.851407909770506 ] } },
{ "type": "Feature", "properties": { "fid": 161, "sword_node_id": 62263900120551, "sword_reach_id": 62263900121, "sword_width": 1013.0, "sword_dist_out": 2186695.87558938, "file": "62263900120551_2186695.txt" }, "geometry": { "type": "Point", "coordinates": [ -62.636855613684808, -6.815411555254033 ] } },
{ "type": "Feature", "properties": { "fid": 162, "sword_node_id": 62263900120291, "sword_reach_id": 62263900121, "sword_width": 1071.0, "sword_dist_out": 2181495.6316242511, "file": "62263900120291_2181495.txt" }, "geometry": { "type": "Point", "coordinates": [ -62.599366526163827, -6.792530738318337 ] } },
{ "type": "Feature", "properties": { "fid": 163, "sword_node_id": 62263900120041, "sword_reach_id": 62263900121, "sword_width": 1617.0, "sword_dist_out": 2176455.4889100669, "file": "62263900120041_2176455.txt" }, "geometry": { "type": "Point", "coordinates": [ -62.56169828660763, -6.766945627022946 ] } },
{ "type": "Feature", "properties": { "fid": 164, "sword_node_id": 62263900110341, "sword_reach_id": 62263900111, "sword_width": 1200.0, "sword_dist_out": 2171508.5075104171, "file": "62263900110341_2171508.txt" }, "geometry": { "type": "Point", "coordinates": [ -62.520329569805931, -6.750556152287041 ] } },
{ "type": "Feature", "properties": { "fid": 165, "sword_node_id": 62263900110041, "sword_reach_id": 62263900111, "sword_width": 1008.0, "sword_dist_out": 2165553.6827824973, "file": "62263900110041_2165553.txt" }, "geometry": { "type": "Point", "coordinates": [ -62.471229113499625, -6.771000358655796 ] } },
{ "type": "Feature", "properties": { "fid": 166, "sword_node_id": 62263900100451, "sword_reach_id": 62263900101, "sword_width": 2023.0, "sword_dist_out": 2162975.1455687364, "file": "62263900100451_2162975.txt" }, "geometry": { "type": "Point", "coordinates": [ -62.449363801757784, -6.779976801167923 ] } },
{ "type": "Feature", "properties": { "fid": 167, "sword_node_id": 62263900100391, "sword_reach_id": 62263900101, "sword_width": 2072.0, "sword_dist_out": 2161769.530573443, "file": "62263900100391_2161769.txt" }, "geometry": { "type": "Point", "coordinates": [ -62.438231509923547, -6.78136527890902 ] } },
{ "type": "Feature", "properties": { "fid": 168, "sword_node_id": 62263900100281, "sword_reach_id": 62263900101, "sword_width": 1342.0, "sword_dist_out": 2159550.7852919162, "file": "62263900100281_2159550.txt" }, "geometry": { "type": "Point", "coordinates": [ -62.419839417094003, -6.78390795151391 ] } },
{ "type": "Feature", "properties": { "fid": 169, "sword_node_id": 62263900100221, "sword_reach_id": 62263900101, "sword_width": 1601.5, "sword_dist_out": 2158329.2265338781, "file": "62263900100221_2158329.txt" }, "geometry": { "type": "Point", "coordinates": [ -62.409531535410544, -6.785136728696729 ] } },
{ "type": "Feature", "properties": { "fid": 170, "sword_node_id": 62263900100161, "sword_reach_id": 62263900101, "sword_width": 1364.0, "sword_dist_out": 2157108.8944902648, "file": "62263900100161_2157108.txt" }, "geometry": { "type": "Point", "coordinates": [ -62.400700886465962, -6.772513812839454 ] } },
{ "type": "Feature", "properties": { "fid": 171, "sword_node_id": 62263900100101, "sword_reach_id": 62263900101, "sword_width": 1182.5, "sword_dist_out": 2155911.056410539, "file": "62263900100101_2155911.txt" }, "geometry": { "type": "Point", "coordinates": [ -62.392604944167317, -6.766101760430457 ] } },
{ "type": "Feature", "properties": { "fid": 172, "sword_node_id": 62263900090811, "sword_reach_id": 62263900091, "sword_width": 1131.5, "sword_dist_out": 2150109.8832335351, "file": "62263900090811_2150109.txt" }, "geometry": { "type": "Point", "coordinates": [ -62.359368026651836, -6.729292034315162 ] } },
{ "type": "Feature", "properties": { "fid": 173, "sword_node_id": 62263900090561, "sword_reach_id": 62263900091, "sword_width": 1218.0, "sword_dist_out": 2145106.0994351222, "file": "62263900090561_2145106.txt" }, "geometry": { "type": "Point", "coordinates": [ -62.341642020678819, -6.688680445881426 ] } },
{ "type": "Feature", "properties": { "fid": 174, "sword_node_id": 62263900090321, "sword_reach_id": 62263900091, "sword_width": 1485.0, "sword_dist_out": 2140316.7979654814, "file": "62263900090321_2140316.txt" }, "geometry": { "type": "Point", "coordinates": [ -62.333616267226795, -6.646398057245347 ] } },
{ "type": "Feature", "properties": { "fid": 175, "sword_node_id": 62263900090271, "sword_reach_id": 62263900091, "sword_width": 1562.5, "sword_dist_out": 2139323.4963445361, "file": "62263900090271_2139323.txt" }, "geometry": { "type": "Point", "coordinates": [ -62.332272744487376, -6.6363909342792 ] } },
{ "type": "Feature", "properties": { "fid": 176, "sword_node_id": 62263900090221, "sword_reach_id": 62263900091, "sword_width": 1506.0, "sword_dist_out": 2138341.4484674549, "file": "62263900090221_2138341.txt" }, "geometry": { "type": "Point", "coordinates": [ -62.33152187716145, -6.627755784870538 ] } },
{ "type": "Feature", "properties": { "fid": 177, "sword_node_id": 62263900090171, "sword_reach_id": 62263900091, "sword_width": 1341.0, "sword_dist_out": 2137341.5003979448, "file": "62263900090171_2137341.txt" }, "geometry": { "type": "Point", "coordinates": [ -62.332437147877059, -6.617214748079634 ] } },
{ "type": "Feature", "properties": { "fid": 178, "sword_node_id": 62263900090121, "sword_reach_id": 62263900091, "sword_width": 1291.0, "sword_dist_out": 2136352.4508636296, "file": "62263900090121_2136352.txt" }, "geometry": { "type": "Point", "coordinates": [ -62.334320872859941, -6.608529958743628 ] } },
{ "type": "Feature", "properties": { "fid": 179, "sword_node_id": 62263900090071, "sword_reach_id": 62263900091, "sword_width": 1395.0, "sword_dist_out": 2135347.2615393088, "file": "62263900090071_2135347.txt" }, "geometry": { "type": "Point", "coordinates": [ -62.337509557350323, -6.600596106249169 ] } },
{ "type": "Feature", "properties": { "fid": 180, "sword_node_id": 62263900090021, "sword_reach_id": 62263900091, "sword_width": 1253.0, "sword_dist_out": 2134354.2476610527, "file": "62263900090021_2134354.txt" }, "geometry": { "type": "Point", "coordinates": [ -62.342538190135507, -6.592438492748559 ] } },
{ "type": "Feature", "properties": { "fid": 181, "sword_node_id": 62263900080561, "sword_reach_id": 62263900081, "sword_width": 1172.0, "sword_dist_out": 2133331.0129555943, "file": "62263900080561_2133331.txt" }, "geometry": { "type": "Point", "coordinates": [ -62.347879645222704, -6.584517207295716 ] } },
{ "type": "Feature", "properties": { "fid": 182, "sword_node_id": 62263900080521, "sword_reach_id": 62263900081, "sword_width": 1050.0, "sword_dist_out": 2132530.305000396, "file": "62263900080521_2132530.txt" }, "geometry": { "type": "Point", "coordinates": [ -62.354518129846277, -6.581199098021996 ] } },
{ "type": "Feature", "properties": { "fid": 183, "sword_node_id": 62263900080301, "sword_reach_id": 62263900081, "sword_width": 1044.0, "sword_dist_out": 2128160.9566060514, "file": "62263900080301_2128160.txt" }, "geometry": { "type": "Point", "coordinates": [ -62.375072082089282, -6.542115617630749 ] } },
{ "type": "Feature", "properties": { "fid": 184, "sword_node_id": 62263900080061, "sword_reach_id": 62263900081, "sword_width": 1231.0, "sword_dist_out": 2123388.4711367651, "file": "62263900080061_2123388.txt" }, "geometry": { "type": "Point", "coordinates": [ -62.330254809712855, -6.52629980054019 ] } },
{ "type": "Feature", "properties": { "fid": 185, "sword_node_id": 62263900070501, "sword_reach_id": 62263900071, "sword_width": 1839.0, "sword_dist_out": 2120455.5533268899, "file": "62263900070501_2120455.txt" }, "geometry": { "type": "Point", "coordinates": [ -62.310082626314632, -6.509128587172763 ] } },
{ "type": "Feature", "properties": { "fid": 186, "sword_node_id": 62263900070441, "sword_reach_id": 62263900071, "sword_width": 2156.5, "sword_dist_out": 2119271.6560607394, "file": "62263900070441_2119271.txt" }, "geometry": { "type": "Point", "coordinates": [ -62.304473790362003, -6.499810686314893 ] } },
{ "type": "Feature", "properties": { "fid": 187, "sword_node_id": 62263900070351, "sword_reach_id": 62263900071, "sword_width": 1601.0, "sword_dist_out": 2117486.3737290977, "file": "62263900070351_2117486.txt" }, "geometry": { "type": "Point", "coordinates": [ -62.296791838658962, -6.485515959564702 ] } },
{ "type": "Feature", "properties": { "fid": 188, "sword_node_id": 62263900070251, "sword_reach_id": 62263900071, "sword_width": 1934.5, "sword_dist_out": 2115469.3213243331, "file": "62263900070251_2115469.txt" }, "geometry": { "type": "Point", "coordinates": [ -62.290428817409037, -6.467153131253708 ] } },
{ "type": "Feature", "properties": { "fid": 189, "sword_node_id": 62263900070151, "sword_reach_id": 62263900071, "sword_width": 1574.0, "sword_dist_out": 2113481.6749386596, "file": "62263900070151_2113481.txt" }, "geometry": { "type": "Point", "coordinates": [ -62.284926753763607, -6.45038668013548 ] } },
{ "type": "Feature", "properties": { "fid": 190, "sword_node_id": 62263900070021, "sword_reach_id": 62263900071, "sword_width": 1431.5, "sword_dist_out": 2110915.4771209056, "file": "62263900070021_2110915.txt" }, "geometry": { "type": "Point", "coordinates": [ -62.274048730450353, -6.431116850404916 ] } },
{ "type": "Feature", "properties": { "fid": 191, "sword_node_id": 62263900060321, "sword_reach_id": 62263900061, "sword_width": 2091.0, "sword_dist_out": 2106349.9158396511, "file": "62263900060321_2106349.txt" }, "geometry": { "type": "Point", "coordinates": [ -62.257651775761836, -6.391395330460496 ] } },
{ "type": "Feature", "properties": { "fid": 192, "sword_node_id": 62263900060161, "sword_reach_id": 62263900061, "sword_width": 1679.0, "sword_dist_out": 2103169.2241193866, "file": "62263900060161_2103169.txt" }, "geometry": { "type": "Point", "coordinates": [ -62.246840921833936, -6.36605727428448 ] } },
{ "type": "Feature", "properties": { "fid": 193, "sword_node_id": 62263900050491, "sword_reach_id": 62263900051, "sword_width": 1192.0, "sword_dist_out": 2099189.1503811395, "file": "62263900050491_2099189.txt" }, "geometry": { "type": "Point", "coordinates": [ -62.240765031109277, -6.331003167131803 ] } },
{ "type": "Feature", "properties": { "fid": 194, "sword_node_id": 62263900050291, "sword_reach_id": 62263900051, "sword_width": 1985.0, "sword_dist_out": 2095218.0829454344, "file": "62263900050291_2095218.txt" }, "geometry": { "type": "Point", "coordinates": [ -62.242220544319146, -6.295771496469896 ] } },
{ "type": "Feature", "properties": { "fid": 195, "sword_node_id": 62263900050041, "sword_reach_id": 62263900051, "sword_width": 1260.0, "sword_dist_out": 2090233.2704737722, "file": "62263900050041_2090233.txt" }, "geometry": { "type": "Point", "coordinates": [ -62.246802880398576, -6.251199775620126 ] } },
{ "type": "Feature", "properties": { "fid": 196, "sword_node_id": 62263900040711, "sword_reach_id": 62263900041, "sword_width": 789.0, "sword_dist_out": 2085464.4601512968, "file": "62263900040711_2085464.txt" }, "geometry": { "type": "Point", "coordinates": [ -62.220841623697638, -6.218254454137275 ] } },
{ "type": "Feature", "properties": { "fid": 197, "sword_node_id": 62263900040561, "sword_reach_id": 62263900041, "sword_width": 1047.0, "sword_dist_out": 2082473.9381515016, "file": "62263900040561_2082473.txt" }, "geometry": { "type": "Point", "coordinates": [ -62.197777815802304, -6.204252515218416 ] } },
{ "type": "Feature", "properties": { "fid": 198, "sword_node_id": 62263900040511, "sword_reach_id": 62263900041, "sword_width": 1145.0, "sword_dist_out": 2081466.8580859182, "file": "62263900040511_2081466.txt" }, "geometry": { "type": "Point", "coordinates": [ -62.189778252026187, -6.200162540366905 ] } },
{ "type": "Feature", "properties": { "fid": 199, "sword_node_id": 62263900040461, "sword_reach_id": 62263900041, "sword_width": 1203.0, "sword_dist_out": 2080481.184204808, "file": "62263900040461_2080481.txt" }, "geometry": { "type": "Point", "coordinates": [ -62.181271987829881, -6.196511778695963 ] } },
{ "type": "Feature", "properties": { "fid": 200, "sword_node_id": 62263900040401, "sword_reach_id": 62263900041, "sword_width": 1239.0, "sword_dist_out": 2079248.4089401786, "file": "62263900040401_2079248.txt" }, "geometry": { "type": "Point", "coordinates": [ -62.171376751077261, -6.193241594506005 ] } },
{ "type": "Feature", "properties": { "fid": 201, "sword_node_id": 62263900040361, "sword_reach_id": 62263900041, "sword_width": 1287.5, "sword_dist_out": 2078454.1342457191, "file": "62263900040361_2078454.txt" }, "geometry": { "type": "Point", "coordinates": [ -62.164397666371087, -6.190885272793245 ] } },
{ "type": "Feature", "properties": { "fid": 202, "sword_node_id": 62263900040311, "sword_reach_id": 62263900041, "sword_width": 1331.0, "sword_dist_out": 2077467.9651946547, "file": "62263900040311_2077467.txt" }, "geometry": { "type": "Point", "coordinates": [ -62.155671827480695, -6.188531104019524 ] } },
{ "type": "Feature", "properties": { "fid": 203, "sword_node_id": 62263900040261, "sword_reach_id": 62263900041, "sword_width": 1360.0, "sword_dist_out": 2076466.3848531607, "file": "62263900040261_2076466.txt" }, "geometry": { "type": "Point", "coordinates": [ -62.146371560031184, -6.187984712361043 ] } },
{ "type": "Feature", "properties": { "fid": 204, "sword_node_id": 62263900040211, "sword_reach_id": 62263900041, "sword_width": 1331.0, "sword_dist_out": 2075440.1467663881, "file": "62263900040211_2075440.txt" }, "geometry": { "type": "Point", "coordinates": [ -62.137547818927537, -6.188211664918167 ] } },
{ "type": "Feature", "properties": { "fid": 205, "sword_node_id": 62263900040161, "sword_reach_id": 62263900041, "sword_width": 1135.0, "sword_dist_out": 2074442.1934515743, "file": "62263900040161_2074442.txt" }, "geometry": { "type": "Point", "coordinates": [ -62.128815212280166, -6.19044515371867 ] } },
{ "type": "Feature", "properties": { "fid": 206, "sword_node_id": 62263900030371, "sword_reach_id": 62263900031, "sword_width": 1116.5, "sword_dist_out": 2069458.5832281292, "file": "62263900030371_2069458.txt" }, "geometry": { "type": "Point", "coordinates": [ -62.091991551602455, -6.216852206209398 ] } },
{ "type": "Feature", "properties": { "fid": 207, "sword_node_id": 62263900030121, "sword_reach_id": 62263900031, "sword_width": 1776.0, "sword_dist_out": 2064464.9960052646, "file": "62263900030121_2064464.txt" }, "geometry": { "type": "Point", "coordinates": [ -62.053723833616175, -6.237785992762348 ] } },
{ "type": "Feature", "properties": { "fid": 208, "sword_node_id": 62263900030061, "sword_reach_id": 62263900031, "sword_width": 1515.0, "sword_dist_out": 2063265.6022206284, "file": "62263900030061_2063265.txt" }, "geometry": { "type": "Point", "coordinates": [ -62.046547111294316, -6.247472891676529 ] } },
{ "type": "Feature", "properties": { "fid": 209, "sword_node_id": 62263900020451, "sword_reach_id": 62263900021, "sword_width": 1203.0, "sword_dist_out": 2061944.0546811393, "file": "62263900020451_2061944.txt" }, "geometry": { "type": "Point", "coordinates": [ -62.034852748786207, -6.255372657474981 ] } },
{ "type": "Feature", "properties": { "fid": 210, "sword_node_id": 62263900020281, "sword_reach_id": 62263900021, "sword_width": 1098.0, "sword_dist_out": 2058569.2507635509, "file": "62263900020281_2058569.txt" }, "geometry": { "type": "Point", "coordinates": [ -62.003513383669649, -6.233801905633283 ] } },
{ "type": "Feature", "properties": { "fid": 211, "sword_node_id": 62263900020041, "sword_reach_id": 62263900021, "sword_width": 1915.0, "sword_dist_out": 2053820.3081308117, "file": "62263900020041_2053820.txt" }, "geometry": { "type": "Point", "coordinates": [ -61.963273576519434, -6.234748106970097 ] } },
{ "type": "Feature", "properties": { "fid": 212, "sword_node_id": 62263900010391, "sword_reach_id": 62263900011, "sword_width": 2241.0, "sword_dist_out": 2051650.7173293622, "file": "62263900010391_2051650.txt" }, "geometry": { "type": "Point", "coordinates": [ -61.946327155418444, -6.23666661644496 ] } },
{ "type": "Feature", "properties": { "fid": 213, "sword_node_id": 62263900010301, "sword_reach_id": 62263900011, "sword_width": 1233.0, "sword_dist_out": 2049865.4547395376, "file": "62263900010301_2049865.txt" }, "geometry": { "type": "Point", "coordinates": [ -61.926078375069103, -6.235940071331321 ] } },
{ "type": "Feature", "properties": { "fid": 214, "sword_node_id": 62263900010251, "sword_reach_id": 62263900011, "sword_width": 1267.0, "sword_dist_out": 2048863.346495532, "file": "62263900010251_2048863.txt" }, "geometry": { "type": "Point", "coordinates": [ -61.91764629567875, -6.232093765125403 ] } },
{ "type": "Feature", "properties": { "fid": 215, "sword_node_id": 62263900010191, "sword_reach_id": 62263900011, "sword_width": 1515.5, "sword_dist_out": 2047678.2301807792, "file": "62263900010191_2047678.txt" }, "geometry": { "type": "Point", "coordinates": [ -61.908839477040829, -6.230586269856671 ] } },
{ "type": "Feature", "properties": { "fid": 216, "sword_node_id": 62263900010151, "sword_reach_id": 62263900011, "sword_width": 1588.0, "sword_dist_out": 2046889.1453351988, "file": "62263900010151_2046889.txt" }, "geometry": { "type": "Point", "coordinates": [ -61.89503055643187, -6.226119430094644 ] } },
{ "type": "Feature", "properties": { "fid": 217, "sword_node_id": 62263900010111, "sword_reach_id": 62263900011, "sword_width": 1575.0, "sword_dist_out": 2046103.0335575538, "file": "62263900010111_2046103.txt" }, "geometry": { "type": "Point", "coordinates": [ -61.886086115096639, -6.221897396326405 ] } },
{ "type": "Feature", "properties": { "fid": 218, "sword_node_id": 62263900010061, "sword_reach_id": 62263900011, "sword_width": 1630.0, "sword_dist_out": 2045112.821282821, "file": "62263900010061_2045112.txt" }, "geometry": { "type": "Point", "coordinates": [ -61.879296555932328, -6.22117141962859 ] } },
{ "type": "Feature", "properties": { "fid": 219, "sword_node_id": 62263700020531, "sword_reach_id": 62263700021, "sword_width": 1678.0, "sword_dist_out": 2043936.6229418414, "file": "62263700020531_2043936.txt" }, "geometry": { "type": "Point", "coordinates": [ -61.873297963466314, -6.221163383958475 ] } },
{ "type": "Feature", "properties": { "fid": 220, "sword_node_id": 62263700020471, "sword_reach_id": 62263700021, "sword_width": 1615.5, "sword_dist_out": 2042707.4432593416, "file": "62263700020471_2042707.txt" }, "geometry": { "type": "Point", "coordinates": [ -61.86831908979098, -6.215265503388769 ] } },
{ "type": "Feature", "properties": { "fid": 221, "sword_node_id": 62263700020421, "sword_reach_id": 62263700021, "sword_width": 1366.0, "sword_dist_out": 2041715.7024598105, "file": "62263700020421_2041715.txt" }, "geometry": { "type": "Point", "coordinates": [ -61.867249003158896, -6.210918110843468 ] } },
{ "type": "Feature", "properties": { "fid": 222, "sword_node_id": 62263700020381, "sword_reach_id": 62263700021, "sword_width": 1279.0, "sword_dist_out": 2040916.819554263, "file": "62263700020381_2040916.txt" }, "geometry": { "type": "Point", "coordinates": [ -61.865756416728352, -6.208910497907071 ] } },
{ "type": "Feature", "properties": { "fid": 223, "sword_node_id": 62263700020261, "sword_reach_id": 62263700021, "sword_width": 892.0, "sword_dist_out": 2038499.73112085, "file": "62263700020261_2038499.txt" }, "geometry": { "type": "Point", "coordinates": [ -61.863134970971586, -6.20607598880951 ] } },
{ "type": "Feature", "properties": { "fid": 224, "sword_node_id": 62263700020181, "sword_reach_id": 62263700021, "sword_width": 635.0, "sword_dist_out": 2036917.8907481693, "file": "62263700020181_2036917.txt" }, "geometry": { "type": "Point", "coordinates": [ -61.863661039641343, -6.200500691202404 ] } },
{ "type": "Feature", "properties": { "fid": 225, "sword_node_id": 62263700010511, "sword_reach_id": 62263700011, "sword_width": 1035.0, "sword_dist_out": 2032959.2665042316, "file": "62263700010511_2032959.txt" }, "geometry": { "type": "Point", "coordinates": [ -61.847063092229313, -6.177461908788193 ] } },
{ "type": "Feature", "properties": { "fid": 226, "sword_node_id": 62263700010281, "sword_reach_id": 62263700011, "sword_width": 1763.0, "sword_dist_out": 2028367.61686103, "file": "62263700010281_2028367.txt" }, "geometry": { "type": "Point", "coordinates": [ -61.828745782972511, -6.141587593639442 ] } },
{ "type": "Feature", "properties": { "fid": 227, "sword_node_id": 62263700010221, "sword_reach_id": 62263700011, "sword_width": 1874.0, "sword_dist_out": 2027168.8078828133, "file": "62263700010221_2027168.txt" }, "geometry": { "type": "Point", "coordinates": [ -61.82589584336705, -6.130020827831785 ] } },
{ "type": "Feature", "properties": { "fid": 228, "sword_node_id": 62263700010191, "sword_reach_id": 62263700011, "sword_width": 2040.5, "sword_dist_out": 2026571.6619373851, "file": "62263700010191_2026571.txt" }, "geometry": { "type": "Point", "coordinates": [ -61.821887052220795, -6.126404904319661 ] } },
{ "type": "Feature", "properties": { "fid": 229, "sword_node_id": 62263700010161, "sword_reach_id": 62263700011, "sword_width": 1780.0, "sword_dist_out": 2025951.1126616597, "file": "62263700010161_2025951.txt" }, "geometry": { "type": "Point", "coordinates": [ -61.817318725280842, -6.12391802965436 ] } },
{ "type": "Feature", "properties": { "fid": 230, "sword_node_id": 62263700010121, "sword_reach_id": 62263700011, "sword_width": 1690.0, "sword_dist_out": 2025176.8223239889, "file": "62263700010121_2025176.txt" }, "geometry": { "type": "Point", "coordinates": [ -61.811297938720408, -6.1222048132576 ] } },
{ "type": "Feature", "properties": { "fid": 231, "sword_node_id": 62263700010091, "sword_reach_id": 62263700011, "sword_width": 1684.0, "sword_dist_out": 2024557.957232493, "file": "62263700010091_2024557.txt" }, "geometry": { "type": "Point", "coordinates": [ -61.805987313757733, -6.120951741078482 ] } },
{ "type": "Feature", "properties": { "fid": 232, "sword_node_id": 62263700010051, "sword_reach_id": 62263700011, "sword_width": 1519.0, "sword_dist_out": 2023769.4944838155, "file": "62263700010051_2023769.txt" }, "geometry": { "type": "Point", "coordinates": [ -61.797398499130196, -6.120449603693258 ] } },
{ "type": "Feature", "properties": { "fid": 233, "sword_node_id": 62263500050891, "sword_reach_id": 62263500051, "sword_width": 1533.0, "sword_dist_out": 2022562.7410282178, "file": "62263500050891_2022562.txt" }, "geometry": { "type": "Point", "coordinates": [ -61.787673241710628, -6.120820462520439 ] } },
{ "type": "Feature", "properties": { "fid": 234, "sword_node_id": 62263500050731, "sword_reach_id": 62263500051, "sword_width": 2024.5, "sword_dist_out": 2019363.6780988516, "file": "62263500050731_2019363.txt" }, "geometry": { "type": "Point", "coordinates": [ -61.772651162831089, -6.094938801911925 ] } },
{ "type": "Feature", "properties": { "fid": 235, "sword_node_id": 62263500050651, "sword_reach_id": 62263500051, "sword_width": 1525.0, "sword_dist_out": 2017751.5245149555, "file": "62263500050651_2017751.txt" }, "geometry": { "type": "Point", "coordinates": [ -61.765137879772652, -6.080537640286807 ] } },
{ "type": "Feature", "properties": { "fid": 236, "sword_node_id": 62263500050401, "sword_reach_id": 62263500051, "sword_width": 1387.0, "sword_dist_out": 2012730.9905821166, "file": "62263500050401_2012730.txt" }, "geometry": { "type": "Point", "coordinates": [ -61.725669669999164, -6.057862037844736 ] } },
{ "type": "Feature", "properties": { "fid": 237, "sword_node_id": 62263500050141, "sword_reach_id": 62263500051, "sword_width": 979.0, "sword_dist_out": 2007507.0618236244, "file": "62263500050141_2007507.txt" }, "geometry": { "type": "Point", "coordinates": [ -61.690628509063799, -6.029623113618644 ] } },
{ "type": "Feature", "properties": { "fid": 238, "sword_node_id": 62263500040761, "sword_reach_id": 62263500041, "sword_width": 1440.0, "sword_dist_out": 2002482.6595473527, "file": "62263500040761_2002482.txt" }, "geometry": { "type": "Point", "coordinates": [ -61.667364407570538, -5.991402857684863 ] } },
{ "type": "Feature", "properties": { "fid": 239, "sword_node_id": 62263500040521, "sword_reach_id": 62263500041, "sword_width": 1098.0, "sword_dist_out": 1997674.3543701642, "file": "62263500040521_1997674.txt" }, "geometry": { "type": "Point", "coordinates": [ -61.684819369034649, -5.950286146538713 ] } },
{ "type": "Feature", "properties": { "fid": 240, "sword_node_id": 62263500040301, "sword_reach_id": 62263500041, "sword_width": 1837.0, "sword_dist_out": 1993253.8655262636, "file": "62263500040301_1993253.txt" }, "geometry": { "type": "Point", "coordinates": [ -61.703543501767214, -5.912549165136721 ] } },
{ "type": "Feature", "properties": { "fid": 241, "sword_node_id": 62263500040181, "sword_reach_id": 62263500041, "sword_width": 1794.5, "sword_dist_out": 1990796.5295634635, "file": "62263500040181_1990796.txt" }, "geometry": { "type": "Point", "coordinates": [ -61.688515322928993, -5.891575619433669 ] } },
{ "type": "Feature", "properties": { "fid": 242, "sword_node_id": 62263500040081, "sword_reach_id": 62263500041, "sword_width": 1061.5, "sword_dist_out": 1988808.6001678596, "file": "62263500040081_1988808.txt" }, "geometry": { "type": "Point", "coordinates": [ -61.6726377155073, -5.881467879385853 ] } },
{ "type": "Feature", "properties": { "fid": 243, "sword_node_id": 62263500030531, "sword_reach_id": 62263500031, "sword_width": 2209.0, "sword_dist_out": 1987017.0650505943, "file": "62263500030531_1987017.txt" }, "geometry": { "type": "Point", "coordinates": [ -61.66028956863434, -5.872718063591993 ] } },
{ "type": "Feature", "properties": { "fid": 244, "sword_node_id": 62263500030291, "sword_reach_id": 62263500031, "sword_width": 2325.0, "sword_dist_out": 1982242.0914438616, "file": "62263500030291_1982242.txt" }, "geometry": { "type": "Point", "coordinates": [ -61.61512483561318, -5.86801384399212 ] } },
{ "type": "Feature", "properties": { "fid": 245, "sword_node_id": 62263500030061, "sword_reach_id": 62263500031, "sword_width": 2209.0, "sword_dist_out": 1977640.5499192968, "file": "62263500030061_1977640.txt" }, "geometry": { "type": "Point", "coordinates": [ -61.57870078299517, -5.87217747379045 ] } },
{ "type": "Feature", "properties": { "fid": 246, "sword_node_id": 62263500020881, "sword_reach_id": 62263500021, "sword_width": 3312.0, "sword_dist_out": 1976263.0461072912, "file": "62263500020881_1976263.txt" }, "geometry": { "type": "Point", "coordinates": [ -61.570514630340035, -5.865003024316318 ] } },
{ "type": "Feature", "properties": { "fid": 247, "sword_node_id": 62263500020771, "sword_reach_id": 62263500021, "sword_width": 1092.0, "sword_dist_out": 1974063.7593002322, "file": "62263500020771_1974063.txt" }, "geometry": { "type": "Point", "coordinates": [ -61.557737672067383, -5.839782543711284 ] } },
{ "type": "Feature", "properties": { "fid": 248, "sword_node_id": 62263500020521, "sword_reach_id": 62263500021, "sword_width": 1344.0, "sword_dist_out": 1969033.8023774226, "file": "62263500020521_1969033.txt" }, "geometry": { "type": "Point", "coordinates": [ -61.516668520305842, -5.849000908775533 ] } },
{ "type": "Feature", "properties": { "fid": 249, "sword_node_id": 62263500020471, "sword_reach_id": 62263500021, "sword_width": 984.0, "sword_dist_out": 1968040.3910209031, "file": "62263500020471_1968040.txt" }, "geometry": { "type": "Point", "coordinates": [ -61.509689059897603, -5.854387441058797 ] } },
{ "type": "Feature", "properties": { "fid": 250, "sword_node_id": 62263500020421, "sword_reach_id": 62263500021, "sword_width": 1718.0, "sword_dist_out": 1967028.2532871643, "file": "62263500020421_1967028.txt" }, "geometry": { "type": "Point", "coordinates": [ -61.502439346553857, -5.859357858609 ] } },
{ "type": "Feature", "properties": { "fid": 251, "sword_node_id": 62263500020371, "sword_reach_id": 62263500021, "sword_width": 2089.0, "sword_dist_out": 1966009.8269339257, "file": "62263500020371_1966009.txt" }, "geometry": { "type": "Point", "coordinates": [ -61.49586916091517, -5.865506996341218 ] } },
{ "type": "Feature", "properties": { "fid": 252, "sword_node_id": 62263500020301, "sword_reach_id": 62263500021, "sword_width": 1950.0, "sword_dist_out": 1964635.0491846551, "file": "62263500020301_1964635.txt" }, "geometry": { "type": "Point", "coordinates": [ -61.485651212513375, -5.87151497291266 ] } },
{ "type": "Feature", "properties": { "fid": 253, "sword_node_id": 62263500020251, "sword_reach_id": 62263500021, "sword_width": 1849.0, "sword_dist_out": 1963598.6106867346, "file": "62263500020251_1963598.txt" }, "geometry": { "type": "Point", "coordinates": [ -61.477434544421662, -5.87378300321169 ] } },
{ "type": "Feature", "properties": { "fid": 254, "sword_node_id": 62263500020201, "sword_reach_id": 62263500021, "sword_width": 1832.0, "sword_dist_out": 1962591.4984008099, "file": "62263500020201_1962591.txt" }, "geometry": { "type": "Point", "coordinates": [ -61.469743264335577, -5.868778246696555 ] } },
{ "type": "Feature", "properties": { "fid": 255, "sword_node_id": 62263500020171, "sword_reach_id": 62263500021, "sword_width": 1745.0, "sword_dist_out": 1961994.5775633664, "file": "62263500020171_1961994.txt" }, "geometry": { "type": "Point", "coordinates": [ -61.465628035869109, -5.86309030961359 ] } },
{ "type": "Feature", "properties": { "fid": 256, "sword_node_id": 62263500020121, "sword_reach_id": 62263500021, "sword_width": 1455.5, "sword_dist_out": 1961019.1714799518, "file": "62263500020121_1961019.txt" }, "geometry": { "type": "Point", "coordinates": [ -61.459804437565801, -5.857243492525837 ] } },
{ "type": "Feature", "properties": { "fid": 257, "sword_node_id": 62263500010771, "sword_reach_id": 62263500011, "sword_width": 1287.0, "sword_dist_out": 1956190.8108076793, "file": "62263500010771_1956190.txt" }, "geometry": { "type": "Point", "coordinates": [ -61.43718566342136, -5.818989606687134 ] } },
{ "type": "Feature", "properties": { "fid": 258, "sword_node_id": 62263500010461, "sword_reach_id": 62263500011, "sword_width": 1232.0, "sword_dist_out": 1949971.0647149591, "file": "62263500010461_1949971.txt" }, "geometry": { "type": "Point", "coordinates": [ -61.392809904270344, -5.795595271316595 ] } },
{ "type": "Feature", "properties": { "fid": 259, "sword_node_id": 62263500010231, "sword_reach_id": 62263500011, "sword_width": 1185.5, "sword_dist_out": 1945374.9625967613, "file": "62263500010231_1945374.txt" }, "geometry": { "type": "Point", "coordinates": [ -61.360252991600369, -5.821844247366704 ] } },
{ "type": "Feature", "properties": { "fid": 260, "sword_node_id": 62263500010181, "sword_reach_id": 62263500011, "sword_width": 1050.0, "sword_dist_out": 1944346.2393736106, "file": "62263500010181_1944346.txt" }, "geometry": { "type": "Point", "coordinates": [ -61.355083106332089, -5.827633487154293 ] } },
{ "type": "Feature", "properties": { "fid": 261, "sword_node_id": 62263500010121, "sword_reach_id": 62263500011, "sword_width": 1399.5, "sword_dist_out": 1943164.9890806882, "file": "62263500010121_1943164.txt" }, "geometry": { "type": "Point", "coordinates": [ -61.347540783716276, -5.834262854212487 ] } },
{ "type": "Feature", "properties": { "fid": 262, "sword_node_id": 62263500010071, "sword_reach_id": 62263500011, "sword_width": 2209.0, "sword_dist_out": 1942148.0732465682, "file": "62263500010071_1942148.txt" }, "geometry": { "type": "Point", "coordinates": [ -61.339267162348783, -5.837378907695858 ] } },
{ "type": "Feature", "properties": { "fid": 263, "sword_node_id": 62263500010011, "sword_reach_id": 62263500011, "sword_width": 3929.5, "sword_dist_out": 1940951.6219328446, "file": "62263500010011_1940951.txt" }, "geometry": { "type": "Point", "coordinates": [ -61.328583092549685, -5.837177891246467 ] } },
{ "type": "Feature", "properties": { "fid": 264, "sword_node_id": 62263300060661, "sword_reach_id": 62263300061, "sword_width": 2441.0, "sword_dist_out": 1940380.4907778038, "file": "62263300060661_1940380.txt" }, "geometry": { "type": "Point", "coordinates": [ -61.325493459920615, -5.837385332180578 ] } },
{ "type": "Feature", "properties": { "fid": 265, "sword_node_id": 62263300060611, "sword_reach_id": 62263300061, "sword_width": 2305.5, "sword_dist_out": 1939409.1592103767, "file": "62263300060611_1939409.txt" }, "geometry": { "type": "Point", "coordinates": [ -61.321182440152342, -5.8309981385081 ] } },
{ "type": "Feature", "properties": { "fid": 266, "sword_node_id": 62263300060571, "sword_reach_id": 62263300061, "sword_width": 2086.0, "sword_dist_out": 1938583.9139208954, "file": "62263300060571_1938583.txt" }, "geometry": { "type": "Point", "coordinates": [ -61.317752342220068, -5.825206692894675 ] } },
{ "type": "Feature", "properties": { "fid": 267, "sword_node_id": 62263300060531, "sword_reach_id": 62263300061, "sword_width": 1977.0, "sword_dist_out": 1937819.3874349641, "file": "62263300060531_1937819.txt" }, "geometry": { "type": "Point", "coordinates": [ -61.313051049284383, -5.820658410780897 ] } },
{ "type": "Feature", "properties": { "fid": 268, "sword_node_id": 62263300060481, "sword_reach_id": 62263300061, "sword_width": 1557.0, "sword_dist_out": 1936795.7709312155, "file": "62263300060481_1936795.txt" }, "geometry": { "type": "Point", "coordinates": [ -61.307907757545159, -5.812169741078308 ] } },
{ "type": "Feature", "properties": { "fid": 269, "sword_node_id": 62263300060421, "sword_reach_id": 62263300061, "sword_width": 1140.5, "sword_dist_out": 1935591.8844663752, "file": "62263300060421_1935591.txt" }, "geometry": { "type": "Point", "coordinates": [ -61.304647524703277, -5.802912269312187 ] } },
{ "type": "Feature", "properties": { "fid": 270, "sword_node_id": 62263300060371, "sword_reach_id": 62263300061, "sword_width": 819.0, "sword_dist_out": 1934601.4078051706, "file": "62263300060371_1934601.txt" }, "geometry": { "type": "Point", "coordinates": [ -61.300488307574497, -5.794061140486429 ] } },
{ "type": "Feature", "properties": { "fid": 271, "sword_node_id": 62263300060121, "sword_reach_id": 62263300061, "sword_width": 1176.5, "sword_dist_out": 1929621.3327534322, "file": "62263300060121_1929621.txt" }, "geometry": { "type": "Point", "coordinates": [ -61.283062201415838, -5.75355295867512 ] } },
{ "type": "Feature", "properties": { "fid": 272, "sword_node_id": 62263300050391, "sword_reach_id": 62263300051, "sword_width": 1321.0, "sword_dist_out": 1924613.0533789899, "file": "62263300050391_1924613.txt" }, "geometry": { "type": "Point", "coordinates": [ -61.275337366292767, -5.707659903796314 ] } },
{ "type": "Feature", "properties": { "fid": 273, "sword_node_id": 62263300050131, "sword_reach_id": 62263300051, "sword_width": 1597.0, "sword_dist_out": 1919382.6796773528, "file": "62263300050131_1919382.txt" }, "geometry": { "type": "Point", "coordinates": [ -61.268101908985379, -5.663230732482112 ] } },
{ "type": "Feature", "properties": { "fid": 274, "sword_node_id": 62263300040441, "sword_reach_id": 62263300041, "sword_width": 1113.0, "sword_dist_out": 1914778.3584889108, "file": "62263300040441_1914778.txt" }, "geometry": { "type": "Point", "coordinates": [ -61.227570162708624, -5.655601067611505 ] } },
{ "type": "Feature", "properties": { "fid": 275, "sword_node_id": 62263300040181, "sword_reach_id": 62263300041, "sword_width": 1562.0, "sword_dist_out": 1909562.3272038496, "file": "62263300040181_1909562.txt" }, "geometry": { "type": "Point", "coordinates": [ -61.183700173913806, -5.639767451840058 ] } },
{ "type": "Feature", "properties": { "fid": 276, "sword_node_id": 62263300030851, "sword_reach_id": 62263300031, "sword_width": 1675.0, "sword_dist_out": 1904556.086445332, "file": "62263300030851_1904556.txt" }, "geometry": { "type": "Point", "coordinates": [ -61.142381220897626, -5.620394427218958 ] } },
{ "type": "Feature", "properties": { "fid": 277, "sword_node_id": 62263300030591, "sword_reach_id": 62263300031, "sword_width": 1103.0, "sword_dist_out": 1899328.8020631692, "file": "62263300030591_1899328.txt" }, "geometry": { "type": "Point", "coordinates": [ -61.112929745289783, -5.584902269435911 ] } },
{ "type": "Feature", "properties": { "fid": 278, "sword_node_id": 62263300030341, "sword_reach_id": 62263300031, "sword_width": 1051.0, "sword_dist_out": 1894322.6167419418, "file": "62263300030341_1894322.txt" }, "geometry": { "type": "Point", "coordinates": [ -61.071458046727749, -5.577054681935361 ] } },
{ "type": "Feature", "properties": { "fid": 279, "sword_node_id": 62263300030091, "sword_reach_id": 62263300031, "sword_width": 1694.0, "sword_dist_out": 1889308.4833784357, "file": "62263300030091_1889308.txt" }, "geometry": { "type": "Point", "coordinates": [ -61.028799180034476, -5.590061863159145 ] } },
{ "type": "Feature", "properties": { "fid": 280, "sword_node_id": 62263300020641, "sword_reach_id": 62263300021, "sword_width": 1124.0, "sword_dist_out": 1884520.7735784533, "file": "62263300020641_1884520.txt" }, "geometry": { "type": "Point", "coordinates": [ -60.987965732020783, -5.604668287727476 ] } },
{ "type": "Feature", "properties": { "fid": 281, "sword_node_id": 62263300020381, "sword_reach_id": 62263300021, "sword_width": 1320.0, "sword_dist_out": 1879292.9397225298, "file": "62263300020381_1879292.txt" }, "geometry": { "type": "Point", "coordinates": [ -60.948261028827737, -5.581409006955297 ] } },
{ "type": "Feature", "properties": { "fid": 282, "sword_node_id": 62263300020131, "sword_reach_id": 62263300021, "sword_width": 1790.0, "sword_dist_out": 1874293.1166622899, "file": "62263300020131_1874293.txt" }, "geometry": { "type": "Point", "coordinates": [ -60.912225220730889, -5.554398870493666 ] } },
{ "type": "Feature", "properties": { "fid": 283, "sword_node_id": 62263300010871, "sword_reach_id": 62263300011, "sword_width": 2013.0, "sword_dist_out": 1869462.0716141253, "file": "62263300010871_1869462.txt" }, "geometry": { "type": "Point", "coordinates": [ -60.87869673539592, -5.526752945176137 ] } },
{ "type": "Feature", "properties": { "fid": 284, "sword_node_id": 62263300010661, "sword_reach_id": 62263300011, "sword_width": 1217.0, "sword_dist_out": 1865255.1906889444, "file": "62263300010661_1865255.txt" }, "geometry": { "type": "Point", "coordinates": [ -60.843832461741357, -5.50991815875532 ] } },
{ "type": "Feature", "properties": { "fid": 285, "sword_node_id": 62263300010411, "sword_reach_id": 62263300011, "sword_width": 1231.0, "sword_dist_out": 1860245.3427130408, "file": "62263300010411_1860245.txt" }, "geometry": { "type": "Point", "coordinates": [ -60.802126458832426, -5.492733920322971 ] } },
{ "type": "Feature", "properties": { "fid": 286, "sword_node_id": 62263300010151, "sword_reach_id": 62263300011, "sword_width": 1523.5, "sword_dist_out": 1855055.6746356599, "file": "62263300010151_1855055.txt" }, "geometry": { "type": "Point", "coordinates": [ -60.759614024945535, -5.473819656110813 ] } },
{ "type": "Feature", "properties": { "fid": 287, "sword_node_id": 62263100050441, "sword_reach_id": 62263100051, "sword_width": 732.0, "sword_dist_out": 1849858.1761341607, "file": "62263100050441_1849858.txt" }, "geometry": { "type": "Point", "coordinates": [ -60.732158921850093, -5.44468645586303 ] } },
{ "type": "Feature", "properties": { "fid": 288, "sword_node_id": 62263100050191, "sword_reach_id": 62263100051, "sword_width": 1600.0, "sword_dist_out": 1844811.3190898872, "file": "62263100050191_1844811.txt" }, "geometry": { "type": "Point", "coordinates": [ -60.744582183618498, -5.400942259647824 ] } },
{ "type": "Feature", "properties": { "fid": 289, "sword_node_id": 62263100050061, "sword_reach_id": 62263100051, "sword_width": 1749.0, "sword_dist_out": 1842209.2518547585, "file": "62263100050061_1842209.txt" }, "geometry": { "type": "Point", "coordinates": [ -60.742848581512611, -5.377900738750068 ] } },
{ "type": "Feature", "properties": { "fid": 290, "sword_node_id": 62263100040441, "sword_reach_id": 62263100041, "sword_width": 1940.0, "sword_dist_out": 1837389.4409543835, "file": "62263100040441_1837389.txt" }, "geometry": { "type": "Point", "coordinates": [ -60.730156859458233, -5.33669245201627 ] } },
{ "type": "Feature", "properties": { "fid": 291, "sword_node_id": 62263100040281, "sword_reach_id": 62263100041, "sword_width": 2004.0, "sword_dist_out": 1834222.6905524775, "file": "62263100040281_1834222.txt" }, "geometry": { "type": "Point", "coordinates": [ -60.714049498680218, -5.312736159191828 ] } },
{ "type": "Feature", "properties": { "fid": 292, "sword_node_id": 62263100040081, "sword_reach_id": 62263100041, "sword_width": 1055.0, "sword_dist_out": 1830234.9317669182, "file": "62263100040081_1830234.txt" }, "geometry": { "type": "Point", "coordinates": [ -60.67980580953153, -5.301629310651731 ] } },
{ "type": "Feature", "properties": { "fid": 293, "sword_node_id": 62263100030451, "sword_reach_id": 62263100031, "sword_width": 1188.0, "sword_dist_out": 1825290.3198196194, "file": "62263100030451_1825290.txt" }, "geometry": { "type": "Point", "coordinates": [ -60.635668255643367, -5.303898296806159 ] } },
{ "type": "Feature", "properties": { "fid": 294, "sword_node_id": 62263100030201, "sword_reach_id": 62263100031, "sword_width": 1303.0, "sword_dist_out": 1820316.2979882217, "file": "62263100030201_1820316.txt" }, "geometry": { "type": "Point", "coordinates": [ -60.596125838453183, -5.280303478290493 ] } },
{ "type": "Feature", "properties": { "fid": 295, "sword_node_id": 62263100020761, "sword_reach_id": 62263100021, "sword_width": 1252.0, "sword_dist_out": 1815364.2158658148, "file": "62263100020761_1815364.txt" }, "geometry": { "type": "Point", "coordinates": [ -60.557725938568694, -5.257596109435288 ] } },
{ "type": "Feature", "properties": { "fid": 296, "sword_node_id": 62263100020511, "sword_reach_id": 62263100021, "sword_width": 925.0, "sword_dist_out": 1810327.279555395, "file": "62263100020511_1810327.txt" }, "geometry": { "type": "Point", "coordinates": [ -60.527387678416154, -5.225877277397168 ] } },
{ "type": "Feature", "properties": { "fid": 297, "sword_node_id": 62263100020271, "sword_reach_id": 62263100021, "sword_width": 1255.5, "sword_dist_out": 1805513.5552036692, "file": "62263100020271_1805513.txt" }, "geometry": { "type": "Point", "coordinates": [ -60.494435098329923, -5.198827305347096 ] } },
{ "type": "Feature", "properties": { "fid": 298, "sword_node_id": 62263100020021, "sword_reach_id": 62263100021, "sword_width": 1101.0, "sword_dist_out": 1800516.9004635483, "file": "62263100020021_1800516.txt" }, "geometry": { "type": "Point", "coordinates": [ -60.451445977809293, -5.183653306697281 ] } },
{ "type": "Feature", "properties": { "fid": 299, "sword_node_id": 62263100010381, "sword_reach_id": 62263100011, "sword_width": 825.0, "sword_dist_out": 1797101.911133867, "file": "62263100010381_1797101.txt" }, "geometry": { "type": "Point", "coordinates": [ -60.433332988363411, -5.159448673453081 ] } },
{ "type": "Feature", "properties": { "fid": 300, "sword_node_id": 62263100010151, "sword_reach_id": 62263100011, "sword_width": 1170.5, "sword_dist_out": 1792482.7633206765, "file": "62263100010151_1792482.txt" }, "geometry": { "type": "Point", "coordinates": [ -60.413690360962171, -5.126705330593601 ] } },
{ "type": "Feature", "properties": { "fid": 301, "sword_node_id": 62263100010101, "sword_reach_id": 62263100011, "sword_width": 1400.0, "sword_dist_out": 1791477.3520558144, "file": "62263100010101_1791477.txt" }, "geometry": { "type": "Point", "coordinates": [ -60.408496078472695, -5.119490417459686 ] } },
{ "type": "Feature", "properties": { "fid": 302, "sword_node_id": 62263100010011, "sword_reach_id": 62263100011, "sword_width": 2012.5, "sword_dist_out": 1789682.4853976292, "file": "62263100010011_1789682.txt" }, "geometry": { "type": "Point", "coordinates": [ -60.393213993066091, -5.111301862931385 ] } },
{ "type": "Feature", "properties": { "fid": 303, "sword_node_id": 62261900070531, "sword_reach_id": 62261900071, "sword_width": 1562.5, "sword_dist_out": 1786536.177112472, "file": "62261900070531_1786536.txt" }, "geometry": { "type": "Point", "coordinates": [ -60.366807341827602, -5.09600546464045 ] } },
{ "type": "Feature", "properties": { "fid": 304, "sword_node_id": 62261900070431, "sword_reach_id": 62261900071, "sword_width": 1462.0, "sword_dist_out": 1784739.4104675404, "file": "62261900070431_1784739.txt" }, "geometry": { "type": "Point", "coordinates": [ -60.349828763605231, -5.08850112089823 ] } },
{ "type": "Feature", "properties": { "fid": 305, "sword_node_id": 62261900070131, "sword_reach_id": 62261900071, "sword_width": 1724.0, "sword_dist_out": 1778469.0052027688, "file": "62261900070131_1778469.txt" }, "geometry": { "type": "Point", "coordinates": [ -60.304192560310099, -5.057484639681433 ] } },
{ "type": "Feature", "properties": { "fid": 306, "sword_node_id": 62261900060701, "sword_reach_id": 62261900061, "sword_width": 1382.0, "sword_dist_out": 1772052.7930351009, "file": "62261900060701_1772052.txt" }, "geometry": { "type": "Point", "coordinates": [ -60.273545717558903, -5.014204306801338 ] } },
{ "type": "Feature", "properties": { "fid": 307, "sword_node_id": 62261900060401, "sword_reach_id": 62261900061, "sword_width": 1574.0, "sword_dist_out": 1766042.5168442079, "file": "62261900060401_1766042.txt" }, "geometry": { "type": "Point", "coordinates": [ -60.249463300126457, -4.965890794839719 ] } },
{ "type": "Feature", "properties": { "fid": 308, "sword_node_id": 62261900060161, "sword_reach_id": 62261900061, "sword_width": 1991.0, "sword_dist_out": 1761216.9651958919, "file": "62261900060161_1761216.txt" }, "geometry": { "type": "Point", "coordinates": [ -60.234298993911153, -4.92408476576705 ] } },
{ "type": "Feature", "properties": { "fid": 309, "sword_node_id": 62261900050461, "sword_reach_id": 62261900051, "sword_width": 1206.0, "sword_dist_out": 1756416.0417609168, "file": "62261900050461_1756416.txt" }, "geometry": { "type": "Point", "coordinates": [ -60.199011771941869, -4.900360955197323 ] } },
{ "type": "Feature", "properties": { "fid": 310, "sword_node_id": 62261900050201, "sword_reach_id": 62261900051, "sword_width": 2125.0, "sword_dist_out": 1751278.4306942353, "file": "62261900050201_1751278.txt" }, "geometry": { "type": "Point", "coordinates": [ -60.153165939009888, -4.902603483449791 ] } },
{ "type": "Feature", "properties": { "fid": 311, "sword_node_id": 62261900040681, "sword_reach_id": 62261900041, "sword_width": 2376.5, "sword_dist_out": 1746312.0766339661, "file": "62261900040681_1746312.txt" }, "geometry": { "type": "Point", "coordinates": [ -60.111651995392094, -4.917189002075204 ] } },
{ "type": "Feature", "properties": { "fid": 312, "sword_node_id": 62261900040431, "sword_reach_id": 62261900041, "sword_width": 1231.0, "sword_dist_out": 1741300.0894521244, "file": "62261900040431_1741300.txt" }, "geometry": { "type": "Point", "coordinates": [ -60.068827078786647, -4.911312567856184 ] } },
{ "type": "Feature", "properties": { "fid": 313, "sword_node_id": 62261900040181, "sword_reach_id": 62261900041, "sword_width": 1334.0, "sword_dist_out": 1736248.293593986, "file": "62261900040181_1736248.txt" }, "geometry": { "type": "Point", "coordinates": [ -60.029033106528914, -4.891789302378941 ] } },
{ "type": "Feature", "properties": { "fid": 314, "sword_node_id": 62261900030921, "sword_reach_id": 62261900031, "sword_width": 2058.0, "sword_dist_out": 1731209.7028812098, "file": "62261900030921_1731209.txt" }, "geometry": { "type": "Point", "coordinates": [ -59.988492445429728, -4.871559039121542 ] } },
{ "type": "Feature", "properties": { "fid": 315, "sword_node_id": 62261900030671, "sword_reach_id": 62261900031, "sword_width": 1589.5, "sword_dist_out": 1726242.6440651824, "file": "62261900030671_1726242.txt" }, "geometry": { "type": "Point", "coordinates": [ -59.948642526693249, -4.850783963548617 ] } },
{ "type": "Feature", "properties": { "fid": 316, "sword_node_id": 62261900030471, "sword_reach_id": 62261900031, "sword_width": 1685.5, "sword_dist_out": 1722267.686413904, "file": "62261900030471_1722267.txt" }, "geometry": { "type": "Point", "coordinates": [ -59.920499768261735, -4.82873690952646 ] } },
{ "type": "Feature", "properties": { "fid": 317, "sword_node_id": 62261900030361, "sword_reach_id": 62261900031, "sword_width": 765.0, "sword_dist_out": 1720070.003746883, "file": "62261900030361_1720070.txt" }, "geometry": { "type": "Point", "coordinates": [ -59.913494393544774, -4.812165240218914 ] } },
{ "type": "Feature", "properties": { "fid": 318, "sword_node_id": 62261900030121, "sword_reach_id": 62261900031, "sword_width": 1395.0, "sword_dist_out": 1715293.400113557, "file": "62261900030121_1715293.txt" }, "geometry": { "type": "Point", "coordinates": [ -59.926176218308079, -4.770998024731091 ] } },
{ "type": "Feature", "properties": { "fid": 319, "sword_node_id": 62261900020901, "sword_reach_id": 62261900021, "sword_width": 1965.0, "sword_dist_out": 1711268.859346167, "file": "62261900020901_1711268.txt" }, "geometry": { "type": "Point", "coordinates": [ -59.934975680570702, -4.736913567457615 ] } },
{ "type": "Feature", "properties": { "fid": 320, "sword_node_id": 62261900020821, "sword_reach_id": 62261900021, "sword_width": 2039.0, "sword_dist_out": 1709686.6679604033, "file": "62261900020821_1709686.txt" }, "geometry": { "type": "Point", "coordinates": [ -59.933223080259872, -4.72238938886328 ] } },
{ "type": "Feature", "properties": { "fid": 321, "sword_node_id": 62261900020771, "sword_reach_id": 62261900021, "sword_width": 2147.0, "sword_dist_out": 1708676.7129376531, "file": "62261900020771_1708676.txt" }, "geometry": { "type": "Point", "coordinates": [ -59.930874674171193, -4.713120784379278 ] } },
{ "type": "Feature", "properties": { "fid": 322, "sword_node_id": 62261900020721, "sword_reach_id": 62261900021, "sword_width": 2191.5, "sword_dist_out": 1707663.1771887888, "file": "62261900020721_1707663.txt" }, "geometry": { "type": "Point", "coordinates": [ -59.927686120782198, -4.705782739395852 ] } },
{ "type": "Feature", "properties": { "fid": 323, "sword_node_id": 62261900020531, "sword_reach_id": 62261900021, "sword_width": 1374.5, "sword_dist_out": 1703836.5454395574, "file": "62261900020531_1703836.txt" }, "geometry": { "type": "Point", "coordinates": [ -59.924200461366368, -4.671341505459077 ] } },
{ "type": "Feature", "properties": { "fid": 324, "sword_node_id": 62261900020421, "sword_reach_id": 62261900021, "sword_width": 1387.5, "sword_dist_out": 1701630.7144387192, "file": "62261900020421_1701630.txt" }, "geometry": { "type": "Point", "coordinates": [ -59.925462421779841, -4.65151556470669 ] } },
{ "type": "Feature", "properties": { "fid": 325, "sword_node_id": 62261900020181, "sword_reach_id": 62261900021, "sword_width": 2741.5, "sword_dist_out": 1696820.7833509697, "file": "62261900020181_1696820.txt" }, "geometry": { "type": "Point", "coordinates": [ -59.918291289229998, -4.608115920174056 ] } },
{ "type": "Feature", "properties": { "fid": 326, "sword_node_id": 62261900020051, "sword_reach_id": 62261900021, "sword_width": 2501.5, "sword_dist_out": 1694205.1481667575, "file": "62261900020051_1694205.txt" }, "geometry": { "type": "Point", "coordinates": [ -59.913143239007461, -4.584544603061521 ] } },
{ "type": "Feature", "properties": { "fid": 327, "sword_node_id": 62261900010981, "sword_reach_id": 62261900011, "sword_width": 2109.0, "sword_dist_out": 1693019.6603688984, "file": "62261900010981_1693019.txt" }, "geometry": { "type": "Point", "coordinates": [ -59.906615972432498, -4.577665246473433 ] } },
{ "type": "Feature", "properties": { "fid": 328, "sword_node_id": 62261900010791, "sword_reach_id": 62261900011, "sword_width": 1949.0, "sword_dist_out": 1689225.7937078555, "file": "62261900010791_1689225.txt" }, "geometry": { "type": "Point", "coordinates": [ -59.887968585274017, -4.54867778732288 ] } },
{ "type": "Feature", "properties": { "fid": 329, "sword_node_id": 62261900010611, "sword_reach_id": 62261900011, "sword_width": 2191.0, "sword_dist_out": 1685654.3231400722, "file": "62261900010611_1685654.txt" }, "geometry": { "type": "Point", "coordinates": [ -59.872235439594029, -4.520986869299112 ] } },
{ "type": "Feature", "properties": { "fid": 330, "sword_node_id": 62261900010451, "sword_reach_id": 62261900011, "sword_width": 2441.0, "sword_dist_out": 1682439.3189730886, "file": "62261900010451_1682439.txt" }, "geometry": { "type": "Point", "coordinates": [ -59.869609257401642, -4.493047852200354 ] } },
{ "type": "Feature", "properties": { "fid": 331, "sword_node_id": 62261900010401, "sword_reach_id": 62261900011, "sword_width": 2628.0, "sword_dist_out": 1681463.068140506, "file": "62261900010401_1681463.txt" }, "geometry": { "type": "Point", "coordinates": [ -59.858692378080391, -4.487233464829525 ] } },
{ "type": "Feature", "properties": { "fid": 332, "sword_node_id": 62261900010341, "sword_reach_id": 62261900011, "sword_width": 2215.0, "sword_dist_out": 1680255.4091257039, "file": "62261900010341_1680255.txt" }, "geometry": { "type": "Point", "coordinates": [ -59.84874730401598, -4.48095719537712 ] } },
{ "type": "Feature", "properties": { "fid": 333, "sword_node_id": 62261900010281, "sword_reach_id": 62261900011, "sword_width": 1442.0, "sword_dist_out": 1679087.212119645, "file": "62261900010281_1679087.txt" }, "geometry": { "type": "Point", "coordinates": [ -59.841294902436736, -4.472377255300073 ] } },
{ "type": "Feature", "properties": { "fid": 334, "sword_node_id": 62261700150671, "sword_reach_id": 62261700151, "sword_width": 1613.0, "sword_dist_out": 1673092.7476977322, "file": "62261700150671_1673092.txt" }, "geometry": { "type": "Point", "coordinates": [ -59.807412406031354, -4.431064648999124 ] } },
{ "type": "Feature", "properties": { "fid": 335, "sword_node_id": 62261700150421, "sword_reach_id": 62261700151, "sword_width": 1713.0, "sword_dist_out": 1668093.0318487021, "file": "62261700150421_1668093.txt" }, "geometry": { "type": "Point", "coordinates": [ -59.77820690243589, -4.396583153280808 ] } },
{ "type": "Feature", "properties": { "fid": 336, "sword_node_id": 62261700150181, "sword_reach_id": 62261700151, "sword_width": 1841.0, "sword_dist_out": 1663307.0103982536, "file": "62261700150181_1663307.txt" }, "geometry": { "type": "Point", "coordinates": [ -59.751334026996098, -4.362742123665723 ] } },
{ "type": "Feature", "properties": { "fid": 337, "sword_node_id": 62261700140461, "sword_reach_id": 62261700141, "sword_width": 3280.5, "sword_dist_out": 1658689.6885170641, "file": "62261700140461_1658689.txt" }, "geometry": { "type": "Point", "coordinates": [ -59.721232995617264, -4.33560302665779 ] } },
{ "type": "Feature", "properties": { "fid": 338, "sword_node_id": 62261700140351, "sword_reach_id": 62261700141, "sword_width": 2205.0, "sword_dist_out": 1656524.1035262875, "file": "62261700140351_1656524.txt" }, "geometry": { "type": "Point", "coordinates": [ -59.702406479095728, -4.336945002246258 ] } },
{ "type": "Feature", "properties": { "fid": 339, "sword_node_id": 62261700140181, "sword_reach_id": 62261700141, "sword_width": 927.0, "sword_dist_out": 1653103.1838549618, "file": "62261700140181_1653103.txt" }, "geometry": { "type": "Point", "coordinates": [ -59.675493662081188, -4.343358205854835 ] } },
{ "type": "Feature", "properties": { "fid": 340, "sword_node_id": 62261700130891, "sword_reach_id": 62261700131, "sword_width": 1403.0, "sword_dist_out": 1648931.6260133621, "file": "62261700130891_1648931.txt" }, "geometry": { "type": "Point", "coordinates": [ -59.649451253165772, -4.369246885078013 ] } },
{ "type": "Feature", "properties": { "fid": 341, "sword_node_id": 62261700130701, "sword_reach_id": 62261700131, "sword_width": 2085.0, "sword_dist_out": 1645137.7799483677, "file": "62261700130701_1645137.txt" }, "geometry": { "type": "Point", "coordinates": [ -59.615125864735496, -4.377342423889869 ] } },
{ "type": "Feature", "properties": { "fid": 342, "sword_node_id": 62261700130531, "sword_reach_id": 62261700131, "sword_width": 1507.5, "sword_dist_out": 1641729.4878580919, "file": "62261700130531_1641729.txt" }, "geometry": { "type": "Point", "coordinates": [ -59.590103659117283, -4.362909217702216 ] } },
{ "type": "Feature", "properties": { "fid": 343, "sword_node_id": 62261700130401, "sword_reach_id": 62261700131, "sword_width": 1580.0, "sword_dist_out": 1639115.6969489169, "file": "62261700130401_1639115.txt" }, "geometry": { "type": "Point", "coordinates": [ -59.568637480410814, -4.350390696263024 ] } },
{ "type": "Feature", "properties": { "fid": 344, "sword_node_id": 62261700130191, "sword_reach_id": 62261700131, "sword_width": 1121.0, "sword_dist_out": 1634925.9158262925, "file": "62261700130191_1634925.txt" }, "geometry": { "type": "Point", "coordinates": [ -59.563196284492435, -4.320194937278222 ] } },
{ "type": "Feature", "properties": { "fid": 345, "sword_node_id": 62261700120531, "sword_reach_id": 62261700121, "sword_width": 2689.5, "sword_dist_out": 1631151.2344676263, "file": "62261700120531_1631151.txt" }, "geometry": { "type": "Point", "coordinates": [ -59.540096666905114, -4.290772222058046 ] } },
{ "type": "Feature", "properties": { "fid": 346, "sword_node_id": 62261700120401, "sword_reach_id": 62261700121, "sword_width": 3330.0, "sword_dist_out": 1628541.8070460721, "file": "62261700120401_1628541.txt" }, "geometry": { "type": "Point", "coordinates": [ -59.52225653053199, -4.277317916960794 ] } },
{ "type": "Feature", "properties": { "fid": 347, "sword_node_id": 62261700120191, "sword_reach_id": 62261700121, "sword_width": 1934.0, "sword_dist_out": 1624390.9320196302, "file": "62261700120191_1624390.txt" }, "geometry": { "type": "Point", "coordinates": [ -59.486200000655998, -4.27070603407175 ] } },
{ "type": "Feature", "properties": { "fid": 348, "sword_node_id": 62261700120031, "sword_reach_id": 62261700121, "sword_width": 1334.5, "sword_dist_out": 1621189.2613780757, "file": "62261700120031_1621189.txt" }, "geometry": { "type": "Point", "coordinates": [ -59.459855883146936, -4.276470339575502 ] } },
{ "type": "Feature", "properties": { "fid": 349, "sword_node_id": 62261700110311, "sword_reach_id": 62261700111, "sword_width": 1419.0, "sword_dist_out": 1616277.5626528575, "file": "62261700110311_1616277.txt" }, "geometry": { "type": "Point", "coordinates": [ -59.423669395040839, -4.251048439946222 ] } },
{ "type": "Feature", "properties": { "fid": 350, "sword_node_id": 62261700110061, "sword_reach_id": 62261700111, "sword_width": 2172.0, "sword_dist_out": 1611288.1911526567, "file": "62261700110061_1611288.txt" }, "geometry": { "type": "Point", "coordinates": [ -59.390330831797591, -4.220771781585559 ] } },
{ "type": "Feature", "properties": { "fid": 351, "sword_node_id": 62261700100791, "sword_reach_id": 62261700101, "sword_width": 2253.0, "sword_dist_out": 1606337.8190859037, "file": "62261700100791_1606337.txt" }, "geometry": { "type": "Point", "coordinates": [ -59.374234330618222, -4.178944630990692 ] } },
{ "type": "Feature", "properties": { "fid": 352, "sword_node_id": 62261700100541, "sword_reach_id": 62261700101, "sword_width": 2347.0, "sword_dist_out": 1601363.7775408772, "file": "62261700100541_1601363.txt" }, "geometry": { "type": "Point", "coordinates": [ -59.364680647810125, -4.135462146286045 ] } },
{ "type": "Feature", "properties": { "fid": 353, "sword_node_id": 62261700100281, "sword_reach_id": 62261700101, "sword_width": 2123.0, "sword_dist_out": 1596167.5115392292, "file": "62261700100281_1596167.txt" }, "geometry": { "type": "Point", "coordinates": [ -59.362853824962293, -4.089346614854525 ] } },
{ "type": "Feature", "properties": { "fid": 354, "sword_node_id": 62261700100061, "sword_reach_id": 62261700101, "sword_width": 1857.0, "sword_dist_out": 1591785.0838102235, "file": "62261700100061_1591785.txt" }, "geometry": { "type": "Point", "coordinates": [ -59.350057201545717, -4.053288081862728 ] } },
{ "type": "Feature", "properties": { "fid": 355, "sword_node_id": 62261700090341, "sword_reach_id": 62261700091, "sword_width": 2308.0, "sword_dist_out": 1588997.7273485686, "file": "62261700090341_1588997.txt" }, "geometry": { "type": "Point", "coordinates": [ -59.332778962477285, -4.032540538655333 ] } },
{ "type": "Feature", "properties": { "fid": 356, "sword_node_id": 62261700090281, "sword_reach_id": 62261700091, "sword_width": 1515.0, "sword_dist_out": 1587832.0258061832, "file": "62261700090281_1587832.txt" }, "geometry": { "type": "Point", "coordinates": [ -59.32769234285599, -4.023521767448801 ] } },
{ "type": "Feature", "properties": { "fid": 357, "sword_node_id": 62261700090031, "sword_reach_id": 62261700091, "sword_width": 1468.5, "sword_dist_out": 1582862.5185328624, "file": "62261700090031_1582862.txt" }, "geometry": { "type": "Point", "coordinates": [ -59.311236710146034, -3.982105559634391 ] } },
{ "type": "Feature", "properties": { "fid": 358, "sword_node_id": 62261700080201, "sword_reach_id": 62261700081, "sword_width": 1257.0, "sword_dist_out": 1577930.8027292669, "file": "62261700080201_1577930.txt" }, "geometry": { "type": "Point", "coordinates": [ -59.275086161609963, -3.955939167417407 ] } },
{ "type": "Feature", "properties": { "fid": 359, "sword_node_id": 62261700070371, "sword_reach_id": 62261700071, "sword_width": 1631.0, "sword_dist_out": 1573000.8976178919, "file": "62261700070371_1573000.txt" }, "geometry": { "type": "Point", "coordinates": [ -59.233555979243491, -3.939587583066507 ] } },
{ "type": "Feature", "properties": { "fid": 360, "sword_node_id": 62261700070111, "sword_reach_id": 62261700071, "sword_width": 2078.5, "sword_dist_out": 1567838.5849324311, "file": "62261700070111_1567838.txt" }, "geometry": { "type": "Point", "coordinates": [ -59.192203064914409, -3.919088317538678 ] } },
{ "type": "Feature", "properties": { "fid": 361, "sword_node_id": 62261700060691, "sword_reach_id": 62261700061, "sword_width": 2112.0, "sword_dist_out": 1564669.6252414724, "file": "62261700060691_1564669.txt" }, "geometry": { "type": "Point", "coordinates": [ -59.168822970701733, -3.903982803720255 ] } },
{ "type": "Feature", "properties": { "fid": 362, "sword_node_id": 62261700060451, "sword_reach_id": 62261700061, "sword_width": 1785.0, "sword_dist_out": 1559846.6723826034, "file": "62261700060451_1559846.txt" }, "geometry": { "type": "Point", "coordinates": [ -59.125345619881251, -3.894850213604647 ] } },
{ "type": "Feature", "properties": { "fid": 363, "sword_node_id": 62261700060211, "sword_reach_id": 62261700061, "sword_width": 1801.0, "sword_dist_out": 1554996.8063589691, "file": "62261700060211_1554996_fid363.txt" }, "geometry": { "type": "Point", "coordinates": [ -59.089953161213529, -3.872251625559284 ] } },
{ "type": "Feature", "properties": { "fid": 364, "sword_node_id": 62261700060211, "sword_reach_id": 62261700061, "sword_width": 1801.0, "sword_dist_out": 1554996.8063589691, "file": "62261700060211_1554996_fid364.txt" }, "geometry": { "type": "Point", "coordinates": [ -59.089757390408209, -3.872603627056773 ] } },
{ "type": "Feature", "properties": { "fid": 365, "sword_node_id": 62261700050911, "sword_reach_id": 62261700051, "sword_width": 2571.0, "sword_dist_out": 1550370.0926400966, "file": "62261700050911_1550370.txt" }, "geometry": { "type": "Point", "coordinates": [ -59.062820549760275, -3.83922267820896 ] } },
{ "type": "Feature", "properties": { "fid": 366, "sword_node_id": 62261700050671, "sword_reach_id": 62261700051, "sword_width": 1553.0, "sword_dist_out": 1545593.9174101737, "file": "62261700050671_1545593.txt" }, "geometry": { "type": "Point", "coordinates": [ -59.049114442925173, -3.798107982706059 ] } },
{ "type": "Feature", "properties": { "fid": 367, "sword_node_id": 62261700050421, "sword_reach_id": 62261700051, "sword_width": 804.0, "sword_dist_out": 1540541.4646843793, "file": "62261700050421_1540541.txt" }, "geometry": { "type": "Point", "coordinates": [ -59.059791639538417, -3.757148249950411 ] } },
{ "type": "Feature", "properties": { "fid": 368, "sword_node_id": 62261700050171, "sword_reach_id": 62261700051, "sword_width": 1930.0, "sword_dist_out": 1535548.2279652818, "file": "62261700050171_1535548.txt" }, "geometry": { "type": "Point", "coordinates": [ -59.084405281455616, -3.719388608927257 ] } },
{ "type": "Feature", "properties": { "fid": 369, "sword_node_id": 62261700050041, "sword_reach_id": 62261700051, "sword_width": 1981.0, "sword_dist_out": 1532952.0553403532, "file": "62261700050041_1532952.txt" }, "geometry": { "type": "Point", "coordinates": [ -59.094091415499157, -3.697803095594501 ] } },
{ "type": "Feature", "properties": { "fid": 370, "sword_node_id": 62261700040651, "sword_reach_id": 62261700041, "sword_width": 1108.0, "sword_dist_out": 1530531.5264623505, "file": "62261700040651_1530531.txt" }, "geometry": { "type": "Point", "coordinates": [ -59.083008183984134, -3.678426769996797 ] } },
{ "type": "Feature", "properties": { "fid": 371, "sword_node_id": 62261700040351, "sword_reach_id": 62261700041, "sword_width": 1647.0, "sword_dist_out": 1524525.5743608894, "file": "62261700040351_1524525.txt" }, "geometry": { "type": "Point", "coordinates": [ -59.041853706401568, -3.643962782087334 ] } },
{ "type": "Feature", "properties": { "fid": 372, "sword_node_id": 62261700040091, "sword_reach_id": 62261700041, "sword_width": 2355.0, "sword_dist_out": 1519345.142052955, "file": "62261700040091_1519345.txt" }, "geometry": { "type": "Point", "coordinates": [ -59.002820498417002, -3.619389391194185 ] } },
{ "type": "Feature", "properties": { "fid": 373, "sword_node_id": 62261700030281, "sword_reach_id": 62261700031, "sword_width": 2934.0, "sword_dist_out": 1514345.7113309065, "file": "62261700030281_1514345.txt" }, "geometry": { "type": "Point", "coordinates": [ -58.961574245007377, -3.602256260508054 ] } },
{ "type": "Feature", "properties": { "fid": 374, "sword_node_id": 62261700030121, "sword_reach_id": 62261700031, "sword_width": 2962.0, "sword_dist_out": 1511162.4248930088, "file": "62261700030121_1511162.txt" }, "geometry": { "type": "Point", "coordinates": [ -58.939165150928268, -3.584594769715998 ] } },
{ "type": "Feature", "properties": { "fid": 375, "sword_node_id": 62261700030011, "sword_reach_id": 62261700031, "sword_width": 2690.0, "sword_dist_out": 1508985.7155864057, "file": "62261700030011_1508985.txt" }, "geometry": { "type": "Point", "coordinates": [ -58.920754449868127, -3.572966742098913 ] } },
{ "type": "Feature", "properties": { "fid": 376, "sword_node_id": 62261700020031, "sword_reach_id": 62261700021, "sword_width": 3022.5, "sword_dist_out": 1507814.4377434179, "file": "62261700020031_1507814.txt" }, "geometry": { "type": "Point", "coordinates": [ -58.918825848235699, -3.562864095340534 ] } },
{ "type": "Feature", "properties": { "fid": 377, "sword_node_id": 62261700010771, "sword_reach_id": 62261700011, "sword_width": 2275.5, "sword_dist_out": 1507013.2632609997, "file": "62261700010771_1507013.txt" }, "geometry": { "type": "Point", "coordinates": [ -58.917189876698259, -3.555171615959132 ] } }
]
}
